relative_path,kind,target,date,read_ok,error,sha256,size_bytes,shape,finite_fraction,minimum,median,maximum,saturated_fraction_4095,object,date_obs,mjd_obs,exptime,has_required_science_headers
database\observations\2026-08-06\TRES-1\session_01\TRES-1260806073422.fits,science,TRES-1,2026-08-06,True,,e831b6cba5f82493b144cfc3eac03b2530e00d257857efcbaba2ae801f2a5313,656640,500x650,1.0,201.0,377.0,3195.0,0.0,TRES-1,2026-08-06T00:34:22.622-0700,61258.316,60.0,True
database\observations\2026-08-06\TRES-1\session_01\TRES-1260806073617.fits,science,TRES-1,2026-08-06,True,,69abc783caf1bfc97a24455ea9bcf29ceb65639bca45d2cfbb65e938c51201fd,656640,500x650,1.0,199.0,379.0,3075.0,0.0,TRES-1,2026-08-06T00:36:17.324-0700,61258.317,60.0,True
database\observations\2026-08-06\TRES-1\session_01\TRES-1260806073917.fits,science,TRES-1,2026-08-06,True,,e2992c7cbb27e55a8d0edffb80c6e68a574e2cadcefa05491522fe6bf3a1531a,656640,500x650,1.0,200.0,377.0,3191.0,0.0,TRES-1,2026-08-06T00:39:17.185-0700,61258.319,60.0,True
database\observations\2026-08-06\TRES-1\session_01\TRES-1260806074222.fits,science,TRES-1,2026-08-06,True,,8751837eae80e7a8bf05d81b122cc88f0925d82778398c2406f02ca85d305999,656640,500x650,1.0,200.0,378.0,2788.0,0.0,TRES-1,2026-08-06T00:42:22.170-0700,61258.321,60.0,True
database\observations\2026-08-06\TRES-1\session_01\TRES-1260806074515.fits,science,TRES-1,2026-08-06,True,,844c320783bed55af83d49c9edd881e36fce73d75d31786e6db48859f2899f97,656640,500x650,1.0,200.0,378.0,2961.0,0.0,TRES-1,2026-08-06T00:45:15.981-0700,61258.323,60.0,True
database\observations\2026-08-06\TRES-1\session_01\TRES-1260806074834.fits,science,TRES-1,2026-08-06,True,,ff1ae041b8751d9a0651d079f4ae141a647b6808f28209a4642eb882e3a76823,656640,500x650,1.0,202.0,380.0,2933.0,0.0,TRES-1,2026-08-06T00:48:34.961-0700,61258.325,60.0,True
database\observations\2026-08-06\TRES-1\session_01\TRES-1260806075116.fits,science,TRES-1,2026-08-06,True,,8e4acf4b80b4ebb78573e1b1a5ce8ae46b0e3e693cf81c9564a98b5dc6171e1e,656640,500x650,1.0,200.0,378.0,2825.0,0.0,TRES-1,2026-08-06T00:51:16.069-0700,61258.327,60.0,True
database\observations\2026-08-06\TRES-1\session_01\TRES-1260806075417.fits,science,TRES-1,2026-08-06,True,,e69e3d8919289d7f585158a5692bfc5e4f64966ed2becb7153d09fb5fd763486,656640,500x650,1.0,200.0,380.0,2752.0,0.0,TRES-1,2026-08-06T00:54:17.795-0700,61258.329,60.0,True
database\observations\2026-08-06\TRES-1\session_01\TRES-1260806075727.fits,science,TRES-1,2026-08-06,True,,c8e4e9e8b9788989ab509f35ba49300473cc1d6ee0d1a76a1ea9ac5dacdeb002,656640,500x650,1.0,200.0,382.0,2805.0,0.0,TRES-1,2026-08-06T00:57:27.502-0700,61258.332,60.0,True
database\observations\2026-08-06\TRES-1\session_01\TRES-1260806080016.fits,science,TRES-1,2026-08-06,True,,95f4aaae26bad8ea7d29e063b4b667e09ec8e7540e931b0528817707809a3977,656640,500x650,1.0,201.0,382.0,3164.0,0.0,TRES-1,2026-08-06T01:00:16.336-0700,61258.334,60.0,True
database\observations\2026-08-06\TRES-1\session_01\TRES-1260806080337.fits,science,TRES-1,2026-08-06,True,,87329a73feccd709a9d58a9bd21e4ac9c6775e991ea6eac61a828b4bab4474f6,656640,500x650,1.0,202.0,383.0,3082.0,0.0,TRES-1,2026-08-06T01:03:37.595-0700,61258.336,60.0,True
database\observations\2026-08-06\TRES-1\session_01\TRES-1260806080615.fits,science,TRES-1,2026-08-06,True,,8ac760d9cccfe25a327f27d7740e50bc5f1d58ae87475976962b92a682600e45,656640,500x650,1.0,201.0,384.0,3175.0,0.0,TRES-1,2026-08-06T01:06:15.223-0700,61258.338,60.0,True
database\observations\2026-08-06\TRES-1\session_01\TRES-1260806080916.fits,science,TRES-1,2026-08-06,True,,d86db948a12cd35809428c5e2492f50f1a81bb24eab267aca160db8cc7d725cb,656640,500x650,1.0,200.0,384.0,3018.0,0.0,TRES-1,2026-08-06T01:09:16.570-0700,61258.34,60.0,True
database\observations\2026-08-06\TRES-1\session_01\TRES-1260806081236.fits,science,TRES-1,2026-08-06,True,,3cc6fbeaf087ffc1fd43d53df09c94eadec22aa28f3d961be801fafbfee873c4,656640,500x650,1.0,199.0,387.0,2816.0,0.0,TRES-1,2026-08-06T01:12:36.832-0700,61258.342,60.0,True
database\observations\2026-08-06\TRES-1\session_01\TRES-1260806081516.fits,science,TRES-1,2026-08-06,True,,f6701114a73a0f90466930e47fd92adf4f5c6c17f5d3cedd6a4c7d123d6ce881,656640,500x650,1.0,199.0,388.0,3112.0,0.0,TRES-1,2026-08-06T01:15:16.827-0700,61258.344,60.0,True
database\observations\2026-08-06\TRES-1\session_01\TRES-1260806081815.fits,science,TRES-1,2026-08-06,True,,bce5d8fa8ec13c2774b93df882887271d2d5c257b4b0a1883d54642bedcf3062,656640,500x650,1.0,201.0,391.0,2878.0,0.0,TRES-1,2026-08-06T01:18:15.822-0700,61258.346,60.0,True
database\observations\2026-08-06\TRES-1\session_01\TRES-1260806082127.fits,science,TRES-1,2026-08-06,True,,1f5b9ce2c2098bd20a4e3b2a3dc9a51160809b4799e27e18303682d28dc04bc3,656640,500x650,1.0,202.0,393.0,3205.0,0.0,TRES-1,2026-08-06T01:21:27.062-0700,61258.348,60.0,True
database\observations\2026-08-06\TRES-1\session_01\TRES-1260806082415.fits,science,TRES-1,2026-08-06,True,,407b328abde486eaaf5be1f897b6f99f5ac78dd4d285693371f7c15a10e15547,656640,500x650,1.0,200.0,393.0,3183.0,0.0,TRES-1,2026-08-06T01:24:15.942-0700,61258.35,60.0,True
database\observations\2026-08-06\TRES-1\session_01\TRES-1260806082715.fits,science,TRES-1,2026-08-06,True,,690e1075a0e48dda08f73bbfdec7fbd176429be6dc5344d6d9bb07d089d052f8,656640,500x650,1.0,202.0,394.0,2707.0,0.0,TRES-1,2026-08-06T01:27:15.425-0700,61258.352,60.0,True
database\observations\2026-08-06\TRES-1\session_01\TRES-1260806083024.fits,science,TRES-1,2026-08-06,True,,d67817f42cb68aae8b19546d19cc8c6c02262f0551584d3815d1fea495051744,656640,500x650,1.0,200.0,395.0,3137.0,0.0,TRES-1,2026-08-06T01:30:24.327-0700,61258.354,60.0,True
database\observations\2026-08-06\TRES-1\session_01\TRES-1260806083316.fits,science,TRES-1,2026-08-06,True,,4920c32964c174f40fea3365e79c4abcd8b819eda51b13be6dcb2243e648602f,656640,500x650,1.0,201.0,395.0,3156.0,0.0,TRES-1,2026-08-06T01:33:16.725-0700,61258.356,60.0,True
database\observations\2026-08-06\TRES-1\session_01\TRES-1260806083633.fits,science,TRES-1,2026-08-06,True,,55e7ab81d26153f6db6c03a08d336f922c9b10b458b1fd6078f2dace6b780b21,656640,500x650,1.0,202.0,395.0,3168.0,0.0,TRES-1,2026-08-06T01:36:33.587-0700,61258.359,60.0,True
database\observations\2026-08-06\TRES-1\session_01\TRES-1260806083915.fits,science,TRES-1,2026-08-06,True,,e026d47fa6d17f6cc9083cfe6471277a2e593c8a011450c68305360dfd58b0b2,656640,500x650,1.0,200.0,397.0,3175.0,0.0,TRES-1,2026-08-06T01:39:15.453-0700,61258.361,60.0,True
database\observations\2026-08-06\TRES-1\session_01\TRES-1260806084216.fits,science,TRES-1,2026-08-06,True,,3fc14bc35dd31208bc577e1c9125b340dbe27426b3627609a34607f796fc0d82,656640,500x650,1.0,200.0,398.0,3104.0,0.0,TRES-1,2026-08-06T01:42:16.054-0700,61258.363,60.0,True
database\observations\2026-08-06\TRES-1\session_01\TRES-1260806084527.fits,science,TRES-1,2026-08-06,True,,e61270e292094406e54aaced44c0e4d9a6d713a307ebf2fb65216b4d5d44b678,656640,500x650,1.0,202.0,400.0,2684.0,0.0,TRES-1,2026-08-06T01:45:27.961-0700,61258.365,60.0,True
database\observations\2026-08-06\TRES-1\session_01\TRES-1260806084815.fits,science,TRES-1,2026-08-06,True,,fcf2bed47afa99227c08c28139a1940f6cf4a5e9a4c3fdc41cf05b06713ae3e4,656640,500x650,1.0,201.0,403.0,3154.0,0.0,TRES-1,2026-08-06T01:48:15.583-0700,61258.367,60.0,True
database\observations\2026-08-06\TRES-1\session_01\TRES-1260806085115.fits,science,TRES-1,2026-08-06,True,,6031aa8f8e3ea5bcb972b01040eb7268064c8dac3f2b9a9a8ff635a7e5e71555,656640,500x650,1.0,200.0,405.0,2761.0,0.0,TRES-1,2026-08-06T01:51:15.452-0700,61258.369,60.0,True
database\observations\2026-08-06\TRES-1\session_01\TRES-1260806085422.fits,science,TRES-1,2026-08-06,True,,c10df592fc60ff099e7356c92420fe60aa3940f1fe788f33025aa10b91fdae71,656640,500x650,1.0,201.0,408.0,2702.0,0.0,TRES-1,2026-08-06T01:54:23.015-0700,61258.371,60.0,True
database\observations\2026-08-06\TRES-1\session_01\TRES-1260806085715.fits,science,TRES-1,2026-08-06,True,,1c1d494828f3bd2ecd4ed066cc64294ee2b5f970311b61d7ef3b7dd9cb1c301f,656640,500x650,1.0,201.0,411.0,2863.0,0.0,TRES-1,2026-08-06T01:57:15.213-0700,61258.373,60.0,True
database\observations\2026-08-06\TRES-1\session_01\TRES-1260806090033.fits,science,TRES-1,2026-08-06,True,,a8bc84d85e61ac349095257f56a434858843524356d2b003b41cad00226aea25,656640,500x650,1.0,201.0,412.0,3104.0,0.0,TRES-1,2026-08-06T02:00:33.239-0700,61258.375,60.0,True
database\observations\2026-08-06\TRES-1\session_01\TRES-1260806090316.fits,science,TRES-1,2026-08-06,True,,6da1a95766a2726dce5b87c7a4726d2203c3bdb54bd51b619ec4dbb58a474966,656640,500x650,1.0,203.0,412.0,3200.0,0.0,TRES-1,2026-08-06T02:03:16.845-0700,61258.377,60.0,True
database\observations\2026-08-06\TRES-1\session_01\TRES-1260806090615.fits,science,TRES-1,2026-08-06,True,,864c82d5f95b18057640005405328bfd193624407c8b54a3b5db6eedb839716c,656640,500x650,1.0,202.0,410.0,3014.0,0.0,TRES-1,2026-08-06T02:06:15.398-0700,61258.379,60.0,True
database\observations\2026-08-06\TRES-1\session_01\TRES-1260806090928.fits,science,TRES-1,2026-08-06,True,,0d2d66cda63a6680944d8478f674b836f5ac67e69f1b0479e0a90eec7ab959dc,656640,500x650,1.0,200.0,408.0,3115.0,0.0,TRES-1,2026-08-06T02:09:28.304-0700,61258.382,60.0,True
database\observations\2026-08-06\TRES-1\session_01\TRES-1260806091215.fits,science,TRES-1,2026-08-06,True,,bd0dcd720c9aa1bd37548e1521cc52441f25496cd012a207e8b56c5fae67fc66,656640,500x650,1.0,201.0,409.0,3138.0,0.0,TRES-1,2026-08-06T02:12:15.556-0700,61258.384,60.0,True
database\observations\2026-08-06\TRES-1\session_01\TRES-1260806091516.fits,science,TRES-1,2026-08-06,True,,cc426308e04ef3e88ca6677cffaabfe023504a3da08fc91b55c291580447e12c,656640,500x650,1.0,202.0,413.0,3127.0,0.0,TRES-1,2026-08-06T02:15:16.378-0700,61258.386,60.0,True
database\observations\2026-08-06\TRES-1\session_01\TRES-1260806091823.fits,science,TRES-1,2026-08-06,True,,2918783a541d96a6a510c3c48710cc66e1af50469eb82bf05f6a1e16f01ad716,656640,500x650,1.0,200.0,416.0,3166.0,0.0,TRES-1,2026-08-06T02:18:23.719-0700,61258.388,60.0,True
database\observations\2026-08-06\TRES-1\session_01\TRES-1260806092116.fits,science,TRES-1,2026-08-06,True,,0dd4d90faa51014c668669d67207206f757458294eb80d1510c08ff34ea500c4,656640,500x650,1.0,202.0,422.0,2678.0,0.0,TRES-1,2026-08-06T02:21:16.018-0700,61258.39,60.0,True
database\observations\2026-08-06\TRES-1\session_01\TRES-1260806092434.fits,science,TRES-1,2026-08-06,True,,6040eb5deb4733e169b7d36e5ddf224442de0ffab57434eef79b2ea943fc103a,656640,500x650,1.0,202.0,427.0,2676.0,0.0,TRES-1,2026-08-06T02:24:34.395-0700,61258.392,60.0,True
database\observations\2026-08-06\TRES-1\session_01\TRES-1260806092716.fits,science,TRES-1,2026-08-06,True,,74e10432c33feddbfc95f93849651a2f3b05e0ff89e647f372ed4e26adeb1c69,656640,500x650,1.0,202.0,432.0,3190.0,0.0,TRES-1,2026-08-06T02:27:16.247-0700,61258.394,60.0,True
database\observations\2026-08-06\TRES-1\session_01\TRES-1260806093016.fits,science,TRES-1,2026-08-06,True,,94faaa5ec0c6d9df5bd2c6e135897f88734b998136654ce2f4e0de2e024f47f0,656640,500x650,1.0,204.0,439.0,2711.0,0.0,TRES-1,2026-08-06T02:30:16.226-0700,61258.396,60.0,True
database\observations\2026-08-06\TRES-1\session_01\TRES-1260806093333.fits,science,TRES-1,2026-08-06,True,,b0d4773bca49d1b2da0b1f51ad60f18d1f4a8dcb59256a5f5aadc990f9a0a5fd,656640,500x650,1.0,203.0,448.0,3212.0,0.0,TRES-1,2026-08-06T02:33:33.026-0700,61258.398,60.0,True
database\observations\2026-08-06\TRES-1\session_01\TRES-1260806093615.fits,science,TRES-1,2026-08-06,True,,051b5c8d3af00b179b1f380c68a4dd71faa1acb8cc4a90d10cd2396ac155e3cc,656640,500x650,1.0,204.0,455.0,2889.0,0.0,TRES-1,2026-08-06T02:36:15.675-0700,61258.4,60.0,True
database\observations\2026-08-06\TRES-1\session_01\TRES-1260806093915.fits,science,TRES-1,2026-08-06,True,,0d4cfd28898a51b62542ba05a5b91e723683ae7a058d2ea510b932f742d02e0a,656640,500x650,1.0,204.0,458.0,2934.0,0.0,TRES-1,2026-08-06T02:39:15.399-0700,61258.402,60.0,True
database\observations\2026-08-06\TRES-1\session_01\TRES-1260806094228.fits,science,TRES-1,2026-08-06,True,,a7326372d99d23e847220be059e8b40802d7838ac8ab6346848b6ca1d1871caf,656640,500x650,1.0,205.0,464.0,3198.0,0.0,TRES-1,2026-08-06T02:42:28.181-0700,61258.404,60.0,True
database\observations\2026-08-06\TRES-1\session_01\TRES-1260806094515.fits,science,TRES-1,2026-08-06,True,,3982ab4d3c66495ea79b283ed6aa541e51e30d10d352be8fe692a2fa811783e9,656640,500x650,1.0,203.0,472.0,2654.0,0.0,TRES-1,2026-08-06T02:45:15.419-0700,61258.406,60.0,True
database\observations\2026-08-06\TRES-1\session_01\TRES-1260806094815.fits,science,TRES-1,2026-08-06,True,,89976843fb4383ff1c76710f6b61a53da74d6392ec3dc93acb31884042e7b77f,656640,500x650,1.0,206.0,481.0,2721.0,0.0,TRES-1,2026-08-06T02:48:15.483-0700,61258.409,60.0,True
database\observations\2026-08-06\TRES-1\session_01\TRES-1260806095128.fits,science,TRES-1,2026-08-06,True,,bf32e44c11903caf3368dd041354d29e5ef6c4cc30fce936432283d3dffb0557,656640,500x650,1.0,205.0,492.0,2805.0,0.0,TRES-1,2026-08-06T02:51:28.405-0700,61258.411,60.0,True
database\observations\2026-08-06\TRES-1\session_01\TRES-1260806095415.fits,science,TRES-1,2026-08-06,True,,8915975c3aeb9a27adc4ee6d2aa7f3880f5dfff7b76f4230dff9d7d20992e0f1,656640,500x650,1.0,206.0,492.0,2594.0,0.0,TRES-1,2026-08-06T02:54:15.168-0700,61258.413,60.0,True
database\observations\2026-08-06\TRES-1\session_01\TRES-1260806095736.fits,science,TRES-1,2026-08-06,True,,17c7519cbb25e768768f13eff253456f01494eb7343648ee8ab9101398a3d1bd,656640,500x650,1.0,204.0,487.0,2626.0,0.0,TRES-1,2026-08-06T02:57:36.652-0700,61258.415,60.0,True
database\observations\2026-08-06\TRES-1\session_01\TRES-1260806100015.fits,science,TRES-1,2026-08-06,True,,3ac606c0abdf5ae34d7398e271655bceada1817f9935afb4b7cba112c1aafe2b,656640,500x650,1.0,207.0,493.0,2638.0,0.0,TRES-1,2026-08-06T03:00:15.373-0700,61258.417,60.0,True
database\observations\2026-08-06\TRES-1\session_01\TRES-1260806100315.fits,science,TRES-1,2026-08-06,True,,a438a84cf11b2a8226a1f0d3892cea8487051453587e1c49844005853b482648,656640,500x650,1.0,205.0,490.0,2644.0,0.0,TRES-1,2026-08-06T03:03:15.617-0700,61258.419,60.0,True
database\observations\2026-08-06\TRES-1\session_01\TRES-1260806100634.fits,science,TRES-1,2026-08-06,True,,7da2b057f8ebbc7bf72731580041bbd1f13a109c7821ebc0622dfc40721f20e1,656640,500x650,1.0,203.0,488.0,2764.0,0.0,TRES-1,2026-08-06T03:06:34.613-0700,61258.421,60.0,True
database\observations\2026-08-06\TRES-1\session_01\TRES-1260806100915.fits,science,TRES-1,2026-08-06,True,,77eb6d63cb3cb3cb92fa4a6cc5a85267ef4ae6bc2c7d29d3d659bec37c7a3e64,656640,500x650,1.0,205.0,488.0,2860.0,0.0,TRES-1,2026-08-06T03:09:15.755-0700,61258.423,60.0,True
database\observations\2026-08-06\TRES-1\session_01\TRES-1260806101215.fits,science,TRES-1,2026-08-06,True,,f1c10fab391cc43a5bdd3bdf680c0fd3060964d8a79b71fd652ca669e680348b,656640,500x650,1.0,207.0,509.0,2882.0,0.0,TRES-1,2026-08-06T03:12:15.995-0700,61258.425,60.0,True
database\observations\2026-08-06\TRES-1\session_01\TRES-1260806101528.fits,science,TRES-1,2026-08-06,True,,076e1a06d5219ec56e4bc3dff9854b05c5b7a51fe09969e5348d32f0f95dc659,656640,500x650,1.0,206.0,524.0,2920.0,0.0,TRES-1,2026-08-06T03:15:28.198-0700,61258.427,60.0,True
database\observations\2026-08-06\TRES-1\session_01\TRES-1260806101815.fits,science,TRES-1,2026-08-06,True,,39cd179a4b3f11ba9dd5680cc73d6e86d13cb4194bc87d628341c342426a8ca9,656640,500x650,1.0,209.0,533.0,2885.0,0.0,TRES-1,2026-08-06T03:18:15.952-0700,61258.429,60.0,True
database\observations\2026-08-06\TRES-1\session_01\TRES-1260806102115.fits,science,TRES-1,2026-08-06,True,,3f30c104ce9f5de698ce66ef8611cb2b9a2903d91ed2333c4eac3deaaff50cd5,656640,500x650,1.0,207.0,530.0,2730.0,0.0,TRES-1,2026-08-06T03:21:15.812-0700,61258.431,60.0,True
database\observations\2026-08-06\TRES-1\session_01\TRES-1260806102425.fits,science,TRES-1,2026-08-06,True,,ad313629446817edc3492c161bfd5063664c810f1172618c0296ce7511e4e607,656640,500x650,1.0,209.0,533.0,2761.0,0.0,TRES-1,2026-08-06T03:24:25.998-0700,61258.434,60.0,True
database\observations\2026-08-06\TRES-1\session_01\TRES-1260806102715.fits,science,TRES-1,2026-08-06,True,,501380db0e2ada21e5e8c2c76640d8a8207ef4290c5b7aa7a1fe71483f9e82a8,656640,500x650,1.0,208.0,510.0,2950.0,0.0,TRES-1,2026-08-06T03:27:15.668-0700,61258.436,60.0,True
database\observations\2026-08-06\TRES-1\session_01\TRES-1260806103315.fits,science,TRES-1,2026-08-06,True,,10cd02c39225bf3336e8c539ff10bd1802415015e18f0d446c4a407e883bd5a8,656640,500x650,1.0,210.0,571.0,3040.0,0.0,TRES-1,2026-08-06T03:33:15.855-0700,61258.44,60.0,True
database\observations\2026-08-06\TRES-1\session_01\TRES-1260806103616.fits,science,TRES-1,2026-08-06,True,,16fd3a9d6868883bb64a4316d706c06760faa769fb14e0f17ac80ed81619faa9,656640,500x650,1.0,211.0,569.0,3074.0,0.0,TRES-1,2026-08-06T03:36:16.687-0700,61258.442,60.0,True
database\observations\2026-08-06\TRES-1\session_01\TRES-1260806103933.fits,science,TRES-1,2026-08-06,True,,87460aaad936387dc825791769dfb486ba201be8041edd639e1b2e33613f6023,656640,500x650,1.0,209.0,566.0,2867.0,0.0,TRES-1,2026-08-06T03:39:33.565-0700,61258.444,60.0,True
database\observations\2026-08-06\TRES-1\session_01\TRES-1260806104216.fits,science,TRES-1,2026-08-06,True,,fe56073c90e241ce1ef2f35064fdf57e0cb22feb88458599f8deb827fc7d2f37,656640,500x650,1.0,210.0,572.0,2884.0,0.0,TRES-1,2026-08-06T03:42:16.271-0700,61258.446,60.0,True
database\observations\2026-08-06\TRES-1\session_01\TRES-1260806104516.fits,science,TRES-1,2026-08-06,True,,6ca2b5a0abd82f39e62c852329bb467c326005d8d32d187fe2a533225e4809e6,656640,500x650,1.0,212.0,589.0,2899.0,0.0,TRES-1,2026-08-06T03:45:16.498-0700,61258.448,60.0,True
database\observations\2026-08-06\TRES-1\session_01\TRES-1260806104830.fits,science,TRES-1,2026-08-06,True,,81c99ab752d4d26afeab2453972ce6d31757df0a94aad4a7451c0eac8b530952,656640,500x650,1.0,212.0,592.0,3146.0,0.0,TRES-1,2026-08-06T03:48:30.339-0700,61258.45,60.0,True
database\observations\2026-08-06\TRES-1\session_01\TRES-1260806105116.fits,science,TRES-1,2026-08-06,True,,e0b07431bdae0886cad09523178f32dc3c4915b7d169b9890921be7292b97f5c,656640,500x650,1.0,212.0,580.0,2908.0,0.0,TRES-1,2026-08-06T03:51:16.765-0700,61258.452,60.0,True
database\observations\2026-08-06\TRES-1\session_01\TRES-1260806105416.fits,science,TRES-1,2026-08-06,True,,6bdf5e71cb015d5a2f095e764bc9d8a8dce0b2e33b77185575bf5de9a95a4e86,656640,500x650,1.0,213.0,614.0,3174.0,0.0,TRES-1,2026-08-06T03:54:16.686-0700,61258.454,60.0,True
database\observations\2026-08-06\TRES-1\session_01\TRES-1260806105727.fits,science,TRES-1,2026-08-06,True,,113c40d5a6f6d33fdec5ccc038d4aaf9cb93ca34fed841bfd645402500652d0b,656640,500x650,1.0,214.0,609.0,3071.0,0.0,TRES-1,2026-08-06T03:57:27.619-0700,61258.457,60.0,True
database\observations\2026-08-06\TRES-1\session_01\TRES-1260806110016.fits,science,TRES-1,2026-08-06,True,,aa56120b13b25ea6d19efe7f7567355e12cb6f2847998475636a61f778eba26e,656640,500x650,1.0,208.0,553.0,3053.0,0.0,TRES-1,2026-08-06T04:00:16.270-0700,61258.459,60.0,True
database\observations\2026-08-06\TRES-1\session_01\TRES-1260806110315.fits,science,TRES-1,2026-08-06,True,,35dd09dff154a8c88a15036111f45c79950cf139f945ae0b42152b81b36e8621,656640,500x650,1.0,209.0,555.0,3053.0,0.0,TRES-1,2026-08-06T04:03:15.383-0700,61258.461,60.0,True
database\observations\2026-08-06\TRES-1\session_01\TRES-1260806110626.fits,science,TRES-1,2026-08-06,True,,225cf14c03f9aeadfba963086094ea99a8a90dec34a6e6929abec3c494f761a3,656640,500x650,1.0,212.0,581.0,2995.0,0.0,TRES-1,2026-08-06T04:06:26.707-0700,61258.463,60.0,True
database\observations\2026-08-06\TRES-1\session_01\TRES-1260806110916.fits,science,TRES-1,2026-08-06,True,,9f28a7c346b33bdf77800cac39b4539c98e681f289e4f4e3007e024555e32188,656640,500x650,1.0,210.0,553.0,2911.0,0.0,TRES-1,2026-08-06T04:09:16.311-0700,61258.465,60.0,True
database\observations\2026-08-06\TRES-1\session_01\TRES-1260806111236.fits,science,TRES-1,2026-08-06,True,,7dfe6811d9e62978d9e0a941f01ff750da47993319a31f62027ddcb207050c51,656640,500x650,1.0,209.0,554.0,3019.0,0.0,TRES-1,2026-08-06T04:12:36.405-0700,61258.467,60.0,True
database\observations\2026-08-06\TRES-1\session_01\TRES-1260806111515.fits,science,TRES-1,2026-08-06,True,,772358e190254417d47f96a8340135e486f3561ecdc5b68a8c5feb860310a00a,656640,500x650,1.0,209.0,559.0,2868.0,0.0,TRES-1,2026-08-06T04:15:15.950-0700,61258.469,60.0,True
database\observations\2026-08-06\TRES-1\session_01\TRES-1260806111816.fits,science,TRES-1,2026-08-06,True,,985e34918f7c895d4b7c68ebe9d061206a9ae6640569cb0f87625d0f8944d2de,656640,500x650,1.0,211.0,601.0,2927.0,0.0,TRES-1,2026-08-06T04:18:16.895-0700,61258.471,60.0,True
database\observations\2026-08-06\TRES-1\session_01\TRES-1260806112133.fits,science,TRES-1,2026-08-06,True,,aae79275b26276045516e2b84d077f1beb8981e381e923ff6c1e7457f37cacd8,656640,500x650,1.0,212.0,590.0,2930.0,0.0,TRES-1,2026-08-06T04:21:33.977-0700,61258.473,60.0,True
database\observations\2026-08-06\TRES-1\session_01\TRES-1260806112416.fits,science,TRES-1,2026-08-06,True,,e581640bec5054a91f577836f2bc8863ebab965dddb7334bb0837134412f7aca,656640,500x650,1.0,213.0,613.0,2954.0,0.0,TRES-1,2026-08-06T04:24:16.699-0700,61258.475,60.0,True
database\observations\2026-08-06\TRES-1\session_01\TRES-1260806112717.fits,science,TRES-1,2026-08-06,True,,b286dd34f2e88e07bc9d6fbbbaebfefadeb249a086c17d33831a009c32bbe5fc,656640,500x650,1.0,212.0,619.0,2964.0,0.0,TRES-1,2026-08-06T04:27:17.655-0700,61258.477,60.0,True
database\observations\2026-08-06\TRES-1\session_01\TRES-1260806113030.fits,science,TRES-1,2026-08-06,True,,32afa0384e6ab0c24036f1bbd06d93fd81b4a7327faaac0ffde934dd7945ebda,656640,500x650,1.0,212.0,609.0,2924.0,0.0,TRES-1,2026-08-06T04:30:30.680-0700,61258.48,60.0,True
database\observations\2026-08-06\TRES-1\session_01\TRES-1260806113317.fits,science,TRES-1,2026-08-06,True,,bf39f40ccf3a961d3d55e78b8fdc599a896e854d279673623a010c5b51178f4a,656640,500x650,1.0,212.0,601.0,2950.0,0.0,TRES-1,2026-08-06T04:33:17.222-0700,61258.481,60.0,True
database\observations\2026-08-06\TRES-1\session_01\TRES-1260806113615.fits,science,TRES-1,2026-08-06,True,,48b3d94423df6e34c451e48b1690196dc66e485bda22c3009bc845050feb133d,656640,500x650,1.0,213.0,605.0,2900.0,0.0,TRES-1,2026-08-06T04:36:15.978-0700,61258.484,60.0,True
database\observations\2026-08-06\TRES-1\session_01\TRES-1260806113928.fits,science,TRES-1,2026-08-06,True,,2497c307045114d876f532bad86348bd00932f104d0c5045322bebb4358c2e52,656640,500x650,1.0,209.0,545.0,2861.0,0.0,TRES-1,2026-08-06T04:39:28.538-0700,61258.486,60.0,True
database\observations\2026-08-06\TRES-1\session_01\TRES-1260806114215.fits,science,TRES-1,2026-08-06,True,,62f008a9c37844ecebd5290a70d5033175a404fcec4d3fe5c746e654905a20f9,656640,500x650,1.0,210.0,575.0,2833.0,0.0,TRES-1,2026-08-06T04:42:15.487-0700,61258.488,60.0,True
database\observations\2026-08-06\TRES-1\session_01\TRES-1260806114517.fits,science,TRES-1,2026-08-06,True,,76704d3d029b59a536933353783e982869b5ca1ef8beb5b215ce01e7084fa1b7,656640,500x650,1.0,215.0,646.0,2940.0,0.0,TRES-1,2026-08-06T04:45:17.511-0700,61258.49,60.0,True
database\observations\2026-08-06\TRES-1\session_01\TRES-1260806115238.fits,science,TRES-1,2026-08-06,True,,19c34e08c02db9bdeb52f313c322ed5fe067591642173119503a719008e06080,656640,500x650,1.0,215.0,658.0,3012.0,0.0,TRES-1,2026-08-06T04:52:38.452-0700,61258.495,60.0,True
database\observations\2026-08-06\TRES-1\session_01\TRES-1260806120015.fits,science,TRES-1,2026-08-06,True,,a422ad490ab945467c84e29f95898664771b84a08387ea2e4df66b2e8c96775a,656640,500x650,1.0,224.0,967.0,3361.0,0.0,TRES-1,2026-08-06T05:00:15.690-0700,61258.5,60.0,True
database\observations\2026-08-06\TRES-1\session_01\TRES-1260806120750.fits,science,TRES-1,2026-08-06,True,,903138a0f87c598625bb47eefd8d0a26a063738dd16310d33dbcb2ff6775ea8e,656640,500x650,1.0,262.0,1799.0,4075.0,0.0,TRES-1,2026-08-06T05:07:50.844-0700,61258.505,60.0,True
database\observations\2026-08-06\TRES-1\session_01\TRES-1260806121528.fits,science,TRES-1,2026-08-06,True,,fcbcc47aeb75461d16c8cbfb5e162842751c0d6797f95f788e9a605b5b088d86,656640,500x650,1.0,524.0,4095.0,4095.0,0.9984615384615385,TRES-1,2026-08-06T05:15:28.065-0700,61258.511,60.0,True
database\observations\2026-08-06\TRES-1\session_01\TRES-1260806122303.fits,science,TRES-1,2026-08-06,True,,bf6328b7d6d27aae03a1d064692a503a7008e1c3670aed6c9a380361c6fb278f,656640,500x650,1.0,4095.0,4095.0,4095.0,1.0,TRES-1,2026-08-06T05:23:03.212-0700,61258.516,60.0,True
database\observations\2026-08-06\TRES-1\session_01\TRES-1260806123040.fits,science,TRES-1,2026-08-06,True,,c516504901ffd1dde2ca723975beb7f5df296e3a1d0186a4441b31095fbbb008,656640,500x650,1.0,4095.0,4095.0,4095.0,1.0,TRES-1,2026-08-06T05:30:40.120-0700,61258.521,60.0,True
database\observations\2026-08-06\TRES-1\session_01\TRES-1260806123815.fits,science,TRES-1,2026-08-06,True,,a2e48ab3355048344e3f0fcf17a3f50edeeb3869ee9a6b553d0f4cecec3a7a4c,656640,500x650,1.0,4095.0,4095.0,4095.0,1.0,TRES-1,2026-08-06T05:38:15.923-0700,61258.527,60.0,True
database\observations\2026-08-08\WASP-10\session_01\WASP-10260808054017.fits,science,WASP-10,2026-08-08,True,,b73f8a9f599c7b6eb7483c707b514215565fa1de76b2e873cf7da6eed0d80493,656640,500x650,1.0,205.0,422.0,3192.0,0.0,WASP-10,2026-08-07T22:40:17.063-0700,61260.236,60.0,True
database\observations\2026-08-08\WASP-10\session_01\WASP-10260808054215.fits,science,WASP-10,2026-08-08,True,,7d9f548b93b48e92d09892d89078655c0e8cbc4db790cbc22fea0c89966ec72b,656640,500x650,1.0,205.0,417.0,3188.0,0.0,WASP-10,2026-08-07T22:42:15.507-0700,61260.238,60.0,True
database\observations\2026-08-08\WASP-10\session_01\WASP-10260808054517.fits,science,WASP-10,2026-08-08,True,,257323f452bad45a128ba0fb2a0499293bef04e99b6ffb189c89e0c53e879a6e,656640,500x650,1.0,205.0,415.0,3174.0,0.0,WASP-10,2026-08-07T22:45:17.004-0700,61260.24,60.0,True
database\observations\2026-08-08\WASP-10\session_01\WASP-10260808054815.fits,science,WASP-10,2026-08-08,True,,f2c925640068888cecc346755042ff3f9641b7e59ec90d15b85f36b3c9a16938,656640,500x650,1.0,204.0,417.0,3149.0,0.0,WASP-10,2026-08-07T22:48:15.493-0700,61260.242,60.0,True
database\observations\2026-08-08\WASP-10\session_01\WASP-10260808055116.fits,science,WASP-10,2026-08-08,True,,2304dae742f630db31908dc5444f241a3778f62d01a18709b19b9d062e9ad75c,656640,500x650,1.0,205.0,419.0,3208.0,0.0,WASP-10,2026-08-07T22:51:16.114-0700,61260.244,60.0,True
database\observations\2026-08-08\WASP-10\session_01\WASP-10260808055415.fits,science,WASP-10,2026-08-08,True,,e31095fdd560918f01006f53586a0bb707cdfa29d664e0be1a5059a972e138aa,656640,500x650,1.0,0.0,416.0,4095.0,2.7692307692307694e-05,WASP-10,2026-08-07T22:54:15.517-0700,61260.246,60.0,True
database\observations\2026-08-08\WASP-10\session_01\WASP-10260808055715.fits,science,WASP-10,2026-08-08,True,,3d246194e65e3af4d87ab03999508a746ef22f5202a9fe1566c0ea7f77e6120a,656640,500x650,1.0,205.0,417.0,3176.0,0.0,WASP-10,2026-08-07T22:57:15.940-0700,61260.248,60.0,True
database\observations\2026-08-08\WASP-10\session_01\WASP-10260808060016.fits,science,WASP-10,2026-08-08,True,,7206a2e5b9a402a65604a880e0c2d9215fa21d4bdf27fbda7849ccad570596b3,656640,500x650,1.0,206.0,423.0,3218.0,0.0,WASP-10,2026-08-07T23:00:16.790-0700,61260.25,60.0,True
database\observations\2026-08-08\WASP-10\session_01\WASP-10260808060316.fits,science,WASP-10,2026-08-08,True,,337c11401380a201df3f7f47af6ddf236db1a34c2e575d140cfb492c80df367b,656640,500x650,1.0,206.0,426.0,3184.0,0.0,WASP-10,2026-08-07T23:03:16.216-0700,61260.252,60.0,True
database\observations\2026-08-08\WASP-10\session_01\WASP-10260808060616.fits,science,WASP-10,2026-08-08,True,,1dd71dd28d68de555d7a7c0c0e1347ec46c34590a15ab1ebb08333351b40bf4f,656640,500x650,1.0,207.0,427.0,3179.0,0.0,WASP-10,2026-08-07T23:06:16.851-0700,61260.254,60.0,True
database\observations\2026-08-08\WASP-10\session_01\WASP-10260808060915.fits,science,WASP-10,2026-08-08,True,,acc47942457b4cc5f2ea51cede7a4d8c85d52a70237b6137609b7c71a2be782a,656640,500x650,1.0,208.0,430.0,3193.0,0.0,WASP-10,2026-08-07T23:09:15.347-0700,61260.256,60.0,True
database\observations\2026-08-08\WASP-10\session_01\WASP-10260808061216.fits,science,WASP-10,2026-08-08,True,,9fb52e73ab1ed7a7aa42d3b5a0c4e01106b1eda5a41f7cef40fbadfc72e4063c,656640,500x650,1.0,206.0,424.0,3238.0,0.0,WASP-10,2026-08-07T23:12:16.808-0700,61260.259,60.0,True
database\observations\2026-08-08\WASP-10\session_01\WASP-10260808061516.fits,science,WASP-10,2026-08-08,True,,731134777c997910ab289bf059a51adaccc71a87e956b51f524b012872e7fefa,656640,500x650,1.0,205.0,425.0,3244.0,0.0,WASP-10,2026-08-07T23:15:16.397-0700,61260.261,60.0,True
database\observations\2026-08-08\WASP-10\session_01\WASP-10260808061816.fits,science,WASP-10,2026-08-08,True,,5a69f2de6bdd74a499c9de3800f1d2f09193b995e4419fc87c2fb2d149e595d5,656640,500x650,1.0,207.0,422.0,3211.0,0.0,WASP-10,2026-08-07T23:18:16.800-0700,61260.263,60.0,True
database\observations\2026-08-08\WASP-10\session_01\WASP-10260808062115.fits,science,WASP-10,2026-08-08,True,,59cf5bfedeebdd357328d08c7a94b50c1d6a2a34f5ee7940ae74aed5e5c10ce8,656640,500x650,1.0,205.0,421.0,3225.0,0.0,WASP-10,2026-08-07T23:21:15.331-0700,61260.265,60.0,True
database\observations\2026-08-08\WASP-10\session_01\WASP-10260808062415.fits,science,WASP-10,2026-08-08,True,,3938d18fe135a6d100adbe7f02d8b6ad1060b755cf2cdb4c3b229fe67469eca9,656640,500x650,1.0,206.0,423.0,3231.0,0.0,WASP-10,2026-08-07T23:24:15.851-0700,61260.267,60.0,True
database\observations\2026-08-08\WASP-10\session_01\WASP-10260808062715.fits,science,WASP-10,2026-08-08,True,,72901d99291953d5734caa8e9f8152903c305e00626288627d9e01f6d14b9640,656640,500x650,1.0,207.0,421.0,3242.0,0.0,WASP-10,2026-08-07T23:27:15.341-0700,61260.269,60.0,True
database\observations\2026-08-08\WASP-10\session_01\WASP-10260808063015.fits,science,WASP-10,2026-08-08,True,,ea7e9033355cf8f52dc3acd68d6f7664c44f2ca6ad3e7557f92832130449a3dd,656640,500x650,1.0,205.0,422.0,3240.0,0.0,WASP-10,2026-08-07T23:30:15.833-0700,61260.271,60.0,True
database\observations\2026-08-08\WASP-10\session_01\WASP-10260808063315.fits,science,WASP-10,2026-08-08,True,,c022b82ba19e7c8cfed72003f838d7ca6ee300858283c1b82548dd9147ec0bb2,656640,500x650,1.0,206.0,425.0,3224.0,0.0,WASP-10,2026-08-07T23:33:15.370-0700,61260.273,60.0,True
database\observations\2026-08-08\WASP-10\session_01\WASP-10260808063615.fits,science,WASP-10,2026-08-08,True,,5ad74f77dee5597d5e4d4ff38f12028d1cbd112056119ee166321cae63b0066c,656640,500x650,1.0,207.0,426.0,3261.0,0.0,WASP-10,2026-08-07T23:36:15.881-0700,61260.275,60.0,True
database\observations\2026-08-08\WASP-10\session_01\WASP-10260808063915.fits,science,WASP-10,2026-08-08,True,,ebc3f14abf287c7d3e357b31e8b3e1f839076f8cc43808630646ab92ca827eb7,656640,500x650,1.0,206.0,428.0,3220.0,0.0,WASP-10,2026-08-07T23:39:15.360-0700,61260.277,60.0,True
database\observations\2026-08-08\WASP-10\session_01\WASP-10260808064216.fits,science,WASP-10,2026-08-08,True,,c3e8787041d9d7a35caee9d397822fb08a35568257db2a5d42157f95c554cfdb,656640,500x650,1.0,206.0,428.0,3236.0,0.0,WASP-10,2026-08-07T23:42:16.052-0700,61260.279,60.0,True
database\observations\2026-08-08\WASP-10\session_01\WASP-10260808064516.fits,science,WASP-10,2026-08-08,True,,c857903e95a925ce46e8d9ff39f49e64101f2eca6b8a8141b5b0148f16ad2019,656640,500x650,1.0,207.0,430.0,3248.0,0.0,WASP-10,2026-08-07T23:45:16.580-0700,61260.281,60.0,True
database\observations\2026-08-08\WASP-10\session_01\WASP-10260808064816.fits,science,WASP-10,2026-08-08,True,,99e1e9e563770be3f73bc739b2513dd63e755e3deacdfdf97617944a36b26879,656640,500x650,1.0,204.0,429.0,3238.0,0.0,WASP-10,2026-08-07T23:48:16.217-0700,61260.284,60.0,True
database\observations\2026-08-08\WASP-10\session_01\WASP-10260808065115.fits,science,WASP-10,2026-08-08,True,,c8d72661ff15c845c14bae608166ab684255a4b5154e3ced3aa67329c7666da8,656640,500x650,1.0,207.0,427.0,3227.0,0.0,WASP-10,2026-08-07T23:51:15.697-0700,61260.286,60.0,True
database\observations\2026-08-08\WASP-10\session_01\WASP-10260808065415.fits,science,WASP-10,2026-08-08,True,,5b98416e30557bb4775eb90a697f1db22702e3f81af5bc3bdb79cc6d9159b946,656640,500x650,1.0,206.0,429.0,3234.0,0.0,WASP-10,2026-08-07T23:54:15.181-0700,61260.288,60.0,True
database\observations\2026-08-08\WASP-10\session_01\WASP-10260808065715.fits,science,WASP-10,2026-08-08,True,,da35e72e1e75b5a63ad6e7d085a82bba3a2f8a672d8cf483f34f335699648e6c,656640,500x650,1.0,207.0,424.0,3209.0,0.0,WASP-10,2026-08-07T23:57:15.702-0700,61260.29,60.0,True
database\observations\2026-08-08\WASP-10\session_01\WASP-10260808070016.fits,science,WASP-10,2026-08-08,True,,5be25546277ae40a19d5a61987589d29315bd033f5f99a21f4806a6afa4a2b00,656640,500x650,1.0,205.0,419.0,3241.0,0.0,WASP-10,2026-08-08T00:00:16.184-0700,61260.292,60.0,True
database\observations\2026-08-08\WASP-10\session_01\WASP-10260808070315.fits,science,WASP-10,2026-08-08,True,,9f416fac02b26329ad9260739a707bbf483050a96b7b449db80bf82d3d3dae94,656640,500x650,1.0,206.0,417.0,3202.0,0.0,WASP-10,2026-08-08T00:03:15.689-0700,61260.294,60.0,True
database\observations\2026-08-08\WASP-10\session_01\WASP-10260808070615.fits,science,WASP-10,2026-08-08,True,,c2e421b13aded2f292dc1a4a2e102a63322c0d813b27f5d1f028436319e28c0c,656640,500x650,1.0,206.0,417.0,3223.0,0.0,WASP-10,2026-08-08T00:06:15.449-0700,61260.296,60.0,True
database\observations\2026-08-08\WASP-10\session_01\WASP-10260808070915.fits,science,WASP-10,2026-08-08,True,,bc0196c9331885c284ed2d85c9533fab814d1b8c52c7fde56f022cdd53546acd,656640,500x650,1.0,204.0,415.0,3201.0,0.0,WASP-10,2026-08-08T00:09:15.940-0700,61260.298,60.0,True
database\observations\2026-08-08\WASP-10\session_01\WASP-10260808071216.fits,science,WASP-10,2026-08-08,True,,848d8713716150e5484dd51eb7e791b923d1e04ea03ea26930ffb6d7cfa78230,656640,500x650,1.0,205.0,415.0,3206.0,0.0,WASP-10,2026-08-08T00:12:16.599-0700,61260.3,60.0,True
database\observations\2026-08-08\WASP-10\session_01\WASP-10260808071516.fits,science,WASP-10,2026-08-08,True,,1e29465bb505d12878a4823fbc9e0977e862c9f279868774916148e4f3fa3d65,656640,500x650,1.0,206.0,417.0,3216.0,0.0,WASP-10,2026-08-08T00:15:16.115-0700,61260.302,60.0,True
database\observations\2026-08-08\WASP-10\session_01\WASP-10260808071815.fits,science,WASP-10,2026-08-08,True,,d205faf640a1d85293f9402fe7f2ff3292062422f892e790de1df7d13a61101f,656640,500x650,1.0,206.0,418.0,3215.0,0.0,WASP-10,2026-08-08T00:18:15.520-0700,61260.304,60.0,True
database\observations\2026-08-08\WASP-10\session_01\WASP-10260808072116.fits,science,WASP-10,2026-08-08,True,,4a668e0edad9fb86ccceea94a9e0d77feba3a293498b59d1480e106ad5af8bed,656640,500x650,1.0,206.0,421.0,3226.0,0.0,WASP-10,2026-08-08T00:21:16.023-0700,61260.306,60.0,True
database\observations\2026-08-08\WASP-10\session_01\WASP-10260808072416.fits,science,WASP-10,2026-08-08,True,,31b0520ff5305939bc991204b647126a1297044491c40baa58a427bad20d285e,656640,500x650,1.0,206.0,423.0,3228.0,0.0,WASP-10,2026-08-08T00:24:16.446-0700,61260.309,60.0,True
database\observations\2026-08-08\WASP-10\session_01\WASP-10260808072715.fits,science,WASP-10,2026-08-08,True,,8be3aa38feeeb4941f0a99f83123385772f552b12467d007378c2dd656d3f881,656640,500x650,1.0,206.0,420.0,3213.0,0.0,WASP-10,2026-08-08T00:27:15.204-0700,61260.311,60.0,True
database\observations\2026-08-08\WASP-10\session_01\WASP-10260808073016.fits,science,WASP-10,2026-08-08,True,,884f79751eaf2cd0cf5dcff9c251b630d2d208db1ccbc365c53678c5d0cce844,656640,500x650,1.0,206.0,421.0,3256.0,0.0,WASP-10,2026-08-08T00:30:16.635-0700,61260.313,60.0,True
database\observations\2026-08-08\WASP-10\session_01\WASP-10260808073317.fits,science,WASP-10,2026-08-08,True,,9ae0b3f78915460f6e900c29af29c33cd3291b89c29679554b03f8d62aa013ac,656640,500x650,1.0,205.0,416.0,3224.0,0.0,WASP-10,2026-08-08T00:33:17.124-0700,61260.315,60.0,True
database\observations\2026-08-08\WASP-10\session_01\WASP-10260808073615.fits,science,WASP-10,2026-08-08,True,,c7c4b63284b27202aa8ce05fb156b8bc0a4638a64b27539bc795d159a41811a3,656640,500x650,1.0,205.0,415.0,3217.0,0.0,WASP-10,2026-08-08T00:36:15.676-0700,61260.317,60.0,True
database\observations\2026-08-08\WASP-10\session_01\WASP-10260808073915.fits,science,WASP-10,2026-08-08,True,,1544f14863aa452a5f3a4ca5dcf3f9f8a33d2e06ae8d369b11a9828d5c02c013,656640,500x650,1.0,205.0,417.0,3255.0,0.0,WASP-10,2026-08-08T00:39:15.184-0700,61260.319,60.0,True
database\observations\2026-08-08\WASP-10\session_01\WASP-10260808074215.fits,science,WASP-10,2026-08-08,True,,90a6dd840168cb4666187f056348f9a3d450c74ac2a50fc8ca0a5dd4469ecf34,656640,500x650,1.0,205.0,415.0,3253.0,0.0,WASP-10,2026-08-08T00:42:15.772-0700,61260.321,60.0,True
database\observations\2026-08-08\WASP-10\session_01\WASP-10260808074516.fits,science,WASP-10,2026-08-08,True,,e5734cf2ebf76172ca4ecb5e4d6cecf412714ff049e8e0864dc1ea79ff044170,656640,500x650,1.0,206.0,415.0,3235.0,0.0,WASP-10,2026-08-08T00:45:16.411-0700,61260.323,60.0,True
database\observations\2026-08-08\WASP-10\session_01\WASP-10260808074815.fits,science,WASP-10,2026-08-08,True,,b5a41674b222bded1e4d1abd0087f6f826a3def27fcb14ea1bbec3d2147aab2e,656640,500x650,1.0,205.0,415.0,3238.0,0.0,WASP-10,2026-08-08T00:48:15.928-0700,61260.325,60.0,True
database\observations\2026-08-08\WASP-10\session_01\WASP-10260808075115.fits,science,WASP-10,2026-08-08,True,,901027c165131e98cede1055dab926807c62caad4c3d0d4ab2dcfcd19a1ffab1,656640,500x650,1.0,205.0,418.0,3247.0,0.0,WASP-10,2026-08-08T00:51:15.682-0700,61260.327,60.0,True
database\observations\2026-08-08\WASP-10\session_01\WASP-10260808075416.fits,science,WASP-10,2026-08-08,True,,24d2d8ab01edef2b2955068e81cf44a9843981813e2cd1f99b83a7b898efd337,656640,500x650,1.0,206.0,416.0,3218.0,0.0,WASP-10,2026-08-08T00:54:16.203-0700,61260.329,60.0,True
database\observations\2026-08-08\WASP-10\session_01\WASP-10260808075716.fits,science,WASP-10,2026-08-08,True,,2013a3a1e506dbe8dfefca0d533a4a46736d1e21e603d016c5c7529c05c4f6ba,656640,500x650,1.0,205.0,419.0,3213.0,0.0,WASP-10,2026-08-08T00:57:16.935-0700,61260.331,60.0,True
database\observations\2026-08-08\WASP-10\session_01\WASP-10260808080015.fits,science,WASP-10,2026-08-08,True,,ea66218d43927e673939e37bf086d3fa0f6b5d77af59f32153aca6bb652b20cb,656640,500x650,1.0,205.0,419.0,3252.0,0.0,WASP-10,2026-08-08T01:00:15.381-0700,61260.334,60.0,True
database\observations\2026-08-08\WASP-10\session_01\WASP-10260808080315.fits,science,WASP-10,2026-08-08,True,,adb57e7d050511b79bebec22d63f6cff619fd52eabdbbd57c378a2f04f9adf2f,656640,500x650,1.0,205.0,421.0,3227.0,0.0,WASP-10,2026-08-08T01:03:15.962-0700,61260.336,60.0,True
database\observations\2026-08-08\WASP-10\session_01\WASP-10260808080616.fits,science,WASP-10,2026-08-08,True,,f2d200c8048dbc320e346f8f5f4b6e9c6363202c4aedd2a5bd81ac90ba948431,656640,500x650,1.0,206.0,417.0,3233.0,0.0,WASP-10,2026-08-08T01:06:16.501-0700,61260.338,60.0,True
database\observations\2026-08-08\WASP-10\session_01\WASP-10260808080916.fits,science,WASP-10,2026-08-08,True,,b70956c6392de4fa42d26f5cb002cf9b963f994b51833c5c3f0fcb4e62fc3f21,656640,500x650,1.0,207.0,416.0,3231.0,0.0,WASP-10,2026-08-08T01:09:16.943-0700,61260.34,60.0,True
database\observations\2026-08-08\WASP-10\session_01\WASP-10260808081215.fits,science,WASP-10,2026-08-08,True,,df39126abf8f1662c01a41bf848fa3c0a6c38e2b400da6917150618cc5a74912,656640,500x650,1.0,205.0,407.0,4095.0,0.00010461538461538461,WASP-10,2026-08-08T01:12:15.693-0700,61260.342,60.0,True
database\observations\2026-08-08\WASP-10\session_01\WASP-10260808081516.fits,science,WASP-10,2026-08-08,True,,0094f00557d16c377e0946bcebd8856d22f631bfdc90da0682fb3dc94107efed,656640,500x650,1.0,206.0,408.0,4095.0,9.23076923076923e-05,WASP-10,2026-08-08T01:15:16.352-0700,61260.344,60.0,True
database\observations\2026-08-08\WASP-10\session_01\WASP-10260808081816.fits,science,WASP-10,2026-08-08,True,,0697dbe610b109b22ce9c063dc48b80c131031cd525e3d270f40db1e64f5204e,656640,500x650,1.0,205.0,414.0,3248.0,0.0,WASP-10,2026-08-08T01:18:16.084-0700,61260.346,60.0,True
database\observations\2026-08-08\WASP-10\session_01\WASP-10260808082115.fits,science,WASP-10,2026-08-08,True,,7c47596340fafcc28071b03c2bf83b8c4ccb49e200f29da27eab946ec3184859,656640,500x650,1.0,206.0,413.0,3248.0,0.0,WASP-10,2026-08-08T01:21:15.625-0700,61260.348,60.0,True
database\observations\2026-08-08\WASP-10\session_01\WASP-10260808082415.fits,science,WASP-10,2026-08-08,True,,8bc697062affcc4e55a10c810728fad48a6d15801eb16a6c98b003800083b1c6,656640,500x650,1.0,206.0,419.0,3257.0,0.0,WASP-10,2026-08-08T01:24:15.257-0700,61260.35,60.0,True
database\observations\2026-08-08\WASP-10\session_01\WASP-10260808082715.fits,science,WASP-10,2026-08-08,True,,ffd1b4a27425ac2aeda8cb8bcf2865593e97cdd83aba89dfd814096c8e640f41,656640,500x650,1.0,206.0,414.0,4095.0,4.615384615384615e-05,WASP-10,2026-08-08T01:27:15.719-0700,61260.352,60.0,True
database\observations\2026-08-08\WASP-10\session_01\WASP-10260808083015.fits,science,WASP-10,2026-08-08,True,,53444a14e81930b916895861484351fc75343036ede9063774b589db7f602cb4,656640,500x650,1.0,205.0,411.0,4095.0,5.2307692307692306e-05,WASP-10,2026-08-08T01:30:15.355-0700,61260.354,60.0,True
database\observations\2026-08-08\WASP-10\session_01\WASP-10260808083316.fits,science,WASP-10,2026-08-08,True,,25d7effcc539ed28a3b14a1870737db5f182674ddeff86c9af84909b10b0140a,656640,500x650,1.0,207.0,409.0,4095.0,7.692307692307693e-05,WASP-10,2026-08-08T01:33:16.974-0700,61260.356,60.0,True
database\observations\2026-08-08\WASP-10\session_01\WASP-10260808083615.fits,science,WASP-10,2026-08-08,True,,1546dd6c3ff821bfff77a4406bd52e603e5e884e4ad0267a9d9e1844b0f51873,656640,500x650,1.0,205.0,406.0,4095.0,0.00010153846153846155,WASP-10,2026-08-08T01:36:15.459-0700,61260.359,60.0,True
database\observations\2026-08-08\WASP-10\session_01\WASP-10260808083916.fits,science,WASP-10,2026-08-08,True,,6695390abf85c070afa284746e1e66709876f28264af708d4f6b576d70e82ea6,656640,500x650,1.0,205.0,406.0,4095.0,7.076923076923076e-05,WASP-10,2026-08-08T01:39:16.791-0700,61260.361,60.0,True
database\observations\2026-08-08\WASP-10\session_01\WASP-10260808084215.fits,science,WASP-10,2026-08-08,True,,97151245a3e202abc52f3b376b9cf7054bf0d190d8c6246a19c4b3c1e4c6a389,656640,500x650,1.0,206.0,412.0,4095.0,5.2307692307692306e-05,WASP-10,2026-08-08T01:42:15.334-0700,61260.363,60.0,True
database\observations\2026-08-08\WASP-10\session_01\WASP-10260808084516.fits,science,WASP-10,2026-08-08,True,,38f386b0c438764acd4e857003fee8a9919bec8e1456731a8667982e8de310d5,656640,500x650,1.0,207.0,409.0,4095.0,7.076923076923076e-05,WASP-10,2026-08-08T01:45:16.822-0700,61260.365,60.0,True
database\observations\2026-08-08\WASP-10\session_01\WASP-10260808084815.fits,science,WASP-10,2026-08-08,True,,b8905be1715129625bfd3f1f9ae8cdb3eb89b13a5519156cac79f369bcb97c49,656640,500x650,1.0,205.0,411.0,4095.0,5.846153846153846e-05,WASP-10,2026-08-08T01:48:15.324-0700,61260.367,60.0,True
database\observations\2026-08-08\WASP-10\session_01\WASP-10260808085115.fits,science,WASP-10,2026-08-08,True,,714857cbbb196c1be3cf0fcdb5696c9f0d16bcb03da61e995e225fe0b2b634f6,656640,500x650,1.0,206.0,420.0,4095.0,9.23076923076923e-06,WASP-10,2026-08-08T01:51:15.743-0700,61260.369,60.0,True
database\observations\2026-08-08\WASP-10\session_01\WASP-10260808085415.fits,science,WASP-10,2026-08-08,True,,8f12778927a5e0192799f2149e45624b0bbc8b50395aaec70311af6181099749,656640,500x650,1.0,205.0,422.0,4095.0,3.692307692307692e-05,WASP-10,2026-08-08T01:54:15.225-0700,61260.371,60.0,True
database\observations\2026-08-08\WASP-10\session_01\WASP-10260808085715.fits,science,WASP-10,2026-08-08,True,,236aa2804fee8f89280b3d41e51470f763b9fefebc9245ec8ca1580312ab15db,656640,500x650,1.0,206.0,420.0,4095.0,6.153846153846154e-06,WASP-10,2026-08-08T01:57:15.698-0700,61260.373,60.0,True
database\observations\2026-08-08\WASP-10\session_01\WASP-10260808090016.fits,science,WASP-10,2026-08-08,True,,7b55f76f0ee09fdfaedae27c222eb9b4dc62b5e3d2aeb7e881dade2c79766d83,656640,500x650,1.0,206.0,414.0,4095.0,6.153846153846154e-05,WASP-10,2026-08-08T02:00:16.391-0700,61260.375,60.0,True
database\observations\2026-08-08\WASP-10\session_01\WASP-10260808090316.fits,science,WASP-10,2026-08-08,True,,948e4be7463bf0821f7409a94b00e9608e2651b11f15ed0fc94e4759ad5c1176,656640,500x650,1.0,204.0,413.0,4095.0,6.153846153846154e-05,WASP-10,2026-08-08T02:03:16.912-0700,61260.377,60.0,True
database\observations\2026-08-08\WASP-10\session_01\WASP-10260808090615.fits,science,WASP-10,2026-08-08,True,,f8ddb29b99202026e7a1c4e2f8148bbbf68ac7b01702e90da8490e0a191057e0,656640,500x650,1.0,206.0,415.0,4095.0,4.923076923076923e-05,WASP-10,2026-08-08T02:06:15.484-0700,61260.379,60.0,True
database\observations\2026-08-08\WASP-10\session_01\WASP-10260808090917.fits,science,WASP-10,2026-08-08,True,,b1d37a704c7876b4c8ee201578058a8314806f71209aad1e19593099a151df35,656640,500x650,1.0,206.0,421.0,4095.0,1.5384615384615384e-05,WASP-10,2026-08-08T02:09:17.016-0700,61260.381,60.0,True
database\observations\2026-08-08\WASP-10\session_01\WASP-10260808091215.fits,science,WASP-10,2026-08-08,True,,a9786e571860c5b313d9d07b4b483870363eec377ab1e7532e187640a811ead5,656640,500x650,1.0,206.0,419.0,4095.0,1.2307692307692308e-05,WASP-10,2026-08-08T02:12:15.580-0700,61260.384,60.0,True
database\observations\2026-08-08\WASP-10\session_01\WASP-10260808091516.fits,science,WASP-10,2026-08-08,True,,0c5ecc4b66b52a062a74d4988d3f24fb7a04136a9fea1d6d30fd6d640a2bf7f6,656640,500x650,1.0,205.0,420.0,3975.0,0.0,WASP-10,2026-08-08T02:15:16.154-0700,61260.386,60.0,True
database\observations\2026-08-08\WASP-10\session_01\WASP-10260808091816.fits,science,WASP-10,2026-08-08,True,,7929ea19e2c5ad9f4259b9201641b3a89631b735c4ccc907a265434f369460a7,656640,500x650,1.0,204.0,411.0,4095.0,3.384615384615385e-05,WASP-10,2026-08-08T02:18:16.810-0700,61260.388,60.0,True
database\observations\2026-08-08\WASP-10\session_01\WASP-10260808092116.fits,science,WASP-10,2026-08-08,True,,22986726b0732d2dc9930bc25ce91f3b962b3c2350746f1f4a1358ed479c07d5,656640,500x650,1.0,205.0,407.0,4095.0,4.615384615384615e-05,WASP-10,2026-08-08T02:21:16.302-0700,61260.39,60.0,True
database\observations\2026-08-08\WASP-10\session_01\WASP-10260808092415.fits,science,WASP-10,2026-08-08,True,,ce070aa4335ab92742d813a8a20e372dadf7158f4bf189365d40df5170bceab6,656640,500x650,1.0,204.0,404.0,4095.0,6.153846153846154e-05,WASP-10,2026-08-08T02:24:15.830-0700,61260.392,60.0,True
database\observations\2026-08-08\WASP-10\session_01\WASP-10260808092716.fits,science,WASP-10,2026-08-08,True,,80152f564f843ce9d1c904536b56b1d7c496b804974d92430cbd551d0c9c893d,656640,500x650,1.0,205.0,421.0,3657.0,0.0,WASP-10,2026-08-08T02:27:16.572-0700,61260.394,60.0,True
database\observations\2026-08-08\WASP-10\session_01\WASP-10260808093016.fits,science,WASP-10,2026-08-08,True,,77b9282529651060e90e051d5b61b77c287fef7af14d5b100b8f9a2aa2e53353,656640,500x650,1.0,205.0,422.0,3776.0,0.0,WASP-10,2026-08-08T02:30:16.115-0700,61260.396,60.0,True
database\observations\2026-08-08\WASP-10\session_01\WASP-10260808093315.fits,science,WASP-10,2026-08-08,True,,dc14bc98435362e2aac38c1cddebd575df290474918dc9f435d6dc0050a0e76b,656640,500x650,1.0,204.0,409.0,4095.0,2.7692307692307694e-05,WASP-10,2026-08-08T02:33:15.896-0700,61260.398,60.0,True
database\observations\2026-08-08\WASP-10\session_01\WASP-10260808093615.fits,science,WASP-10,2026-08-08,True,,8ca2ed58d3046b9fbbae5d5d73b11fd52026b3aed63c74aac711801ec6ef27cd,656640,500x650,1.0,206.0,439.0,3195.0,0.0,WASP-10,2026-08-08T02:36:15.339-0700,61260.4,60.0,True
database\observations\2026-08-08\WASP-10\session_01\WASP-10260808093916.fits,science,WASP-10,2026-08-08,True,,bd5a40fc2d970071907c6c6e163234fecf94cc1053920a3084ce8872e80e9fb5,656640,500x650,1.0,206.0,422.0,3208.0,0.0,WASP-10,2026-08-08T02:39:16.106-0700,61260.402,60.0,True
database\observations\2026-08-08\WASP-10\session_01\WASP-10260808094215.fits,science,WASP-10,2026-08-08,True,,ae05f3fd8bd22867d6d6ae0ca8dfb7f01f6c3b32b3002c90892dbcafe5c1dc8c,656640,500x650,1.0,203.0,411.0,4095.0,1.846153846153846e-05,WASP-10,2026-08-08T02:42:15.590-0700,61260.404,60.0,True
database\observations\2026-08-08\WASP-10\session_01\WASP-10260808094517.fits,science,WASP-10,2026-08-08,True,,bc075edc774db0ba413f43658516a0eb556564714dc5f42f4cfaf059977c8dc9,656640,500x650,1.0,206.0,412.0,4095.0,1.2307692307692308e-05,WASP-10,2026-08-08T02:45:17.091-0700,61260.406,60.0,True
database\observations\2026-08-08\WASP-10\session_01\WASP-10260808094816.fits,science,WASP-10,2026-08-08,True,,6d3aa7e422ba48d92f9bed8fef5314b495992608b0a182e9185c4ddad7eefa34,656640,500x650,1.0,205.0,410.0,4095.0,2.4615384615384616e-05,WASP-10,2026-08-08T02:48:16.637-0700,61260.409,60.0,True
database\observations\2026-08-08\WASP-10\session_01\WASP-10260808095117.fits,science,WASP-10,2026-08-08,True,,79233679ff3a211173d7b6058582472c92648f1e11c3b5d039a14c79125a1db0,656640,500x650,1.0,207.0,438.0,3228.0,0.0,WASP-10,2026-08-08T02:51:17.160-0700,61260.411,60.0,True
database\observations\2026-08-08\WASP-10\session_01\WASP-10260808095415.fits,science,WASP-10,2026-08-08,True,,59b6f8a7fd59a732ad8b4707da048d16c50ecae1fd146b71798e3961105f4220,656640,500x650,1.0,206.0,436.0,3248.0,0.0,WASP-10,2026-08-08T02:54:15.573-0700,61260.413,60.0,True
database\observations\2026-08-09\CoRoT-2\session_01\CoRoT-2260809051853.fits,science,CoRoT-2,2026-08-09,True,,a71ef0f1326a3931dfb521694ab7081554c2b5862bd60dcbe1e9a05e9bffa0f8,656640,500x650,1.0,205.0,410.0,4095.0,3.076923076923077e-06,CoRoT-2,2026-08-08T22:18:53.898-0700,61261.221,60.0,True
database\observations\2026-08-09\CoRoT-2\session_01\CoRoT-2260809052256.fits,science,CoRoT-2,2026-08-09,True,,841866676a4124396fff25ff7bc2cabe296c101dd1b4b2e6c6c48bffecfc993c,656640,500x650,1.0,204.0,412.0,4095.0,6.153846153846154e-06,CoRoT-2,2026-08-08T22:22:56.649-0700,61261.224,60.0,True
database\observations\2026-08-09\CoRoT-2\session_01\CoRoT-2260809052658.fits,science,CoRoT-2,2026-08-09,True,,b41799ac8bedc45e27ac6cae8674d2d8de60e96ba01c29cd6793ef6afcc61db1,656640,500x650,1.0,204.0,413.0,3810.0,0.0,CoRoT-2,2026-08-08T22:26:58.583-0700,61261.227,60.0,True
database\observations\2026-08-09\CoRoT-2\session_01\CoRoT-2260809052844.fits,science,CoRoT-2,2026-08-09,True,,fc092ee270494ac7c7525abd0459fc3016bc4c1b71471f903a100c7852a01db6,656640,500x650,1.0,205.0,412.0,3281.0,0.0,CoRoT-2,2026-08-08T22:28:44.793-0700,61261.228,60.0,True
database\observations\2026-08-09\CoRoT-2\session_01\CoRoT-2260809053031.fits,science,CoRoT-2,2026-08-09,True,,9cc04dab7e4ae0c73bc6f4adf54480e25c20cf5a1cbc1d4031438f1978d392d3,656640,500x650,1.0,205.0,412.0,4095.0,3.076923076923077e-06,CoRoT-2,2026-08-08T22:30:31.115-0700,61261.23,60.0,True
database\observations\2026-08-09\CoRoT-2\session_01\CoRoT-2260809053315.fits,science,CoRoT-2,2026-08-09,True,,4a80a63ea74966e235af484418b9525a69e1fbc9aa042c4c6cd6af5d3429d0a2,656640,500x650,1.0,206.0,412.0,3803.0,0.0,CoRoT-2,2026-08-08T22:33:15.944-0700,61261.231,60.0,True
database\observations\2026-08-09\CoRoT-2\session_01\CoRoT-2260809053616.fits,science,CoRoT-2,2026-08-09,True,,1ee68b9569215a3cf74a00871b89d3fc6989017597b0a003696e878ee035bc07,656640,500x650,1.0,206.0,413.0,4095.0,3.076923076923077e-06,CoRoT-2,2026-08-08T22:36:16.472-0700,61261.234,60.0,True
database\observations\2026-08-09\CoRoT-2\session_01\CoRoT-2260809053915.fits,science,CoRoT-2,2026-08-09,True,,e669920cee7bf4a7486be42aed69831337ee4c68cf58d63a03d79b20f0b1de9b,656640,500x650,1.0,204.0,412.0,4095.0,9.23076923076923e-06,CoRoT-2,2026-08-08T22:39:15.174-0700,61261.236,60.0,True
database\observations\2026-08-09\CoRoT-2\session_01\CoRoT-2260809054215.fits,science,CoRoT-2,2026-08-09,True,,96feb548605dab16e13828980c5ef29013ade21d586675a46f9b675f877ac988,656640,500x650,1.0,204.0,414.0,3980.0,0.0,CoRoT-2,2026-08-08T22:42:15.728-0700,61261.238,60.0,True
database\observations\2026-08-09\CoRoT-2\session_01\CoRoT-2260809054516.fits,science,CoRoT-2,2026-08-09,True,,7bcb1ded184e43b508195efec708a69102c8a4f6bee793b1d96b44b4c82d7a9d,656640,500x650,1.0,206.0,414.0,3358.0,0.0,CoRoT-2,2026-08-08T22:45:16.056-0700,61261.24,60.0,True
database\observations\2026-08-09\CoRoT-2\session_01\CoRoT-2260809054815.fits,science,CoRoT-2,2026-08-09,True,,d9652ba070f43c8b23a39f9aa28f6bf23e8d357164961897b5fdbbc88ebabc02,656640,500x650,1.0,204.0,412.0,4095.0,3.076923076923077e-06,CoRoT-2,2026-08-08T22:48:15.794-0700,61261.242,60.0,True
database\observations\2026-08-09\CoRoT-2\session_01\CoRoT-2260809055115.fits,science,CoRoT-2,2026-08-09,True,,5a96e1037f677f9e104852e76d21115bb1c37da54486295db8a79f60883e315d,656640,500x650,1.0,205.0,412.0,4060.0,0.0,CoRoT-2,2026-08-08T22:51:15.404-0700,61261.244,60.0,True
database\observations\2026-08-09\CoRoT-2\session_01\CoRoT-2260809055417.fits,science,CoRoT-2,2026-08-09,True,,81acfa1bac0d8475ae686fedb5b7ef3029e14bc749ed00e5ce8b8779f45b7148,656640,500x650,1.0,204.0,411.0,3963.0,0.0,CoRoT-2,2026-08-08T22:54:17.035-0700,61261.246,60.0,True
database\observations\2026-08-09\CoRoT-2\session_01\CoRoT-2260809055716.fits,science,CoRoT-2,2026-08-09,True,,f15b9f56c977fe1471c110421a4297a9d49f3ade077972afef132ffeb70250ee,656640,500x650,1.0,206.0,417.0,3284.0,0.0,CoRoT-2,2026-08-08T22:57:16.611-0700,61261.248,60.0,True
database\observations\2026-08-09\CoRoT-2\session_01\CoRoT-2260809060015.fits,science,CoRoT-2,2026-08-09,True,,dc9c19d7c5741377651cb2b706d82a1416abc526e996914c01bded20cba8e6fc,656640,500x650,1.0,206.0,411.0,3549.0,0.0,CoRoT-2,2026-08-08T23:00:15.288-0700,61261.25,60.0,True
database\observations\2026-08-09\CoRoT-2\session_01\CoRoT-2260809060316.fits,science,CoRoT-2,2026-08-09,True,,6e82594ff10972aae4478781839a49b99b0d5176352ae4a2d5c867075186722a,656640,500x650,1.0,205.0,411.0,4095.0,6.153846153846154e-06,CoRoT-2,2026-08-08T23:03:16.965-0700,61261.252,60.0,True
database\observations\2026-08-09\CoRoT-2\session_01\CoRoT-2260809060615.fits,science,CoRoT-2,2026-08-09,True,,744d1e04d488012e617393ffef981001f6df4542c743d58263ba6051424cd8e1,656640,500x650,1.0,206.0,412.0,3819.0,0.0,CoRoT-2,2026-08-08T23:06:15.478-0700,61261.254,60.0,True
database\observations\2026-08-09\CoRoT-2\session_01\CoRoT-2260809060916.fits,science,CoRoT-2,2026-08-09,True,,cf0ea3f1451f96dcef35481390477e78bbeca5875af9ad391cdd56a183d85967,656640,500x650,1.0,204.0,412.0,4095.0,6.153846153846154e-06,CoRoT-2,2026-08-08T23:09:16.052-0700,61261.256,60.0,True
database\observations\2026-08-09\CoRoT-2\session_01\CoRoT-2260809061215.fits,science,CoRoT-2,2026-08-09,True,,caf53493a947b567ec03b24cb4b68fcc1cd20fa5451bc9b0eab2afb584e7681d,656640,500x650,1.0,205.0,413.0,4095.0,6.153846153846154e-06,CoRoT-2,2026-08-08T23:12:15.646-0700,61261.259,60.0,True
database\observations\2026-08-09\CoRoT-2\session_01\CoRoT-2260809061515.fits,science,CoRoT-2,2026-08-09,True,,2764671d6aba0cfbf01dcd9559326c78c9cb15930c19dae4faeae913d5b04421,656640,500x650,1.0,206.0,413.0,4095.0,6.153846153846154e-06,CoRoT-2,2026-08-08T23:15:15.175-0700,61261.261,60.0,True
database\observations\2026-08-09\CoRoT-2\session_01\CoRoT-2260809061815.fits,science,CoRoT-2,2026-08-09,True,,f5f02db4303a1589f266d5ba6dfe05cb2652c302f0ecb030884e18d7ff1e5941,656640,500x650,1.0,204.0,412.0,4095.0,1.2307692307692308e-05,CoRoT-2,2026-08-08T23:18:15.828-0700,61261.263,60.0,True
database\observations\2026-08-09\CoRoT-2\session_01\CoRoT-2260809062115.fits,science,CoRoT-2,2026-08-09,True,,9f4a6f2e7103cae338abeb7eecf5773b5644d3eb8ad46d60f487cc5a3428a155,656640,500x650,1.0,205.0,412.0,3813.0,0.0,CoRoT-2,2026-08-08T23:21:15.416-0700,61261.265,60.0,True
database\observations\2026-08-09\CoRoT-2\session_01\CoRoT-2260809062415.fits,science,CoRoT-2,2026-08-09,True,,1baf4dad6f7caa9d78e1ac42fc7f78bb7840e2ddba7027e5ee6e4f862a170df3,656640,500x650,1.0,206.0,412.0,3874.0,0.0,CoRoT-2,2026-08-08T23:24:15.222-0700,61261.267,60.0,True
database\observations\2026-08-09\CoRoT-2\session_01\CoRoT-2260809062715.fits,science,CoRoT-2,2026-08-09,True,,6ca81af656bb84cecf39963b609dd7d703142a8ee6e94c0f3a6d7bb2b07bb2a4,656640,500x650,1.0,204.0,412.0,4095.0,3.076923076923077e-06,CoRoT-2,2026-08-08T23:27:15.847-0700,61261.269,60.0,True
database\observations\2026-08-09\CoRoT-2\session_01\CoRoT-2260809063016.fits,science,CoRoT-2,2026-08-09,True,,7138e1eb85070e341439fa94490494a9d3372a99cd7b12c13e16d211fa4a8b8b,656640,500x650,1.0,205.0,413.0,4095.0,3.076923076923077e-06,CoRoT-2,2026-08-08T23:30:16.413-0700,61261.271,60.0,True
database\observations\2026-08-09\CoRoT-2\session_01\CoRoT-2260809063316.fits,science,CoRoT-2,2026-08-09,True,,c73216fa09699274d3251ee63157faf5e5bfca24267b4f71d4c3ffa1e4b402b0,656640,500x650,1.0,205.0,412.0,4093.0,0.0,CoRoT-2,2026-08-08T23:33:16.067-0700,61261.273,60.0,True
database\observations\2026-08-09\CoRoT-2\session_01\CoRoT-2260809063615.fits,science,CoRoT-2,2026-08-09,True,,1e81e0b2273de4a056d53a528cea34fedccaab0e18cf4d8af9ae45ee844418c5,656640,500x650,1.0,204.0,416.0,3281.0,0.0,CoRoT-2,2026-08-08T23:36:15.647-0700,61261.275,60.0,True
database\observations\2026-08-09\CoRoT-2\session_01\CoRoT-2260809063915.fits,science,CoRoT-2,2026-08-09,True,,05f42af66a85972684f4e8e589d8de34ff3bdb1736db8a2c5f5bf7f97843e7a3,656640,500x650,1.0,205.0,413.0,3284.0,0.0,CoRoT-2,2026-08-08T23:39:15.309-0700,61261.277,60.0,True
database\observations\2026-08-09\CoRoT-2\session_01\CoRoT-2260809064216.fits,science,CoRoT-2,2026-08-09,True,,ad1bc3664b7fa33f07573d6a40a58a25d42967bb67cfcb8e9cbd10b7b95f1a1a,656640,500x650,1.0,205.0,412.0,4095.0,3.076923076923077e-06,CoRoT-2,2026-08-08T23:42:16.827-0700,61261.279,60.0,True
database\observations\2026-08-09\CoRoT-2\session_01\CoRoT-2260809064515.fits,science,CoRoT-2,2026-08-09,True,,73683a5627a0d79da36fd879f9d5ca9d318b753b1524fd26c3526cb026d36208,656640,500x650,1.0,204.0,413.0,4095.0,3.076923076923077e-06,CoRoT-2,2026-08-08T23:45:15.449-0700,61261.281,60.0,True
database\observations\2026-08-09\CoRoT-2\session_01\CoRoT-2260809064815.fits,science,CoRoT-2,2026-08-09,True,,fa73a351e75e35d9a886accc6b138415434cc27287991f484e50027afa9f62f1,656640,500x650,1.0,204.0,413.0,4009.0,0.0,CoRoT-2,2026-08-08T23:48:15.947-0700,61261.284,60.0,True
database\observations\2026-08-09\CoRoT-2\session_01\CoRoT-2260809065116.fits,science,CoRoT-2,2026-08-09,True,,7a3d4866d2225616baf16338840a1cc3b60134d1ee16ac75bd4f87f07091a705,656640,500x650,1.0,204.0,412.0,4095.0,9.23076923076923e-06,CoRoT-2,2026-08-08T23:51:16.668-0700,61261.286,60.0,True
database\observations\2026-08-09\CoRoT-2\session_01\CoRoT-2260809065416.fits,science,CoRoT-2,2026-08-09,True,,ae06c95533a8c856764daeab89d14de7372ee4cf6bd648da60ca246292fda69c,656640,500x650,1.0,204.0,411.0,4095.0,1.2307692307692308e-05,CoRoT-2,2026-08-08T23:54:16.435-0700,61261.288,60.0,True
database\observations\2026-08-09\CoRoT-2\session_01\CoRoT-2260809065716.fits,science,CoRoT-2,2026-08-09,True,,1647909ca10e2e0c9c5bcb85bbbadd9ccfd133716eb2cfe9c04256b4b764e05e,656640,500x650,1.0,206.0,413.0,3848.0,0.0,CoRoT-2,2026-08-08T23:57:16.086-0700,61261.29,60.0,True
database\observations\2026-08-09\CoRoT-2\session_01\CoRoT-2260809070015.fits,science,CoRoT-2,2026-08-09,True,,a084c78c61ffdab7fcc0bdec8db56646dcc48223ae557a9ed7144eef6170dc6e,656640,500x650,1.0,205.0,410.0,4095.0,9.23076923076923e-06,CoRoT-2,2026-08-09T00:00:15.500-0700,61261.292,60.0,True
database\observations\2026-08-09\CoRoT-2\session_01\CoRoT-2260809070315.fits,science,CoRoT-2,2026-08-09,True,,f1c8e189b526955c6764f0478afaff71c1e5d030f7e66c9257f054954ede5f5e,656640,500x650,1.0,205.0,409.0,4095.0,1.2307692307692308e-05,CoRoT-2,2026-08-09T00:03:15.907-0700,61261.294,60.0,True
database\observations\2026-08-09\CoRoT-2\session_01\CoRoT-2260809070616.fits,science,CoRoT-2,2026-08-09,True,,68ee23757ccd3311d70b25daa7675178951fffead0433a00bfeecadfd5423de1,656640,500x650,1.0,205.0,409.0,4095.0,6.153846153846154e-06,CoRoT-2,2026-08-09T00:06:16.481-0700,61261.296,60.0,True
database\observations\2026-08-09\CoRoT-2\session_01\CoRoT-2260809070916.fits,science,CoRoT-2,2026-08-09,True,,9a1a706c3e49a90d91b95616ca70bfeca9d96a163fe5fc5d689186aadff6eeda,656640,500x650,1.0,205.0,409.0,4095.0,3.076923076923077e-06,CoRoT-2,2026-08-09T00:09:16.062-0700,61261.298,60.0,True
database\observations\2026-08-09\CoRoT-2\session_01\CoRoT-2260809071215.fits,science,CoRoT-2,2026-08-09,True,,f4e16f2c93bc9557ad4e56e8038073ab77da4461a74fcf7f7f252ce9d8b35f7d,656640,500x650,1.0,204.0,408.0,4095.0,1.2307692307692308e-05,CoRoT-2,2026-08-09T00:12:15.723-0700,61261.3,60.0,True
database\observations\2026-08-09\CoRoT-2\session_01\CoRoT-2260809071516.fits,science,CoRoT-2,2026-08-09,True,,3a7502af28eebf91f237237b557d29e76c8604dd5536a2f86fc8a1d99e17af1f,656640,500x650,1.0,206.0,407.0,4095.0,1.2307692307692308e-05,CoRoT-2,2026-08-09T00:15:16.340-0700,61261.302,60.0,True
database\observations\2026-08-09\CoRoT-2\session_01\CoRoT-2260809071816.fits,science,CoRoT-2,2026-08-09,True,,e66f16609b47f475b5166ec2adabf556826304f21f0ce1ddda656f76ce04bc54,656640,500x650,1.0,204.0,406.0,3825.0,0.0,CoRoT-2,2026-08-09T00:18:17.017-0700,61261.304,60.0,True
database\observations\2026-08-09\CoRoT-2\session_01\CoRoT-2260809072115.fits,science,CoRoT-2,2026-08-09,True,,4a9aad23ccbeedcbc4e1795e0f24d6c695045dba19bfe70a7f2559d3441d8b36,656640,500x650,1.0,205.0,406.0,4080.0,0.0,CoRoT-2,2026-08-09T00:21:15.544-0700,61261.306,60.0,True
database\observations\2026-08-09\CoRoT-2\session_01\CoRoT-2260809072417.fits,science,CoRoT-2,2026-08-09,True,,b91514e5aafe34859cff55855b1a62b906007e367ff895b8bae5f94660c89da0,656640,500x650,1.0,205.0,405.0,4095.0,9.23076923076923e-06,CoRoT-2,2026-08-09T00:24:17.105-0700,61261.309,60.0,True
database\observations\2026-08-09\CoRoT-2\session_01\CoRoT-2260809072715.fits,science,CoRoT-2,2026-08-09,True,,36ad4a0b4a531614cf9843e92e274ec9597edbdc451d89fddc1640ae38ace37d,656640,500x650,1.0,204.0,406.0,4095.0,9.23076923076923e-06,CoRoT-2,2026-08-09T00:27:15.858-0700,61261.311,60.0,True
database\observations\2026-08-09\CoRoT-2\session_01\CoRoT-2260809073016.fits,science,CoRoT-2,2026-08-09,True,,893e4dd7f1bfb8d4deb0a756657c0d50d02e4e4e0ec86fd99bed5056f23fca8b,656640,500x650,1.0,204.0,406.0,4095.0,9.23076923076923e-06,CoRoT-2,2026-08-09T00:30:16.412-0700,61261.313,60.0,True
database\observations\2026-08-09\CoRoT-2\session_01\CoRoT-2260809073316.fits,science,CoRoT-2,2026-08-09,True,,92d050952267eb0bed7036844672a07b0de7ac5ded183d1befa64c64258495a0,656640,500x650,1.0,203.0,406.0,4095.0,1.2307692307692308e-05,CoRoT-2,2026-08-09T00:33:16.870-0700,61261.315,60.0,True
database\observations\2026-08-09\CoRoT-2\session_01\CoRoT-2260809073616.fits,science,CoRoT-2,2026-08-09,True,,64f118b5650907fac672ed51a1e40492b7a002fd31a1455bb3b32716030017dd,656640,500x650,1.0,204.0,406.0,3841.0,0.0,CoRoT-2,2026-08-09T00:36:16.378-0700,61261.317,60.0,True
database\observations\2026-08-09\CoRoT-2\session_01\CoRoT-2260809073916.fits,science,CoRoT-2,2026-08-09,True,,fbbd563e9dfa032ef579f37c56045347c01b443ae0a546d781017881bfbf4331,656640,500x650,1.0,203.0,406.0,4095.0,6.153846153846154e-06,CoRoT-2,2026-08-09T00:39:16.063-0700,61261.319,60.0,True
database\observations\2026-08-09\CoRoT-2\session_01\CoRoT-2260809074215.fits,science,CoRoT-2,2026-08-09,True,,c9494dfe504c056ac2e284bcc49be25402882f87460afa4370e52e4f4d50858e,656640,500x650,1.0,204.0,405.0,4095.0,9.23076923076923e-06,CoRoT-2,2026-08-09T00:42:15.677-0700,61261.321,60.0,True
database\observations\2026-08-09\CoRoT-2\session_01\CoRoT-2260809074515.fits,science,CoRoT-2,2026-08-09,True,,5f22884dde69487652fc88df52c92d1e62888845ea336db1ec1f0320dba9a53f,656640,500x650,1.0,204.0,406.0,4095.0,9.23076923076923e-06,CoRoT-2,2026-08-09T00:45:15.398-0700,61261.323,60.0,True
database\observations\2026-08-09\CoRoT-2\session_01\CoRoT-2260809074817.fits,science,CoRoT-2,2026-08-09,True,,30e35d9d8c6d3b8c4abeb28fef72352de02971b681714195f329412c9bdd2f22,656640,500x650,1.0,204.0,406.0,3983.0,0.0,CoRoT-2,2026-08-09T00:48:17.139-0700,61261.325,60.0,True
database\observations\2026-08-09\CoRoT-2\session_01\CoRoT-2260809075115.fits,science,CoRoT-2,2026-08-09,True,,87f57bb3b383eb8674d806eb409b53f514755ff5bec83eee0fd8db186c897358,656640,500x650,1.0,204.0,405.0,4095.0,1.2307692307692308e-05,CoRoT-2,2026-08-09T00:51:15.728-0700,61261.327,60.0,True
database\observations\2026-08-09\CoRoT-2\session_01\CoRoT-2260809075415.fits,science,CoRoT-2,2026-08-09,True,,73b3e11fb34227fd3faab2eff85bf941eb2401b78bf0df8b749d2264964e56e1,656640,500x650,1.0,203.0,405.0,4095.0,9.23076923076923e-06,CoRoT-2,2026-08-09T00:54:15.413-0700,61261.329,60.0,True
database\observations\2026-08-09\CoRoT-2\session_01\CoRoT-2260809075716.fits,science,CoRoT-2,2026-08-09,True,,a92b882a637dbe70cf27a04becae512c95700df47ca9c92d936132ef1a676135,656640,500x650,1.0,204.0,405.0,4095.0,9.23076923076923e-06,CoRoT-2,2026-08-09T00:57:16.997-0700,61261.331,60.0,True
database\observations\2026-08-09\CoRoT-2\session_01\CoRoT-2260809080015.fits,science,CoRoT-2,2026-08-09,True,,47c733e1bbe510dbddbe67365da5b33428911588cf599dea0e6f91523c7757e7,656640,500x650,1.0,205.0,406.0,4095.0,6.153846153846154e-06,CoRoT-2,2026-08-09T01:00:15.527-0700,61261.334,60.0,True
database\observations\2026-08-09\CoRoT-2\session_01\CoRoT-2260809080316.fits,science,CoRoT-2,2026-08-09,True,,f7b795cf43df468a885b53ca724b713d2ace45b71411a70374ae373546bb99fb,656640,500x650,1.0,204.0,406.0,4095.0,1.2307692307692308e-05,CoRoT-2,2026-08-09T01:03:16.131-0700,61261.336,60.0,True
database\observations\2026-08-09\CoRoT-2\session_01\CoRoT-2260809080616.fits,science,CoRoT-2,2026-08-09,True,,b68ad5ff43bd43121b89ac22e9ef764108561758b4b8fe3c337b1462228c4c27,656640,500x650,1.0,204.0,406.0,4095.0,1.2307692307692308e-05,CoRoT-2,2026-08-09T01:06:16.686-0700,61261.338,60.0,True
database\observations\2026-08-09\CoRoT-2\session_01\CoRoT-2260809080916.fits,science,CoRoT-2,2026-08-09,True,,bd9f7de8731c8da628e744d2a1b9427f4a8854e35ec7e2c35a9abf1479be4e7e,656640,500x650,1.0,204.0,406.0,4095.0,1.2307692307692308e-05,CoRoT-2,2026-08-09T01:09:16.262-0700,61261.34,60.0,True
database\observations\2026-08-09\CoRoT-2\session_01\CoRoT-2260809081215.fits,science,CoRoT-2,2026-08-09,True,,bd991128b94696680db148853d04ae477a1cd093f8744e0bd2b669d75498f18c,656640,500x650,1.0,204.0,406.0,4095.0,6.153846153846154e-06,CoRoT-2,2026-08-09T01:12:15.775-0700,61261.342,60.0,True
database\observations\2026-08-09\CoRoT-2\session_01\CoRoT-2260809081515.fits,science,CoRoT-2,2026-08-09,True,,439b68925b7c16d5f1d69ae8280268f67cc3dde0585e10a130211a6ce47b8d3c,656640,500x650,1.0,204.0,405.0,4095.0,1.2307692307692308e-05,CoRoT-2,2026-08-09T01:15:15.203-0700,61261.344,60.0,True
database\observations\2026-08-09\CoRoT-2\session_01\CoRoT-2260809081815.fits,science,CoRoT-2,2026-08-09,True,,b5d4c6d4486a6363a35c4571d28649f0f3ff2ac0341133d393005e27d062b831,656640,500x650,1.0,204.0,405.0,4095.0,6.153846153846154e-06,CoRoT-2,2026-08-09T01:18:15.809-0700,61261.346,60.0,True
database\observations\2026-08-09\CoRoT-2\session_01\CoRoT-2260809082115.fits,science,CoRoT-2,2026-08-09,True,,05136f608f02f3ad45058b9072346de15b655df982d30150a9a8fd9a7a1922f8,656640,500x650,1.0,204.0,405.0,4095.0,3.076923076923077e-06,CoRoT-2,2026-08-09T01:21:15.345-0700,61261.348,60.0,True
database\observations\2026-08-09\CoRoT-2\session_01\CoRoT-2260809082416.fits,science,CoRoT-2,2026-08-09,True,,c4c1438648be8703c1f2cac7d72214442910e56c404acc5070ed11fafbafb3ef,656640,500x650,1.0,204.0,405.0,4095.0,6.153846153846154e-06,CoRoT-2,2026-08-09T01:24:16.967-0700,61261.35,60.0,True
database\observations\2026-08-09\CoRoT-2\session_01\CoRoT-2260809082715.fits,science,CoRoT-2,2026-08-09,True,,f9f048bb90763ec7134d484c8da70babea10b54b9224f9bff975f8a4598af0f1,656640,500x650,1.0,205.0,405.0,4095.0,1.2307692307692308e-05,CoRoT-2,2026-08-09T01:27:15.473-0700,61261.352,60.0,True
database\observations\2026-08-09\CoRoT-2\session_01\CoRoT-2260809083016.fits,science,CoRoT-2,2026-08-09,True,,83ab55512eb9980e8216bab7ccb8cf75befdd2e75b3c7d054ac93c780f777f8a,656640,500x650,1.0,204.0,406.0,4095.0,9.23076923076923e-06,CoRoT-2,2026-08-09T01:30:16.104-0700,61261.354,60.0,True
database\observations\2026-08-09\CoRoT-2\session_01\CoRoT-2260809083315.fits,science,CoRoT-2,2026-08-09,True,,8abeb09bf4b7a7797235a15a0592c2e2149c591ed6dc084dedca61d49e916dcf,656640,500x650,1.0,205.0,406.0,4095.0,9.23076923076923e-06,CoRoT-2,2026-08-09T01:33:15.670-0700,61261.356,60.0,True
database\observations\2026-08-09\CoRoT-2\session_01\CoRoT-2260809083617.fits,science,CoRoT-2,2026-08-09,True,,538ac4748f13a9f9207d9bce90470f998f4f8a4a38f3f279631d256e065bc55d,656640,500x650,1.0,204.0,406.0,4095.0,9.23076923076923e-06,CoRoT-2,2026-08-09T01:36:17.181-0700,61261.359,60.0,True
database\observations\2026-08-09\CoRoT-2\session_01\CoRoT-2260809083916.fits,science,CoRoT-2,2026-08-09,True,,75cf137016713f42237f444840b588edf955ee1c54d40a57d161fc9970e65dce,656640,500x650,1.0,203.0,407.0,4095.0,6.153846153846154e-06,CoRoT-2,2026-08-09T01:39:16.732-0700,61261.361,60.0,True
database\observations\2026-08-09\CoRoT-2\session_01\CoRoT-2260809084216.fits,science,CoRoT-2,2026-08-09,True,,e0a5303906c0b21462d34805f10d4895e71b0e8cfb607661706754d64510ff04,656640,500x650,1.0,204.0,407.0,4095.0,6.153846153846154e-06,CoRoT-2,2026-08-09T01:42:16.571-0700,61261.363,60.0,True
database\observations\2026-08-09\CoRoT-2\session_01\CoRoT-2260809084516.fits,science,CoRoT-2,2026-08-09,True,,d6c3614aae3de32a0f079bf29915d2819349cbd4b18d1dcc6e7e1384637e9170,656640,500x650,1.0,205.0,407.0,4095.0,1.2307692307692308e-05,CoRoT-2,2026-08-09T01:45:16.175-0700,61261.365,60.0,True
database\observations\2026-08-09\CoRoT-2\session_01\CoRoT-2260809084815.fits,science,CoRoT-2,2026-08-09,True,,646c2a3e6a1a072100fe21ee92b564d9e93dc9fc05a5948e7d06ec4bc49e68b7,656640,500x650,1.0,204.0,408.0,4095.0,3.076923076923077e-06,CoRoT-2,2026-08-09T01:48:15.706-0700,61261.367,60.0,True
database\observations\2026-08-09\CoRoT-2\session_01\CoRoT-2260809085116.fits,science,CoRoT-2,2026-08-09,True,,d47b442dd4200a5a281cea1160b06950a3235f1d4758391bb32e9d0c6c1a18c0,656640,500x650,1.0,203.0,408.0,4095.0,9.23076923076923e-06,CoRoT-2,2026-08-09T01:51:16.434-0700,61261.369,60.0,True
database\observations\2026-08-09\CoRoT-2\session_01\CoRoT-2260809085417.fits,science,CoRoT-2,2026-08-09,True,,dae577bc0026ba023ceff2d1bae3fb995ac5ecca1c83d44e08226e6918f212f9,656640,500x650,1.0,204.0,409.0,4095.0,1.2307692307692308e-05,CoRoT-2,2026-08-09T01:54:17.087-0700,61261.371,60.0,True
database\observations\2026-08-09\CoRoT-2\session_01\CoRoT-2260809085715.fits,science,CoRoT-2,2026-08-09,True,,ce2159ca3b0731c8a55ba54c6245c8a21e178be242304c43286baef057c5a045,656640,500x650,1.0,204.0,410.0,4095.0,6.153846153846154e-06,CoRoT-2,2026-08-09T01:57:15.534-0700,61261.373,60.0,True
database\observations\2026-08-09\CoRoT-2\session_01\CoRoT-2260809090016.fits,science,CoRoT-2,2026-08-09,True,,cb113633cf168afc4696c431f45cdf51f64e28cad617202e7854d14b21f1901e,656640,500x650,1.0,204.0,410.0,4095.0,6.153846153846154e-06,CoRoT-2,2026-08-09T02:00:16.098-0700,61261.375,60.0,True
database\observations\2026-08-09\CoRoT-2\session_01\CoRoT-2260809090315.fits,science,CoRoT-2,2026-08-09,True,,b915b9c6d5c20288210dd6ecbbe49d0a0c85028dcf39dec162b6a0ce8939da38,656640,500x650,1.0,204.0,411.0,4095.0,9.23076923076923e-06,CoRoT-2,2026-08-09T02:03:15.600-0700,61261.377,60.0,True
database\observations\2026-08-09\CoRoT-2\session_01\CoRoT-2260809090615.fits,science,CoRoT-2,2026-08-09,True,,bf18ee62fd601b738b2c55d8917f1efa710b005c360a91c16c0206ddfaff490d,656640,500x650,1.0,201.0,411.0,4095.0,6.153846153846154e-06,CoRoT-2,2026-08-09T02:06:15.219-0700,61261.379,60.0,True
database\observations\2026-08-09\CoRoT-2\session_01\CoRoT-2260809090915.fits,science,CoRoT-2,2026-08-09,True,,5f87aadea81cc87ee3aeb1a8abbf5415e905c267440a5d1d0c075f15a7f54b6b,656640,500x650,1.0,204.0,411.0,4095.0,6.153846153846154e-06,CoRoT-2,2026-08-09T02:09:15.827-0700,61261.381,60.0,True
database\observations\2026-08-09\CoRoT-2\session_01\CoRoT-2260809091216.fits,science,CoRoT-2,2026-08-09,True,,57d225effa83e390a735fac010514888d8d39fa03f52d824d27acd35341a3b12,656640,500x650,1.0,204.0,412.0,4095.0,3.076923076923077e-06,CoRoT-2,2026-08-09T02:12:16.358-0700,61261.384,60.0,True
database\observations\2026-08-09\CoRoT-2\session_01\CoRoT-2260809091515.fits,science,CoRoT-2,2026-08-09,True,,cf423061294d14bd5ed48f95bcee4772c4a28d8e0b81e85e317430c760ad1842,656640,500x650,1.0,204.0,412.0,4095.0,1.2307692307692308e-05,CoRoT-2,2026-08-09T02:15:15.871-0700,61261.386,60.0,True
database\observations\2026-08-09\CoRoT-2\session_01\CoRoT-2260809091815.fits,science,CoRoT-2,2026-08-09,True,,a197c29697473c8749c10b96b70090113eaa97c1733783ca57bb02d2529bf8cb,656640,500x650,1.0,202.0,413.0,4095.0,1.2307692307692308e-05,CoRoT-2,2026-08-09T02:18:15.489-0700,61261.388,60.0,True
database\observations\2026-08-09\CoRoT-2\session_01\CoRoT-2260809092116.fits,science,CoRoT-2,2026-08-09,True,,47294529bbed14bcc463d6fd8aebe4024298b7fbe1319a97f2f12d96ce052465,656640,500x650,1.0,204.0,414.0,4055.0,0.0,CoRoT-2,2026-08-09T02:21:16.196-0700,61261.39,60.0,True
database\observations\2026-08-09\CoRoT-2\session_01\CoRoT-2260809092415.fits,science,CoRoT-2,2026-08-09,True,,644fd951536f3dd442d87ea16ebe08f9a732e7d6e10515672da803cd00081bcf,656640,500x650,1.0,204.0,414.0,4095.0,6.153846153846154e-06,CoRoT-2,2026-08-09T02:24:15.903-0700,61261.392,60.0,True
database\observations\2026-08-09\CoRoT-2\session_01\CoRoT-2260809092715.fits,science,CoRoT-2,2026-08-09,True,,f8eca90ba8275e25b45e8e04d029fa10dd71c5d42a2318f4d7155f9d38704c9b,656640,500x650,1.0,205.0,415.0,4095.0,1.2307692307692308e-05,CoRoT-2,2026-08-09T02:27:15.451-0700,61261.394,60.0,True
database\observations\2026-08-09\CoRoT-2\session_01\CoRoT-2260809093016.fits,science,CoRoT-2,2026-08-09,True,,c1535330e3f34145c9eebdb3a4e3dfe87fc7083e7493661d072b8f5bb1b3a9e1,656640,500x650,1.0,205.0,417.0,4095.0,1.2307692307692308e-05,CoRoT-2,2026-08-09T02:30:16.061-0700,61261.396,60.0,True
database\observations\2026-08-09\CoRoT-2\session_01\CoRoT-2260809093315.fits,science,CoRoT-2,2026-08-09,True,,a16ccdf4f21e744abf56a09a628083454e6ad75d07f86928a14002ad0da00b75,656640,500x650,1.0,204.0,418.0,3766.0,0.0,CoRoT-2,2026-08-09T02:33:15.674-0700,61261.398,60.0,True
database\observations\2026-08-09\CoRoT-2\session_01\CoRoT-2260809093615.fits,science,CoRoT-2,2026-08-09,True,,0f273915664b5deb2602ac70538376a9b41643b6dfdbdfd4305b349e95f4e077,656640,500x650,1.0,204.0,419.0,4095.0,6.153846153846154e-06,CoRoT-2,2026-08-09T02:36:15.210-0700,61261.4,60.0,True
database\observations\2026-08-10\TRES-3\session_01\TRES-3260810060640.fits,science,TRES-3,2026-08-10,True,,07b4a5a3309d355ca1a3776d58f3dac535d1047bbee155850ab1f8143892e012,656640,500x650,1.0,261.0,1448.0,3972.0,0.0,TRES-3,2026-08-09T23:06:40.229-0700,61262.255,60.0,True
database\observations\2026-08-10\TRES-3\session_01\TRES-3260810060916.fits,science,TRES-3,2026-08-10,True,,e79652d087be5fea9a37ec33d2ae5652e7fbc7b5cf67f399f8b2a2eb651c6649,656640,500x650,1.0,212.0,546.0,3288.0,0.0,TRES-3,2026-08-09T23:09:16.878-0700,61262.256,60.0,True
database\observations\2026-08-10\TRES-3\session_01\TRES-3260810061215.fits,science,TRES-3,2026-08-10,True,,902199ff0816e32eee0a423d5dd5d2bce73bdb3001e1c01094eeec167bf7a163,656640,500x650,1.0,221.0,740.0,3419.0,0.0,TRES-3,2026-08-09T23:12:15.648-0700,61262.259,60.0,True
database\observations\2026-08-10\TRES-3\session_01\TRES-3260810061516.fits,science,TRES-3,2026-08-10,True,,ad97d1581a1e5e0bf459bb6bd53997beb2b500d1995097441f85dd4711d4c6e6,656640,500x650,1.0,219.0,700.0,3368.0,0.0,TRES-3,2026-08-09T23:15:16.372-0700,61262.261,60.0,True
database\observations\2026-08-10\TRES-3\session_01\TRES-3260810061816.fits,science,TRES-3,2026-08-10,True,,432395fdca725318df10b683ba979c55641c0275f30f8405f138e866d5a5aff9,656640,500x650,1.0,208.0,501.0,3150.0,0.0,TRES-3,2026-08-09T23:18:16.907-0700,61262.263,60.0,True
database\observations\2026-08-10\TRES-3\session_01\TRES-3260810062117.fits,science,TRES-3,2026-08-10,True,,58263f6b25b301cf5d1ea6d31488e5753ff42710b3034b097743337c48dcef4f,656640,500x650,1.0,208.0,484.0,3085.0,0.0,TRES-3,2026-08-09T23:21:17.566-0700,61262.265,60.0,True
database\observations\2026-08-10\TRES-3\session_01\TRES-3260810062416.fits,science,TRES-3,2026-08-10,True,,97d68f25ad2b30a9b9eca9c2174c9055a22fddb86618df089ce8727b87c61822,656640,500x650,1.0,204.0,454.0,3065.0,0.0,TRES-3,2026-08-09T23:24:16.086-0700,61262.267,60.0,True
database\observations\2026-08-10\TRES-3\session_01\TRES-3260810062715.fits,science,TRES-3,2026-08-10,True,,c95bd6a9ec5c6b9548d9a2d41958760462ad14e9956abfd87be5288ecab5663f,656640,500x650,1.0,205.0,450.0,2986.0,0.0,TRES-3,2026-08-09T23:27:15.734-0700,61262.269,60.0,True
database\observations\2026-08-10\TRES-3\session_01\TRES-3260810063015.fits,science,TRES-3,2026-08-10,True,,23fa0fcdaf3d0efb420f7e1a18aa8ecbd6a8661d8fc73f03bebd8123f7fd8e76,656640,500x650,1.0,205.0,449.0,2962.0,0.0,TRES-3,2026-08-09T23:30:15.532-0700,61262.271,60.0,True
database\observations\2026-08-10\TRES-3\session_01\TRES-3260810063316.fits,science,TRES-3,2026-08-10,True,,cc4e2e20b0fdbe2add1af9227eaf7fdb72edce17f9ab0df81b7363a7bee21905,656640,500x650,1.0,205.0,447.0,2984.0,0.0,TRES-3,2026-08-09T23:33:16.193-0700,61262.273,60.0,True
database\observations\2026-08-10\TRES-3\session_01\TRES-3260810063616.fits,science,TRES-3,2026-08-10,True,,2eaf48c580f813670a6c9037d2b03b2a219ca4d4cf80d5eab0e2e66c578adffa,656640,500x650,1.0,204.0,444.0,2943.0,0.0,TRES-3,2026-08-09T23:36:16.737-0700,61262.275,60.0,True
database\observations\2026-08-10\TRES-3\session_01\TRES-3260810063915.fits,science,TRES-3,2026-08-10,True,,1c6fd213cabe9b2078e11ec4a6d0e957b0408b6ddb6c399c4f5f2a92fad8e1de,656640,500x650,1.0,204.0,447.0,2910.0,0.0,TRES-3,2026-08-09T23:39:15.222-0700,61262.277,60.0,True
database\observations\2026-08-10\TRES-3\session_01\TRES-3260810064215.fits,science,TRES-3,2026-08-10,True,,f17045e66bc5d6813359ab6c2e287969d428335f1d850b858f0f77d451340ea0,656640,500x650,1.0,203.0,442.0,2891.0,0.0,TRES-3,2026-08-09T23:42:15.845-0700,61262.279,60.0,True
database\observations\2026-08-10\TRES-3\session_01\TRES-3260810064516.fits,science,TRES-3,2026-08-10,True,,bd6610fd8118f999efe43a77cbd5b5682e01e3e5c57304572d822183d69fe465,656640,500x650,1.0,205.0,447.0,2912.0,0.0,TRES-3,2026-08-09T23:45:16.290-0700,61262.281,60.0,True
database\observations\2026-08-10\TRES-3\session_01\TRES-3260810064816.fits,science,TRES-3,2026-08-10,True,,e31a7aa5c43a382234aa975c88d75d92ce6b52cdf9d75aa50d532ccd66c39da4,656640,500x650,1.0,204.0,452.0,2913.0,0.0,TRES-3,2026-08-09T23:48:16.755-0700,61262.284,60.0,True
database\observations\2026-08-10\TRES-3\session_01\TRES-3260810065115.fits,science,TRES-3,2026-08-10,True,,cb589e0ab53a40f66312cf18d5ae73c6890a26bdbec0021bccb2e1f1b43b84c7,656640,500x650,1.0,204.0,437.0,2885.0,0.0,TRES-3,2026-08-09T23:51:15.325-0700,61262.286,60.0,True
database\observations\2026-08-10\TRES-3\session_01\TRES-3260810065415.fits,science,TRES-3,2026-08-10,True,,f72bcb3b13e88e5b07b1e50f855d6e35204ff5572b582936a30b6e0a135b2de3,656640,500x650,1.0,206.0,484.0,2984.0,0.0,TRES-3,2026-08-09T23:54:15.693-0700,61262.288,60.0,True
database\observations\2026-08-10\TRES-3\session_01\TRES-3260810065717.fits,science,TRES-3,2026-08-10,True,,54907a3d081056609c16d5f9afc3c42c0a5a6c3e96df9bf2a0d7d2086c071f1b,656640,500x650,1.0,204.0,427.0,2920.0,0.0,TRES-3,2026-08-09T23:57:17.092-0700,61262.29,60.0,True
database\observations\2026-08-10\TRES-3\session_01\TRES-3260810070015.fits,science,TRES-3,2026-08-10,True,,5aa032c3d0ea8f85eca02b96a2045cfd1bd4abf3910901d9b38b244bc6e2e063,656640,500x650,1.0,204.0,424.0,2919.0,0.0,TRES-3,2026-08-10T00:00:15.899-0700,61262.292,60.0,True
database\observations\2026-08-10\TRES-3\session_01\TRES-3260810070316.fits,science,TRES-3,2026-08-10,True,,530d6d57e4593be5b055e65284096a42697253aba67b56b44786ec590aa2f8ad,656640,500x650,1.0,203.0,420.0,2914.0,0.0,TRES-3,2026-08-10T00:03:16.513-0700,61262.294,60.0,True
database\observations\2026-08-10\TRES-3\session_01\TRES-3260810070616.fits,science,TRES-3,2026-08-10,True,,f91ed92f83d9bcae1f133572f5343dfad2b0bb70a2681915e6fcb6ef83196b32,656640,500x650,1.0,204.0,419.0,2898.0,0.0,TRES-3,2026-08-10T00:06:16.012-0700,61262.296,60.0,True
database\observations\2026-08-10\TRES-3\session_01\TRES-3260810070915.fits,science,TRES-3,2026-08-10,True,,3f7deed4657215a998e43c09ba838eef586063b99ef407f9899f1dee1c29427d,656640,500x650,1.0,204.0,418.0,2892.0,0.0,TRES-3,2026-08-10T00:09:15.500-0700,61262.298,60.0,True
database\observations\2026-08-10\TRES-3\session_01\TRES-3260810071217.fits,science,TRES-3,2026-08-10,True,,3e5f1a5aa8d5e3b2bff43ef4c34962c40e0a6a48b73f395b4b22eaafe52e3552,656640,500x650,1.0,204.0,415.0,2936.0,0.0,TRES-3,2026-08-10T00:12:17.114-0700,61262.3,60.0,True
database\observations\2026-08-10\TRES-3\session_01\TRES-3260810071516.fits,science,TRES-3,2026-08-10,True,,2aad8866bcb8a2d67840b50df11dfa67a904be128e68836cbd6f5680c8e64c80,656640,500x650,1.0,203.0,414.0,2949.0,0.0,TRES-3,2026-08-10T00:15:16.629-0700,61262.302,60.0,True
database\observations\2026-08-10\TRES-3\session_01\TRES-3260810071817.fits,science,TRES-3,2026-08-10,True,,89bf582f4071983d527bc2059bfa3100eb034234ab8bea9787ffeea74693953a,656640,500x650,1.0,204.0,415.0,2978.0,0.0,TRES-3,2026-08-10T00:18:17.143-0700,61262.304,60.0,True
database\observations\2026-08-10\TRES-3\session_01\TRES-3260810072115.fits,science,TRES-3,2026-08-10,True,,9d7ac7bab634bef478ce60f9d2e5c61ded95404592c224dbd2efb6497ae3e6df,656640,500x650,1.0,203.0,412.0,2929.0,0.0,TRES-3,2026-08-10T00:21:15.535-0700,61262.306,60.0,True
database\observations\2026-08-10\TRES-3\session_01\TRES-3260810072417.fits,science,TRES-3,2026-08-10,True,,2feff1804028eb6ee7b54e471cdeef9c96553075898ab4072a7de8f246748040,656640,500x650,1.0,201.0,411.0,2925.0,0.0,TRES-3,2026-08-10T00:24:17.094-0700,61262.309,60.0,True
database\observations\2026-08-10\TRES-3\session_01\TRES-3260810072715.fits,science,TRES-3,2026-08-10,True,,b0a66c7a0e8d606c6b0075f35dcc9018a252c5eef47e31dfa7ca7b0202d28c37,656640,500x650,1.0,203.0,404.0,3879.0,0.0,TRES-3,2026-08-10T00:27:15.589-0700,61262.311,60.0,True
database\observations\2026-08-10\TRES-3\session_01\TRES-3260810073016.fits,science,TRES-3,2026-08-10,True,,d3d2a0b0a611f8ceb1577519584d1610d19c7ea4de2104ec945486016a266f8d,656640,500x650,1.0,203.0,402.0,4095.0,3.076923076923077e-06,TRES-3,2026-08-10T00:30:16.164-0700,61262.313,60.0,True
database\observations\2026-08-10\TRES-3\session_01\TRES-3260810073315.fits,science,TRES-3,2026-08-10,True,,14c12c74f0fcb9c4205b78891ae7c8565a8d88e36204faed3d3a91479ed1587f,656640,500x650,1.0,203.0,405.0,3224.0,0.0,TRES-3,2026-08-10T00:33:15.736-0700,61262.315,60.0,True
database\observations\2026-08-10\TRES-3\session_01\TRES-3260810073616.fits,science,TRES-3,2026-08-10,True,,6e887f2fe3c925b4a448dc7c15204974429a38f0975291942d40fd3e36cffe44,656640,500x650,1.0,202.0,404.0,4095.0,3.076923076923077e-06,TRES-3,2026-08-10T00:36:16.322-0700,61262.317,60.0,True
database\observations\2026-08-10\TRES-3\session_01\TRES-3260810073915.fits,science,TRES-3,2026-08-10,True,,fdb02c4ca5607bc4397ee80074c37e2c9363c3f132619b5a37ba5f8ff13f558f,656640,500x650,1.0,202.0,402.0,4095.0,1.5384615384615384e-05,TRES-3,2026-08-10T00:39:15.959-0700,61262.319,60.0,True
database\observations\2026-08-10\TRES-3\session_01\TRES-3260810074215.fits,science,TRES-3,2026-08-10,True,,8303a6b2025e5ada3ea1e8cbe8ff4a7d8a12dff6e52da8d8b79c6245268ce54a,656640,500x650,1.0,203.0,402.0,4095.0,3.076923076923077e-06,TRES-3,2026-08-10T00:42:15.553-0700,61262.321,60.0,True
database\observations\2026-08-10\TRES-3\session_01\TRES-3260810074516.fits,science,TRES-3,2026-08-10,True,,c7f4dfd44e77094020a668cb3b6066e722310beca18aae88b9fe2381e23d21ec,656640,500x650,1.0,202.0,401.0,3970.0,0.0,TRES-3,2026-08-10T00:45:16.360-0700,61262.323,60.0,True
database\observations\2026-08-10\TRES-3\session_01\TRES-3260810074815.fits,science,TRES-3,2026-08-10,True,,cb900dda7a7fd52fcd928498a900f63f24e8f2e35f59cfec41f17629ff4012d4,656640,500x650,1.0,204.0,400.0,4095.0,9.23076923076923e-06,TRES-3,2026-08-10T00:48:15.974-0700,61262.325,60.0,True
database\observations\2026-08-10\TRES-3\session_01\TRES-3260810075116.fits,science,TRES-3,2026-08-10,True,,ec0a97ad6a6315ee6abc6ef78eb991107a512bc8ce41f80978d62ce397508ec9,656640,500x650,1.0,203.0,399.0,4095.0,1.846153846153846e-05,TRES-3,2026-08-10T00:51:16.512-0700,61262.327,60.0,True
database\observations\2026-08-10\TRES-3\session_01\TRES-3260810075416.fits,science,TRES-3,2026-08-10,True,,6913093bfe64aed9f6d51732550df19c9c667720d1f98f4b1e95ddf3fbe80921,656640,500x650,1.0,202.0,399.0,4095.0,9.23076923076923e-06,TRES-3,2026-08-10T00:54:16.228-0700,61262.329,60.0,True
database\observations\2026-08-10\TRES-3\session_01\TRES-3260810075716.fits,science,TRES-3,2026-08-10,True,,fcc6bc9e4530221e59c04b27ef14aa524a134f5eab1005cbbe36f481bc1b1472,656640,500x650,1.0,203.0,400.0,4095.0,2.4615384615384616e-05,TRES-3,2026-08-10T00:57:16.675-0700,61262.331,60.0,True
database\observations\2026-08-10\TRES-3\session_01\TRES-3260810080016.fits,science,TRES-3,2026-08-10,True,,3c2e6e9baca927258acc4e7fba36183ceb268f45497ef1071b6c63259b4b8592,656640,500x650,1.0,203.0,401.0,4095.0,9.23076923076923e-06,TRES-3,2026-08-10T01:00:16.242-0700,61262.334,60.0,True
database\observations\2026-08-10\TRES-3\session_01\TRES-3260810080315.fits,science,TRES-3,2026-08-10,True,,76af15b718275f984193b66de0d351b94b197f7dd29d25c7bb0445feffa3f02c,656640,500x650,1.0,203.0,401.0,4095.0,9.23076923076923e-06,TRES-3,2026-08-10T01:03:15.778-0700,61262.336,60.0,True
database\observations\2026-08-10\TRES-3\session_01\TRES-3260810080615.fits,science,TRES-3,2026-08-10,True,,2e0230c90a029e7e57cddac6bde8a99e88c491411a10b07adf355f7a91e0c884,656640,500x650,1.0,203.0,403.0,3436.0,0.0,TRES-3,2026-08-10T01:06:15.385-0700,61262.338,60.0,True
database\observations\2026-08-10\TRES-3\session_01\TRES-3260810080915.fits,science,TRES-3,2026-08-10,True,,dcffb6b7c239b1f7d3cf9a5829616aaaa834a8be5fe9c18208ff2d120e35e55f,656640,500x650,1.0,203.0,403.0,4095.0,6.153846153846154e-06,TRES-3,2026-08-10T01:09:15.895-0700,61262.34,60.0,True
database\observations\2026-08-10\TRES-3\session_01\TRES-3260810081216.fits,science,TRES-3,2026-08-10,True,,caf0c92a6e75f7e6a06eab874c1aefd5cd921deba2fa75f8dbaab2787ba39d6d,656640,500x650,1.0,202.0,401.0,4095.0,1.2307692307692308e-05,TRES-3,2026-08-10T01:12:16.996-0700,61262.342,60.0,True
database\observations\2026-08-10\TRES-3\session_01\TRES-3260810081515.fits,science,TRES-3,2026-08-10,True,,7870d2c16961c239adc601f345c1ed468657d4878f47dd252817af49f3813b1c,656640,500x650,1.0,203.0,401.0,4095.0,2.7692307692307694e-05,TRES-3,2026-08-10T01:15:15.580-0700,61262.344,60.0,True
database\observations\2026-08-10\TRES-3\session_01\TRES-3260810081815.fits,science,TRES-3,2026-08-10,True,,0672a78ba88a559ad4c3ab1ff3589a2ee33dd677addb0e643dae32935987abd9,656640,500x650,1.0,202.0,401.0,4095.0,1.2307692307692308e-05,TRES-3,2026-08-10T01:18:15.985-0700,61262.346,60.0,True
database\observations\2026-08-10\TRES-3\session_01\TRES-3260810082115.fits,science,TRES-3,2026-08-10,True,,545b7fddfe30ddfb8720c7b20067eebee56415cd61ff8af4ce70cb6db77847b3,656640,500x650,1.0,203.0,400.0,4095.0,3.692307692307692e-05,TRES-3,2026-08-10T01:21:15.481-0700,61262.348,60.0,True
database\observations\2026-08-10\TRES-3\session_01\TRES-3260810082417.fits,science,TRES-3,2026-08-10,True,,fe51f0646c53829e99a4909bebc65820a6f4aa1847a2b59e06f4c60fcb57b008,656640,500x650,1.0,203.0,400.0,4095.0,4.307692307692308e-05,TRES-3,2026-08-10T01:24:17.038-0700,61262.35,60.0,True
database\observations\2026-08-10\TRES-3\session_01\TRES-3260810082715.fits,science,TRES-3,2026-08-10,True,,799ec78d48c5c4c78367061eeb5b8a64944067c712e19cce42c891b8d55ca687,656640,500x650,1.0,204.0,401.0,4095.0,3.692307692307692e-05,TRES-3,2026-08-10T01:27:15.517-0700,61262.352,60.0,True
database\observations\2026-08-10\TRES-3\session_01\TRES-3260810083015.fits,science,TRES-3,2026-08-10,True,,958cb7e9b24086119ca6af3fcc287a11456d7ea22e038cfec926a162347a3147,656640,500x650,1.0,204.0,402.0,4095.0,2.4615384615384616e-05,TRES-3,2026-08-10T01:30:15.939-0700,61262.354,60.0,True
database\observations\2026-08-10\TRES-3\session_01\TRES-3260810083315.fits,science,TRES-3,2026-08-10,True,,0dfd50e7f428ba2ade7dc616de53d4de9e0fbe0c2f45a464e7bd3a3a92ae538d,656640,500x650,1.0,203.0,403.0,4095.0,1.2307692307692308e-05,TRES-3,2026-08-10T01:33:15.297-0700,61262.356,60.0,True
database\observations\2026-08-10\TRES-3\session_01\TRES-3260810083615.fits,science,TRES-3,2026-08-10,True,,233aaf4f3f9e4c3856202abf64ae539c05c093bf1275568730276f8f9c357725,656640,500x650,1.0,203.0,405.0,4095.0,9.23076923076923e-06,TRES-3,2026-08-10T01:36:15.668-0700,61262.359,60.0,True
database\observations\2026-08-10\TRES-3\session_01\TRES-3260810083916.fits,science,TRES-3,2026-08-10,True,,35628fcf8e387911969c07af384bc367d178133c03f4d3de6a7b8ed5cacbc5c4,656640,500x650,1.0,203.0,405.0,3529.0,0.0,TRES-3,2026-08-10T01:39:16.045-0700,61262.361,60.0,True
database\observations\2026-08-10\TRES-3\session_01\TRES-3260810084215.fits,science,TRES-3,2026-08-10,True,,ad07ba5f637e34f992df4956d2c2c6f079f3390eb5e51c5f4cd032cdee54e0fc,656640,500x650,1.0,204.0,408.0,3489.0,0.0,TRES-3,2026-08-10T01:42:15.414-0700,61262.363,60.0,True
database\observations\2026-08-10\TRES-3\session_01\TRES-3260810084516.fits,science,TRES-3,2026-08-10,True,,eb61a71a841ef9eedd168d3c2011429bfbdb885e9384123b66b0f5ca57a949fe,656640,500x650,1.0,203.0,407.0,3973.0,0.0,TRES-3,2026-08-10T01:45:16.017-0700,61262.365,60.0,True
database\observations\2026-08-10\TRES-3\session_01\TRES-3260810084816.fits,science,TRES-3,2026-08-10,True,,352e9ca07ddbe49c2f676046812614a442f8cb96de8b769a415946e0ea681758,656640,500x650,1.0,203.0,408.0,3876.0,0.0,TRES-3,2026-08-10T01:48:16.526-0700,61262.367,60.0,True
database\observations\2026-08-10\TRES-3\session_01\TRES-3260810085117.fits,science,TRES-3,2026-08-10,True,,66df98766bd834acdfe95a988f1e7bc6138feb84c91bdd741e2c7d80184d01e0,656640,500x650,1.0,204.0,407.0,3359.0,0.0,TRES-3,2026-08-10T01:51:17.138-0700,61262.369,60.0,True
database\observations\2026-08-10\TRES-3\session_01\TRES-3260810085416.fits,science,TRES-3,2026-08-10,True,,8519fc512a858b2614541d4ecd3c3d916d415b2cbba0bf166625240c3a91c073,656640,500x650,1.0,203.0,410.0,2959.0,0.0,TRES-3,2026-08-10T01:54:16.608-0700,61262.371,60.0,True
database\observations\2026-08-10\TRES-3\session_01\TRES-3260810085717.fits,science,TRES-3,2026-08-10,True,,dadbaa874fc596aab1a8f8501709aa84563cbabf34c54f92b32c0fe7514fcea1,656640,500x650,1.0,203.0,410.0,2940.0,0.0,TRES-3,2026-08-10T01:57:17.142-0700,61262.373,60.0,True
database\observations\2026-08-10\TRES-3\session_01\TRES-3260810090015.fits,science,TRES-3,2026-08-10,True,,78f0a5f591b93dc477eecc106b7b04564f27e101a4f00b0c8aae08d9ecc7cecb,656640,500x650,1.0,204.0,410.0,3534.0,0.0,TRES-3,2026-08-10T02:00:15.866-0700,61262.375,60.0,True
database\observations\2026-08-10\TRES-3\session_01\TRES-3260810090708.fits,science,TRES-3,2026-08-10,True,,d0c95ff6f082289adfa13cadb3f5fc480e42fbb5322065c26fe278975681fff7,656640,500x650,1.0,203.0,410.0,2943.0,0.0,TRES-3,2026-08-10T02:07:08.523-0700,61262.38,60.0,True
database\observations\2026-08-10\TRES-3\session_01\TRES-3260810091249.fits,science,TRES-3,2026-08-10,True,,0eb0a7a54f1f5ad3516264ab15b0c49fcacca9ac5d3cc40760060d299fd433f9,656640,500x650,1.0,204.0,411.0,2958.0,0.0,TRES-3,2026-08-10T02:12:49.988-0700,61262.384,60.0,True
database\observations\2026-08-10\TRES-3\session_01\TRES-3260810091436.fits,science,TRES-3,2026-08-10,True,,29550cd59328ab21da3a4de41243f579dec18a40b35b04cbd5ea3de5e0acd456,656640,500x650,1.0,202.0,411.0,2908.0,0.0,TRES-3,2026-08-10T02:14:36.194-0700,61262.385,60.0,True
database\observations\2026-08-10\TRES-3\session_01\TRES-3260810092014.fits,science,TRES-3,2026-08-10,True,,8eb5b7e6d1c8dedf09eb5d8e3e232d3f2e958dafd41b219888eb66af17c1af18,656640,500x650,1.0,202.0,409.0,2957.0,0.0,TRES-3,2026-08-10T02:20:14.756-0700,61262.389,60.0,True
database\observations\2026-08-10\TRES-3\session_01\TRES-3260810092552.fits,science,TRES-3,2026-08-10,True,,378474d91eba009bb8eb82dcb754e46c52c8048f504e65200a597369f14b0949,656640,500x650,1.0,204.0,409.0,2934.0,0.0,TRES-3,2026-08-10T02:25:52.331-0700,61262.393,60.0,True
database\observations\2026-08-10\TRES-3\session_01\TRES-3260810093318.fits,science,TRES-3,2026-08-10,True,,0009219e5152aac5808b43c66554368f7027f70507a590ffe692eaa2ca59cea1,656640,500x650,1.0,203.0,410.0,2946.0,0.0,TRES-3,2026-08-10T02:33:18.323-0700,61262.398,60.0,True
database\observations\2026-08-10\TRES-3\session_01\TRES-3260810093856.fits,science,TRES-3,2026-08-10,True,,037164f0b27a157a681ec672c5fe4cf5771e91dbd2ab511c8749cf2c615c14c5,656640,500x650,1.0,203.0,409.0,3194.0,0.0,TRES-3,2026-08-10T02:38:56.827-0700,61262.402,60.0,True
database\observations\2026-08-10\TRES-3\session_01\TRES-3260810094042.fits,science,TRES-3,2026-08-10,True,,d224b62ecfe80b815b317dd5bb179c22d0b77f606822a895ccf2c9de22b24bef,656640,500x650,1.0,204.0,410.0,2746.0,0.0,TRES-3,2026-08-10T02:40:42.061-0700,61262.403,60.0,True
database\observations\2026-08-10\TRES-3\session_01\TRES-3260810094809.fits,science,TRES-3,2026-08-10,True,,16a61296dade8d0a72e48fe96d3729bff6715b7ce43e6023ff4f20eb4da4f14a,656640,500x650,1.0,202.0,410.0,3196.0,0.0,TRES-3,2026-08-10T02:48:09.946-0700,61262.408,60.0,True
database\observations\2026-08-10\TRES-3\session_01\TRES-3260810094956.fits,science,TRES-3,2026-08-10,True,,f653d57e51f6e1a2f4bf75ac47545aa0a78276973f321fcd72bb1482e6c333d8,656640,500x650,1.0,204.0,410.0,3244.0,0.0,TRES-3,2026-08-10T02:49:56.192-0700,61262.41,60.0,True
database\observations\2026-08-10\TRES-3\session_01\TRES-3260810095534.fits,science,TRES-3,2026-08-10,True,,93b68b6fa23dcd987383aea5f1f0a31718141e9042c4580eb323e149fb46131b,656640,500x650,1.0,202.0,412.0,3062.0,0.0,TRES-3,2026-08-10T02:55:34.777-0700,61262.414,60.0,True
database\observations\2026-08-11\WASP-2\session_01\WASP-2260811065433.fits,science,WASP-2,2026-08-11,True,,0f0c7d490cae804c6095650c48f5d8ae503d2deaf75c80b88eea4eb61954ea60,656640,500x650,1.0,205.0,401.0,4095.0,0.00012,WASP-2,2026-08-10T23:54:33.864-0700,61263.288,60.0,True
database\observations\2026-08-11\WASP-2\session_01\WASP-2260811065834.fits,science,WASP-2,2026-08-11,True,,da933a9ec21356d7956a437159e8595dce7d5bb149e0db88d9185620c1805679,656640,500x650,1.0,205.0,403.0,4095.0,0.00013846153846153847,WASP-2,2026-08-10T23:58:34.954-0700,61263.291,60.0,True
database\observations\2026-08-11\WASP-2\session_01\WASP-2260811070235.fits,science,WASP-2,2026-08-11,True,,e1359b1cea6a1d9919159bcbbca61aaa36ba00a55f814d95558370a97a480524,656640,500x650,1.0,204.0,404.0,4095.0,0.00010461538461538461,WASP-2,2026-08-11T00:02:35.872-0700,61263.293,60.0,True
database\observations\2026-08-11\WASP-2\session_01\WASP-2260811070422.fits,science,WASP-2,2026-08-11,True,,60fc4d31fdff152f175f91f3c9ce835709874059edbc71374934a4a71650ddea,656640,500x650,1.0,202.0,403.0,4095.0,9.538461538461538e-05,WASP-2,2026-08-11T00:04:22.182-0700,61263.295,60.0,True
database\observations\2026-08-11\WASP-2\session_01\WASP-2260811070615.fits,science,WASP-2,2026-08-11,True,,aba211c93580a4d1efc2c6a409c6c5ae3dbf57f19b7d5cba25a2a36bfdea4ba6,656640,500x650,1.0,203.0,402.0,4095.0,0.0001076923076923077,WASP-2,2026-08-11T00:06:15.458-0700,61263.296,60.0,True
database\observations\2026-08-11\WASP-2\session_01\WASP-2260811070915.fits,science,WASP-2,2026-08-11,True,,a89bdc3371275378ad3735cc438a37985212c25813c576dc155d8b72ef6a4ccb,656640,500x650,1.0,203.0,402.0,4095.0,0.00011692307692307692,WASP-2,2026-08-11T00:09:15.744-0700,61263.298,60.0,True
database\observations\2026-08-11\WASP-2\session_01\WASP-2260811071216.fits,science,WASP-2,2026-08-11,True,,b5db952134597b724bba8b9030666b1aa0cfcd29209b4279509c1869b9acf4cb,656640,500x650,1.0,202.0,403.0,4095.0,0.00010153846153846155,WASP-2,2026-08-11T00:12:16.011-0700,61263.3,60.0,True
database\observations\2026-08-11\WASP-2\session_01\WASP-2260811071516.fits,science,WASP-2,2026-08-11,True,,6b0dc10dcd01a91c9b65293ab8e35be51d2ef201172505888caddec123085784,656640,500x650,1.0,204.0,402.0,4095.0,0.00011076923076923077,WASP-2,2026-08-11T00:15:16.395-0700,61263.302,60.0,True
database\observations\2026-08-11\WASP-2\session_01\WASP-2260811071817.fits,science,WASP-2,2026-08-11,True,,3bd5f896e9ef1fa928e998d00ce1e469572d8a8f551da8591b593806a02aa2f1,656640,500x650,1.0,203.0,402.0,4095.0,0.00011076923076923077,WASP-2,2026-08-11T00:18:17.050-0700,61263.304,60.0,True
database\observations\2026-08-11\WASP-2\session_01\WASP-2260811072116.fits,science,WASP-2,2026-08-11,True,,fc934113c81a7c8cd49decb9717a5fb8674865757a12246e330488eb67dfbec1,656640,500x650,1.0,204.0,402.0,4095.0,0.00012615384615384615,WASP-2,2026-08-11T00:21:16.118-0700,61263.306,60.0,True
database\observations\2026-08-11\WASP-2\session_01\WASP-2260811072417.fits,science,WASP-2,2026-08-11,True,,75601f2af86f5707651889c68392101f942240318b6f75cc341b4b0301b54d0f,656640,500x650,1.0,203.0,402.0,4095.0,0.00011692307692307692,WASP-2,2026-08-11T00:24:17.102-0700,61263.309,60.0,True
database\observations\2026-08-11\WASP-2\session_01\WASP-2260811072716.fits,science,WASP-2,2026-08-11,True,,60da9ffaf818eaabda7823e9294f8695490f6a9fe803d5eefda4d3ad16bf93e2,656640,500x650,1.0,204.0,402.0,4095.0,0.00011384615384615384,WASP-2,2026-08-11T00:27:16.168-0700,61263.311,60.0,True
database\observations\2026-08-11\WASP-2\session_01\WASP-2260811073015.fits,science,WASP-2,2026-08-11,True,,5d3e3d73432965fd8166f36a22d42e87ec9cfb320631ef9da89c1228bb5f3f88,656640,500x650,1.0,203.0,401.0,4095.0,0.00012,WASP-2,2026-08-11T00:30:15.978-0700,61263.313,60.0,True
database\observations\2026-08-11\WASP-2\session_01\WASP-2260811073315.fits,science,WASP-2,2026-08-11,True,,ac1b9f3357320f03dd3c4cc0749244f480bf872768bf377ddacb27a400dac50e,656640,500x650,1.0,203.0,401.0,4095.0,0.00011076923076923077,WASP-2,2026-08-11T00:33:15.360-0700,61263.315,60.0,True
database\observations\2026-08-11\WASP-2\session_01\WASP-2260811073615.fits,science,WASP-2,2026-08-11,True,,e5d934e8452f80ec6b780f5a72fc5286091b436e9eb17eff2cabcf2cb5474e57,656640,500x650,1.0,203.0,401.0,4095.0,0.00011384615384615384,WASP-2,2026-08-11T00:36:15.728-0700,61263.317,60.0,True
database\observations\2026-08-11\WASP-2\session_01\WASP-2260811073917.fits,science,WASP-2,2026-08-11,True,,c108c09d6d21d340a58dd5634929ca1754a7fdbac1f0b62e441e02e4aba1381a,656640,500x650,1.0,202.0,401.0,4095.0,0.00011384615384615384,WASP-2,2026-08-11T00:39:17.170-0700,61263.319,60.0,True
database\observations\2026-08-11\WASP-2\session_01\WASP-2260811074216.fits,science,WASP-2,2026-08-11,True,,a68e32013fd5e3fc3d26e11ce1c961d0f46b29c434488127c0c182a9ca39351f,656640,500x650,1.0,202.0,400.0,4095.0,9.846153846153846e-05,WASP-2,2026-08-11T00:42:16.285-0700,61263.321,60.0,True
database\observations\2026-08-11\WASP-2\session_01\WASP-2260811074516.fits,science,WASP-2,2026-08-11,True,,3f0719bb6fd46ac20dafd2ae06a75678a281d40c35c855c4e9672cceca3c7de5,656640,500x650,1.0,202.0,401.0,4095.0,0.00012,WASP-2,2026-08-11T00:45:16.926-0700,61263.323,60.0,True
database\observations\2026-08-11\WASP-2\session_01\WASP-2260811074816.fits,science,WASP-2,2026-08-11,True,,71a273bb16962279828b7c357e9e9005614b19ead0504b2fd6148f62b728454d,656640,500x650,1.0,204.0,401.0,4095.0,0.00011384615384615384,WASP-2,2026-08-11T00:48:16.412-0700,61263.325,60.0,True
database\observations\2026-08-11\WASP-2\session_01\WASP-2260811075115.fits,science,WASP-2,2026-08-11,True,,9eab80db0b485dfc7585b4362f6b4c5f1bd6c805ef6bf9924196f632969eb5fa,656640,500x650,1.0,202.0,400.0,4095.0,0.00011076923076923077,WASP-2,2026-08-11T00:51:15.598-0700,61263.327,60.0,True
database\observations\2026-08-11\WASP-2\session_01\WASP-2260811075416.fits,science,WASP-2,2026-08-11,True,,905ea89d5de31ca31ca2870da70ed3078741b660d34bbe1099cee7976edb0e39,656640,500x650,1.0,203.0,400.0,4095.0,9.538461538461538e-05,WASP-2,2026-08-11T00:54:16.401-0700,61263.329,60.0,True
database\observations\2026-08-11\WASP-2\session_01\WASP-2260811075716.fits,science,WASP-2,2026-08-11,True,,95ca6c4675cbda1f9a262232981c7536d1532555cac3fb7f984a3177ea1e83cf,656640,500x650,1.0,203.0,400.0,4095.0,0.00010153846153846155,WASP-2,2026-08-11T00:57:16.918-0700,61263.331,60.0,True
database\observations\2026-08-11\WASP-2\session_01\WASP-2260811080016.fits,science,WASP-2,2026-08-11,True,,e78e84e443ffdd7bb2712018602f011160a1cfbfabf1e543d4e79203e5748030,656640,500x650,1.0,202.0,401.0,4095.0,9.538461538461538e-05,WASP-2,2026-08-11T01:00:16.657-0700,61263.334,60.0,True
database\observations\2026-08-11\WASP-2\session_01\WASP-2260811080315.fits,science,WASP-2,2026-08-11,True,,4d8bd139161027d540f2cae51ba781481c7587720f9cb5416e2f1978cf759e01,656640,500x650,1.0,203.0,403.0,4095.0,7.384615384615384e-05,WASP-2,2026-08-11T01:03:15.535-0700,61263.336,60.0,True
database\observations\2026-08-11\WASP-2\session_01\WASP-2260811080616.fits,science,WASP-2,2026-08-11,True,,a9317066d6035fa9892c4c25a6cb03309b3094f39afed684969a625d3cceebda,656640,500x650,1.0,204.0,410.0,2816.0,0.0,WASP-2,2026-08-11T01:06:16.543-0700,61263.338,60.0,True
database\observations\2026-08-11\WASP-2\session_01\WASP-2260811080915.fits,science,WASP-2,2026-08-11,True,,22f85088483721be51560011f0375a6f2a3e094f1cb51b707b2e1ca9e3ab7042,656640,500x650,1.0,204.0,407.0,2779.0,0.0,WASP-2,2026-08-11T01:09:15.999-0700,61263.34,60.0,True
database\observations\2026-08-11\WASP-2\session_01\WASP-2260811081216.fits,science,WASP-2,2026-08-11,True,,7528f7f10604560a38aeceb8533a984a1cbc0d00884ae91578dd85031bca9035,656640,500x650,1.0,204.0,412.0,3244.0,0.0,WASP-2,2026-08-11T01:12:16.522-0700,61263.342,60.0,True
database\observations\2026-08-11\WASP-2\session_01\WASP-2260811081516.fits,science,WASP-2,2026-08-11,True,,245fb969cedeffe478f8caf392ccaa5e791cd176c153c8aa2c0746ab05c3709f,656640,500x650,1.0,202.0,413.0,2905.0,0.0,WASP-2,2026-08-11T01:15:16.034-0700,61263.344,60.0,True
database\observations\2026-08-11\WASP-2\session_01\WASP-2260811081816.fits,science,WASP-2,2026-08-11,True,,c090aaadb4f4f80b03bf09e4545cac77f6632472f6df36630f72a0650307e8ab,656640,500x650,1.0,204.0,414.0,2803.0,0.0,WASP-2,2026-08-11T01:18:16.564-0700,61263.346,60.0,True
database\observations\2026-08-11\WASP-2\session_01\WASP-2260811082117.fits,science,WASP-2,2026-08-11,True,,bf468337331c50e2bc7b6841521fccd0050430f8b474e89e9b7705aa9d915d5f,656640,500x650,1.0,203.0,408.0,2901.0,0.0,WASP-2,2026-08-11T01:21:17.146-0700,61263.348,60.0,True
database\observations\2026-08-11\WASP-2\session_01\WASP-2260811082415.fits,science,WASP-2,2026-08-11,True,,7ee6d02fe227eccc981c22b93ec2709f676946a501cbeeb3fe3c87e4182342dd,656640,500x650,1.0,202.0,404.0,3030.0,0.0,WASP-2,2026-08-11T01:24:15.869-0700,61263.35,60.0,True
database\observations\2026-08-11\WASP-2\session_01\WASP-2260811082716.fits,science,WASP-2,2026-08-11,True,,a13553d0573c3519b87680f665d29479c5a5f0e0c460426b1fb0ce85eb5c781f,656640,500x650,1.0,203.0,398.0,3252.0,0.0,WASP-2,2026-08-11T01:27:16.659-0700,61263.352,60.0,True
database\observations\2026-08-11\WASP-2\session_01\WASP-2260811083015.fits,science,WASP-2,2026-08-11,True,,d8ca3288d3842f15464e77acb4fbaeb6fe217e83b2bfbc7943a756eae544a873,656640,500x650,1.0,202.0,410.0,3257.0,0.0,WASP-2,2026-08-11T01:30:15.925-0700,61263.354,60.0,True
database\observations\2026-08-11\WASP-2\session_01\WASP-2260811083315.fits,science,WASP-2,2026-08-11,True,,b3a822ae50895c83a34a85f9980c45b263063fa69ba0b3358775900f1165a66e,656640,500x650,1.0,204.0,408.0,3023.0,0.0,WASP-2,2026-08-11T01:33:15.492-0700,61263.356,60.0,True
database\observations\2026-08-11\WASP-2\session_01\WASP-2260811083616.fits,science,WASP-2,2026-08-11,True,,6231f6f5a1e2aaeeea32b93268420c7932072e5020a0d4cd728c57d1b31c2efc,656640,500x650,1.0,205.0,440.0,3143.0,0.0,WASP-2,2026-08-11T01:36:16.851-0700,61263.359,60.0,True
database\observations\2026-08-11\WASP-2\session_01\WASP-2260811083917.fits,science,WASP-2,2026-08-11,True,,edd3b4695b2ded9c46ac16a9e9d1eb9429988878c206227e455754e32033e111,656640,500x650,1.0,206.0,475.0,3293.0,0.0,WASP-2,2026-08-11T01:39:17.268-0700,61263.361,60.0,True
database\observations\2026-08-11\WASP-2\session_01\WASP-2260811084215.fits,science,WASP-2,2026-08-11,True,,2eb5832628332f32f90979d9cdb1bad766b7ce75b453e3c1a2c3d4c744b1a943,656640,500x650,1.0,209.0,594.0,3372.0,0.0,WASP-2,2026-08-11T01:42:15.739-0700,61263.363,60.0,True
database\observations\2026-08-11\WASP-2\session_01\WASP-2260811084515.fits,science,WASP-2,2026-08-11,True,,ebf7300c9de3ac5e022717fc67b851b75ab2638a387a87076389baf713f2797f,656640,500x650,1.0,223.0,886.0,3497.0,0.0,WASP-2,2026-08-11T01:45:15.278-0700,61263.365,60.0,True
database\observations\2026-08-11\WASP-2\session_01\WASP-2260811084815.fits,science,WASP-2,2026-08-11,True,,de22110f0d9b7f7c962f83b1d062a5ca6361e7d6dc14c417e847e876335263a4,656640,500x650,1.0,225.0,1021.0,3583.0,0.0,WASP-2,2026-08-11T01:48:15.366-0700,61263.367,60.0,True
database\observations\2026-08-11\WASP-2\session_01\WASP-2260811085115.fits,science,WASP-2,2026-08-11,True,,bd8683107d714b1081abe25c8dae6779a2459bcc907b5b22ebc4ae29525c7f30,656640,500x650,1.0,244.0,1512.0,3823.0,0.0,WASP-2,2026-08-11T01:51:15.672-0700,61263.369,60.0,True
database\observations\2026-08-11\WASP-2\session_01\WASP-2260811085416.fits,science,WASP-2,2026-08-11,True,,c6737d2a973e6b3bd825f6c841305e5d21cdf09456e52f2b98529230ddb623ba,656640,500x650,1.0,264.0,1973.0,4057.0,0.0,WASP-2,2026-08-11T01:54:16.076-0700,61263.371,60.0,True
database\observations\2026-08-11\WASP-2\session_01\WASP-2260811085716.fits,science,WASP-2,2026-08-11,True,,981b0e55beb83e2e9733e78c7dfa45663a35600335f0a24a67601b16a9ea9fb8,656640,500x650,1.0,290.0,2343.0,4095.0,9.23076923076923e-06,WASP-2,2026-08-11T01:57:16.703-0700,61263.373,60.0,True
database\observations\2026-08-11\WASP-2\session_01\WASP-2260811090015.fits,science,WASP-2,2026-08-11,True,,1c03ae371041d22f4f8a88ec99a27c51639385e2e161152549b564c70363805f,656640,500x650,1.0,361.0,4012.0,4095.0,0.0005323076923076923,WASP-2,2026-08-11T02:00:15.518-0700,61263.375,60.0,True
database\observations\2026-08-11\WASP-2\session_01\WASP-2260811090317.fits,science,WASP-2,2026-08-11,True,,c426dd6f83841e3ec7c9caadfff06e6c6be1e66d72ad71c61c4868ec658bb8a0,656640,500x650,1.0,495.0,4095.0,4095.0,0.9984615384615385,WASP-2,2026-08-11T02:03:17.092-0700,61263.377,60.0,True
database\observations\2026-08-11\WASP-2\session_01\WASP-2260811090618.fits,science,WASP-2,2026-08-11,True,,ee56d284f542d54519c02428511ae7193557f0ddc638f33599a04e7d0f88ce62,656640,500x650,1.0,625.0,4095.0,4095.0,0.9984615384615385,WASP-2,2026-08-11T02:06:18.609-0700,61263.379,60.0,True
database\observations\2026-08-11\WASP-2\session_01\WASP-2260811090916.fits,science,WASP-2,2026-08-11,True,,a45689df2f875ccf17172aea0a038f58d369ee406f8c99a04d6d50cfcdef6333,656640,500x650,1.0,563.0,4095.0,4095.0,0.9984615384615385,WASP-2,2026-08-11T02:09:16.321-0700,61263.381,60.0,True
database\observations\2026-08-11\WASP-2\session_01\WASP-2260811091215.fits,science,WASP-2,2026-08-11,True,,370a75f2ab04f7b3ffa1a7786defb643c1e7a2646db82a2db77ea11a045ef1e9,656640,500x650,1.0,550.0,4095.0,4095.0,0.9984615384615385,WASP-2,2026-08-11T02:12:15.887-0700,61263.384,60.0,True
database\observations\2026-08-11\WASP-2\session_01\WASP-2260811091516.fits,science,WASP-2,2026-08-11,True,,16ce067ee9f499e5334d0de6a264afd441deb32555d58362919bd1957c588e70,656640,500x650,1.0,440.0,4095.0,4095.0,0.9984584615384615,WASP-2,2026-08-11T02:15:16.368-0700,61263.386,60.0,True
database\observations\2026-08-11\WASP-2\session_01\WASP-2260811091816.fits,science,WASP-2,2026-08-11,True,,4765715cd5d61af82b797ece4ac50e005111617e13692a7a31943ead11c4f931,656640,500x650,1.0,516.0,4095.0,4095.0,0.9984615384615385,WASP-2,2026-08-11T02:18:16.023-0700,61263.388,60.0,True
database\observations\2026-08-11\WASP-2\session_01\WASP-2260811092117.fits,science,WASP-2,2026-08-11,True,,01cdb847295331d09b79827bfae4c8303fdd7775b5edb2e3760298232cbcb174,656640,500x650,1.0,550.0,4095.0,4095.0,0.9984615384615385,WASP-2,2026-08-11T02:21:17.089-0700,61263.39,60.0,True
database\observations\2026-08-11\WASP-2\session_01\WASP-2260811092416.fits,science,WASP-2,2026-08-11,True,,f54391aeadf173503bde575b37bdce9a4596553ee4d409997907d1dbe7cc6e70,656640,500x650,1.0,387.0,3892.0,4095.0,0.00012923076923076923,WASP-2,2026-08-11T02:24:16.730-0700,61263.392,60.0,True
database\observations\2026-08-11\WASP-2\session_01\WASP-2260811092716.fits,science,WASP-2,2026-08-11,True,,6d40e2e6add57cadb6c15ab4fb4d01e8569184e39fbbc1387991101a204ade06,656640,500x650,1.0,278.0,1988.0,4029.0,0.0,WASP-2,2026-08-11T02:27:16.810-0700,61263.394,60.0,True
database\observations\2026-08-11\WASP-2\session_01\WASP-2260811093015.fits,science,WASP-2,2026-08-11,True,,a4d0bd2d4e9fe9cad98301436fafde366c4118abf70095353e04f2a5243f7321,656640,500x650,1.0,279.0,2037.0,4016.0,0.0,WASP-2,2026-08-11T02:30:15.755-0700,61263.396,60.0,True
database\observations\2026-08-11\WASP-2\session_01\WASP-2260811093315.fits,science,WASP-2,2026-08-11,True,,ec3139c65db38ee9b5e217a5f33b0859aa94f577ad6f2f86f6b0661cc587e1ef,656640,500x650,1.0,238.0,1187.0,3226.0,0.0,WASP-2,2026-08-11T02:33:15.801-0700,61263.398,60.0,True
database\observations\2026-08-11\WASP-2\session_01\WASP-2260811093617.fits,science,WASP-2,2026-08-11,True,,038bf019e09da596285bb318a9de2d8690561ac5ad7e912a03a719d0b68c81c5,656640,500x650,1.0,236.0,1069.0,3515.0,0.0,WASP-2,2026-08-11T02:36:17.555-0700,61263.4,60.0,True
database\observations\2026-08-11\WASP-2\session_01\WASP-2260811093916.fits,science,WASP-2,2026-08-11,True,,78d4f32b6ca6440e4bdf9acd1fa2bb0be8f09462006b8f1aaa60e46f18885da0,656640,500x650,1.0,226.0,879.0,3281.0,0.0,WASP-2,2026-08-11T02:39:16.381-0700,61263.402,60.0,True
database\observations\2026-08-11\WASP-2\session_01\WASP-2260811094217.fits,science,WASP-2,2026-08-11,True,,8a62332db13ade874f0fd184f30eb1c41a4fd618c15adc57371abc5a376758ce,656640,500x650,1.0,220.0,760.0,3198.0,0.0,WASP-2,2026-08-11T02:42:17.138-0700,61263.404,60.0,True
database\observations\2026-08-11\WASP-2\session_01\WASP-2260811094515.fits,science,WASP-2,2026-08-11,True,,c1b8bb95aac56be746d1e1cc07cd4de207a7c21ccc880a7121ea8682f1548de3,656640,500x650,1.0,209.0,581.0,2636.0,0.0,WASP-2,2026-08-11T02:45:15.879-0700,61263.406,60.0,True
database\observations\2026-08-11\WASP-2\session_01\WASP-2260811094815.fits,science,WASP-2,2026-08-11,True,,cbc940370fc83aa796b4ced8dbf8033d29168796d0bb7fa414d2ce9b3764cf53,656640,500x650,1.0,208.0,535.0,3026.0,0.0,WASP-2,2026-08-11T02:48:15.329-0700,61263.409,60.0,True
database\observations\2026-08-11\WASP-2\session_01\WASP-2260811095117.fits,science,WASP-2,2026-08-11,True,,5f141d6246c7fad5d82d0d28c67e83fbcf4c10d1969c1200717df10eecb3132e,656640,500x650,1.0,208.0,554.0,3041.0,0.0,WASP-2,2026-08-11T02:51:17.176-0700,61263.411,60.0,True
database\observations\2026-08-11\WASP-2\session_01\WASP-2260811095415.fits,science,WASP-2,2026-08-11,True,,50cad0fde636686537e9620977c1a8999c7db3eb4340e6938645fb1294363c7c,656640,500x650,1.0,211.0,601.0,3102.0,0.0,WASP-2,2026-08-11T02:54:15.343-0700,61263.413,60.0,True
database\observations\2026-08-11\WASP-2\session_01\WASP-2260811095716.fits,science,WASP-2,2026-08-11,True,,a9f49487e2ca3e92d0c3d775bf34eb5bd6ace575952b9b7c6849ed8b12990698,656640,500x650,1.0,206.0,498.0,2738.0,0.0,WASP-2,2026-08-11T02:57:16.363-0700,61263.415,60.0,True
database\observations\2026-08-11\WASP-2\session_01\WASP-2260811100016.fits,science,WASP-2,2026-08-11,True,,8037813c4f0d2871beedb5213aa472f37b619fae324de6b3ba71b03d7d0b5330,656640,500x650,1.0,205.0,460.0,2538.0,0.0,WASP-2,2026-08-11T03:00:16.056-0700,61263.417,60.0,True
database\observations\2026-08-11\WASP-2\session_01\WASP-2260811100316.fits,science,WASP-2,2026-08-11,True,,74bf98c2aa19033cfa7ea6f2ba3210c2173cbeeb257afd3704565fcbfc1c4d83,656640,500x650,1.0,210.0,595.0,2862.0,0.0,WASP-2,2026-08-11T03:03:16.708-0700,61263.419,60.0,True
database\observations\2026-08-11\WASP-2\session_01\WASP-2260811100616.fits,science,WASP-2,2026-08-11,True,,a5d318c5feef6cc6d7c5f2e2070f3ee57ed33a06ae5aed7da0efe2fcf41e7aaa,656640,500x650,1.0,206.0,506.0,2623.0,0.0,WASP-2,2026-08-11T03:06:16.302-0700,61263.421,60.0,True
database\observations\2026-08-11\WASP-2\session_01\WASP-2260811100916.fits,science,WASP-2,2026-08-11,True,,f4e151106997a05dc5cc63cee6b021058739896cdad7a2d3f875e8f400c46458,656640,500x650,1.0,204.0,460.0,2880.0,0.0,WASP-2,2026-08-11T03:09:16.808-0700,61263.423,60.0,True
database\observations\2026-08-11\WASP-2\session_01\WASP-2260811101216.fits,science,WASP-2,2026-08-11,True,,8d37b50f8c2e8df01ff3c23b1587c25d601705ccac87a8744abdea37d6195ec0,656640,500x650,1.0,204.0,446.0,2661.0,0.0,WASP-2,2026-08-11T03:12:16.502-0700,61263.425,60.0,True
database\observations\2026-08-11\WASP-2\session_01\WASP-2260811101516.fits,science,WASP-2,2026-08-11,True,,d52048768c3907ef20a9154dc39a3d82ff476d0bc8b96c2ff36b4e90c3e7f87f,656640,500x650,1.0,204.0,471.0,2851.0,0.0,WASP-2,2026-08-11T03:15:16.112-0700,61263.427,60.0,True
database\observations\2026-08-11\WASP-2\session_01\WASP-2260811101815.fits,science,WASP-2,2026-08-11,True,,b0eb45edb8ed435d96da9439ca09558addd483a6854531e17af231809024c081,656640,500x650,1.0,203.0,435.0,2634.0,0.0,WASP-2,2026-08-11T03:18:15.688-0700,61263.429,60.0,True
database\observations\2026-08-11\WASP-2\session_01\WASP-2260811102117.fits,science,WASP-2,2026-08-11,True,,67d3b43ad96e96e7c8f2a95a7d3f92ae8adfbaf5b857ccbdad131156d1e753f7,656640,500x650,1.0,203.0,427.0,3030.0,0.0,WASP-2,2026-08-11T03:21:17.382-0700,61263.431,60.0,True
database\observations\2026-08-11\WASP-2\session_01\WASP-2260811102416.fits,science,WASP-2,2026-08-11,True,,1713f5f2134441c1f89dd256b67387c1033caaebf2a318f53f67371f1d1e3b79,656640,500x650,1.0,203.0,422.0,2815.0,0.0,WASP-2,2026-08-11T03:24:16.399-0700,61263.434,60.0,True
database\observations\2026-08-11\WASP-2\session_01\WASP-2260811102716.fits,science,WASP-2,2026-08-11,True,,b6522a63a94a2acf255c5726f25e63651bf4526993fa5aac765db8fc9b84b831,656640,500x650,1.0,202.0,434.0,2836.0,0.0,WASP-2,2026-08-11T03:27:16.899-0700,61263.436,60.0,True
database\observations\2026-08-11\WASP-2\session_01\WASP-2260811103015.fits,science,WASP-2,2026-08-11,True,,b90b83b21e5be36f7315d6b9e72479a76bb7195dcec2b7e492a5f672e4097a7f,656640,500x650,1.0,204.0,474.0,2851.0,0.0,WASP-2,2026-08-11T03:30:15.556-0700,61263.438,60.0,True
database\observations\2026-08-11\WASP-2\session_01\WASP-2260811103315.fits,science,WASP-2,2026-08-11,True,,b26bfbfc812603934f02991359ab2537878e92f2430f9ee4a19e330cc3bf1f1e,656640,500x650,1.0,205.0,496.0,3117.0,0.0,WASP-2,2026-08-11T03:33:15.943-0700,61263.44,60.0,True
database\observations\2026-08-11\WASP-2\session_01\WASP-2260811103617.fits,science,WASP-2,2026-08-11,True,,fd7fe4ccff1c79a1223c68c0c12f38bb3de64aafc31e1288793f5ceda754b593,656640,500x650,1.0,208.0,529.0,2728.0,0.0,WASP-2,2026-08-11T03:36:17.149-0700,61263.442,60.0,True
database\observations\2026-08-11\WASP-2\session_01\WASP-2260811103915.fits,science,WASP-2,2026-08-11,True,,36fad418cbb004845e7ed7a6599e342aa6ea18a8f7211e86c3ea04e885c39988,656640,500x650,1.0,204.0,441.0,2599.0,0.0,WASP-2,2026-08-11T03:39:15.819-0700,61263.444,60.0,True
database\observations\2026-08-11\WASP-2\session_01\WASP-2260811104216.fits,science,WASP-2,2026-08-11,True,,4abaeb1f8839b1d3725e278c36c684c1fe4561e2cee2e34162c8a5a2cdc3b168,656640,500x650,1.0,203.0,428.0,2687.0,0.0,WASP-2,2026-08-11T03:42:16.675-0700,61263.446,60.0,True
database\observations\2026-08-11\WASP-2\session_01\WASP-2260811104516.fits,science,WASP-2,2026-08-11,True,,910ef68766d3e428f9224a63076280452a58823331ed7f648d61b46f5c7ae6b7,656640,500x650,1.0,202.0,425.0,2884.0,0.0,WASP-2,2026-08-11T03:45:16.331-0700,61263.448,60.0,True
database\observations\2026-08-14\TRES-3\session_01\TRES-3260814040928.fits,science,TRES-3,2026-08-14,True,,7b5d0c028c50f2258159bab039db8f3b04546083394bc283e1fb9d718fbb3def,656640,500x650,1.0,203.0,409.0,2820.0,0.0,TRES-3,2026-08-13T21:09:28.759-0700,61266.173,60.0,True
database\observations\2026-08-14\TRES-3\session_01\TRES-3260814041319.fits,science,TRES-3,2026-08-14,True,,2177a20e9333ea7afab1bdce123300688ecda17bfc433361d8e56a64e684af58,656640,500x650,1.0,203.0,411.0,2878.0,0.0,TRES-3,2026-08-13T21:13:19.572-0700,61266.176,60.0,True
database\observations\2026-08-14\TRES-3\session_01\TRES-3260814041712.fits,science,TRES-3,2026-08-14,True,,56a97b5c0f7b696c644d02e6220cddb03e543336ca23d37dddb59ef6b1616937,656640,500x650,1.0,202.0,406.0,4095.0,9.23076923076923e-06,TRES-3,2026-08-13T21:17:12.331-0700,61266.179,60.0,True
database\observations\2026-08-14\TRES-3\session_01\TRES-3260814041858.fits,science,TRES-3,2026-08-14,True,,62dd757eef01136a12b1d97536d57e310ca4a38fcb9c1a55c370b8bbcd76c57e,656640,500x650,1.0,203.0,403.0,4095.0,1.846153846153846e-05,TRES-3,2026-08-13T21:18:58.704-0700,61266.18,60.0,True
database\observations\2026-08-14\TRES-3\session_01\TRES-3260814042116.fits,science,TRES-3,2026-08-14,True,,125fcc95385682528574d6d16f6e6a11f74a431bc85aae4166279f2f31d43cee,656640,500x650,1.0,202.0,404.0,4095.0,3.076923076923077e-06,TRES-3,2026-08-13T21:21:16.578-0700,61266.181,60.0,True
database\observations\2026-08-14\TRES-3\session_01\TRES-3260814042416.fits,science,TRES-3,2026-08-14,True,,12fab5b9f5389ccb7a543237a1206f61857c46606ef56bd3fceb2cf466db6fb0,656640,500x650,1.0,203.0,404.0,4095.0,1.2307692307692308e-05,TRES-3,2026-08-13T21:24:16.888-0700,61266.184,60.0,True
database\observations\2026-08-14\TRES-3\session_01\TRES-3260814042716.fits,science,TRES-3,2026-08-14,True,,d503148f230421b8f3667d2120da316eb578f9926ed31b3d49d2cd8924a76261,656640,500x650,1.0,202.0,399.0,4095.0,5.846153846153846e-05,TRES-3,2026-08-13T21:27:16.306-0700,61266.186,60.0,True
database\observations\2026-08-14\TRES-3\session_01\TRES-3260814043015.fits,science,TRES-3,2026-08-14,True,,dc6d8d2621c73fcfb6b9dbb245e71b58bd18c46839cbcf3653135c477cff657d,656640,500x650,1.0,202.0,398.0,4095.0,4e-05,TRES-3,2026-08-13T21:30:15.613-0700,61266.188,60.0,True
database\observations\2026-08-14\TRES-3\session_01\TRES-3260814043317.fits,science,TRES-3,2026-08-14,True,,435eef26defbbe3d1ba1a74597907625001337b3e2c9505915f45801830edda0,656640,500x650,1.0,203.0,399.0,4095.0,5.846153846153846e-05,TRES-3,2026-08-13T21:33:17.109-0700,61266.19,60.0,True
database\observations\2026-08-14\TRES-3\session_01\TRES-3260814043615.fits,science,TRES-3,2026-08-14,True,,73e801a61bb0145b2a1dfdc956856836a01c334be24379c75b98b5614d8659c8,656640,500x650,1.0,203.0,398.0,4095.0,5.2307692307692306e-05,TRES-3,2026-08-13T21:36:15.871-0700,61266.192,60.0,True
database\observations\2026-08-14\TRES-3\session_01\TRES-3260814043917.fits,science,TRES-3,2026-08-14,True,,0eb764595d45c8fa2ed8d4d04e8e7860694575449e7be2dbfe0f51bc0e9d44fd,656640,500x650,1.0,203.0,397.0,4095.0,6.153846153846154e-05,TRES-3,2026-08-13T21:39:17.187-0700,61266.194,60.0,True
database\observations\2026-08-14\TRES-3\session_01\TRES-3260814044216.fits,science,TRES-3,2026-08-14,True,,d420258bc22bd6331593dc50ab9804d1a59b01ac00ade7f0fd052220a12baaf3,656640,500x650,1.0,202.0,396.0,4095.0,6.76923076923077e-05,TRES-3,2026-08-13T21:42:16.238-0700,61266.196,60.0,True
database\observations\2026-08-14\TRES-3\session_01\TRES-3260814044517.fits,science,TRES-3,2026-08-14,True,,b048f2a039924c2377b5149185d37bfee48935bcb83d6424d64ffa314fedc4fa,656640,500x650,1.0,203.0,397.0,4095.0,5.538461538461539e-05,TRES-3,2026-08-13T21:45:17.169-0700,61266.198,60.0,True
database\observations\2026-08-14\TRES-3\session_01\TRES-3260814044816.fits,science,TRES-3,2026-08-14,True,,37de7e9c1daaf3a4c4e2b283d1268f9f136ce56e909960d3a8cf447174a2adb4,656640,500x650,1.0,203.0,397.0,4095.0,5.538461538461539e-05,TRES-3,2026-08-13T21:48:16.416-0700,61266.2,60.0,True
database\observations\2026-08-14\TRES-3\session_01\TRES-3260814045116.fits,science,TRES-3,2026-08-14,True,,846c65c0d266ddd62797cddb9e1ae415d0a2a2918537433de757352f14511092,656640,500x650,1.0,202.0,398.0,4095.0,5.2307692307692306e-05,TRES-3,2026-08-13T21:51:16.376-0700,61266.202,60.0,True
database\observations\2026-08-14\TRES-3\session_01\TRES-3260814045417.fits,science,TRES-3,2026-08-14,True,,912d9eef636058c856c9f065caf618dc6570356df8f434632c0ee1fbf323802a,656640,500x650,1.0,202.0,401.0,4095.0,2.7692307692307694e-05,TRES-3,2026-08-13T21:54:17.330-0700,61266.204,60.0,True
database\observations\2026-08-14\TRES-3\session_01\TRES-3260814045716.fits,science,TRES-3,2026-08-14,True,,3436d4a51d45a6df855b0b2b605608e4283b137c0c7b2c94ec1742027d3ab98c,656640,500x650,1.0,203.0,402.0,4095.0,4e-05,TRES-3,2026-08-13T21:57:16.238-0700,61266.206,60.0,True
database\observations\2026-08-14\TRES-3\session_01\TRES-3260814050017.fits,science,TRES-3,2026-08-14,True,,0e5ab6d1d09c084e2a8b2727821364e7a1ef5df75f623c65acc420cc9ef87379,656640,500x650,1.0,202.0,404.0,4095.0,2.4615384615384616e-05,TRES-3,2026-08-13T22:00:17.184-0700,61266.209,60.0,True
database\observations\2026-08-14\TRES-3\session_01\TRES-3260814050315.fits,science,TRES-3,2026-08-14,True,,0d770e91359977656053b8332bafad1b16d77776ce3b8b77d735a2ed4c96e8d9,656640,500x650,1.0,203.0,405.0,4095.0,9.23076923076923e-06,TRES-3,2026-08-13T22:03:15.807-0700,61266.211,60.0,True
database\observations\2026-08-14\TRES-3\session_01\TRES-3260814050616.fits,science,TRES-3,2026-08-14,True,,b9455012bfd3029dbbea673991b80e44546b9072cc62686e539958880a4c1622,656640,500x650,1.0,203.0,406.0,4095.0,6.153846153846154e-06,TRES-3,2026-08-13T22:06:16.081-0700,61266.213,60.0,True
database\observations\2026-08-14\TRES-3\session_01\TRES-3260814050916.fits,science,TRES-3,2026-08-14,True,,ef4d957b9eb23ec34c70d9ed6db741644fd13d28ff3b761ca0f9caf108539d9d,656640,500x650,1.0,203.0,406.0,4095.0,3.076923076923077e-06,TRES-3,2026-08-13T22:09:16.965-0700,61266.215,60.0,True
database\observations\2026-08-14\TRES-3\session_01\TRES-3260814051216.fits,science,TRES-3,2026-08-14,True,,1f149d4cc1da4b4924144b55cc02858c4a62e14c44fafce7042c562170939788,656640,500x650,1.0,203.0,408.0,4095.0,3.076923076923077e-06,TRES-3,2026-08-13T22:12:16.911-0700,61266.217,60.0,True
database\observations\2026-08-14\TRES-3\session_01\TRES-3260814051517.fits,science,TRES-3,2026-08-14,True,,1370a040e78750a119498970a50d482a1352ec9b421fd9eee70c063e89198c20,656640,500x650,1.0,203.0,406.0,4095.0,6.153846153846154e-06,TRES-3,2026-08-13T22:15:17.111-0700,61266.219,60.0,True
database\observations\2026-08-14\TRES-3\session_01\TRES-3260814051817.fits,science,TRES-3,2026-08-14,True,,a25b662af66ec3700ee9ea8e64f3e935b580cd245c3df2bacd059e41a2102f7d,656640,500x650,1.0,204.0,407.0,4095.0,3.076923076923077e-06,TRES-3,2026-08-13T22:18:17.561-0700,61266.221,60.0,True
database\observations\2026-08-14\TRES-3\session_01\TRES-3260814052116.fits,science,TRES-3,2026-08-14,True,,26773acad9bca98f7113e0dab6be67365a2d47216677d0d200e153d90d5bdc80,656640,500x650,1.0,204.0,408.0,4095.0,3.076923076923077e-06,TRES-3,2026-08-13T22:21:16.561-0700,61266.223,60.0,True
database\observations\2026-08-14\TRES-3\session_01\TRES-3260814052416.fits,science,TRES-3,2026-08-14,True,,e0ca663efa486d3cceb50e0ef4e125764466363478b6dbee4344b2fd59407e55,656640,500x650,1.0,203.0,407.0,4095.0,6.153846153846154e-06,TRES-3,2026-08-13T22:24:16.775-0700,61266.225,60.0,True
database\observations\2026-08-14\TRES-3\session_01\TRES-3260814052717.fits,science,TRES-3,2026-08-14,True,,a997cd5d8e759eaa53a79ddef2dd90db3ba18236713e4fd4fc55be63a1dbec47,656640,500x650,1.0,202.0,408.0,3065.0,0.0,TRES-3,2026-08-13T22:27:17.124-0700,61266.227,60.0,True
database\observations\2026-08-14\TRES-3\session_01\TRES-3260814053017.fits,science,TRES-3,2026-08-14,True,,ba8de973b5b70b0dc5a60758a7f8448fe5d84ba05efbe5bee9a63ddccbea131f,656640,500x650,1.0,203.0,413.0,2816.0,0.0,TRES-3,2026-08-13T22:30:17.926-0700,61266.229,60.0,True
database\observations\2026-08-14\TRES-3\session_01\TRES-3260814053317.fits,science,TRES-3,2026-08-14,True,,75749fbe9ff20aa4f6ffa01dce1ad141a9012473e9cb23a6dcb5c8ee031edf90,656640,500x650,1.0,203.0,410.0,2857.0,0.0,TRES-3,2026-08-13T22:33:17.183-0700,61266.231,60.0,True
database\observations\2026-08-14\TRES-3\session_01\TRES-3260814053616.fits,science,TRES-3,2026-08-14,True,,1dd904c88fd01ba04e6cf1da5a456156d5e2f1e498133c47600a46ec75ee84b1,656640,500x650,1.0,203.0,409.0,4095.0,3.076923076923077e-06,TRES-3,2026-08-13T22:36:16.217-0700,61266.234,60.0,True
database\observations\2026-08-14\TRES-3\session_01\TRES-3260814053916.fits,science,TRES-3,2026-08-14,True,,b1236487c3d87efe36a29ee24ffdcf496017010ceb168619ca36a5e308f0fe69,656640,500x650,1.0,204.0,406.0,4095.0,3.076923076923077e-06,TRES-3,2026-08-13T22:39:16.231-0700,61266.236,60.0,True
database\observations\2026-08-14\TRES-3\session_01\TRES-3260814054217.fits,science,TRES-3,2026-08-14,True,,89f6a4519584b5f1ff4951043955c915e0ea2f9702a7813b310b146cdc609102,656640,500x650,1.0,204.0,407.0,3102.0,0.0,TRES-3,2026-08-13T22:42:17.171-0700,61266.238,60.0,True
database\observations\2026-08-14\TRES-3\session_01\TRES-3260814054517.fits,science,TRES-3,2026-08-14,True,,46a919271ed28c1a725c7ae86757b7fd46d94c3edfe73ff529f794d775e0a1d3,656640,500x650,1.0,204.0,406.0,4095.0,3.076923076923077e-06,TRES-3,2026-08-13T22:45:17.181-0700,61266.24,60.0,True
database\observations\2026-08-14\TRES-3\session_01\TRES-3260814054816.fits,science,TRES-3,2026-08-14,True,,712d7bdcbbe09db65a04a07a523286fc66aa9bec298691a59bbc728a1d6ec7bf,656640,500x650,1.0,203.0,398.0,4095.0,4.923076923076923e-05,TRES-3,2026-08-13T22:48:16.195-0700,61266.242,60.0,True
database\observations\2026-08-14\TRES-3\session_01\TRES-3260814055117.fits,science,TRES-3,2026-08-14,True,,5bf24a97e00d12784d8efb1d97acd18284b97704b47d1a0e1e83ed70bd5c9cdc,656640,500x650,1.0,202.0,396.0,4095.0,6.153846153846154e-05,TRES-3,2026-08-13T22:51:17.030-0700,61266.244,60.0,True
database\observations\2026-08-14\TRES-3\session_01\TRES-3260814055417.fits,science,TRES-3,2026-08-14,True,,d3fe9c6f412780e01c10b1e96b2e662fdd1005b4bec1a8ac7a8ecc31d37bc0a9,656640,500x650,1.0,202.0,394.0,4095.0,5.846153846153846e-05,TRES-3,2026-08-13T22:54:17.031-0700,61266.246,60.0,True
database\observations\2026-08-14\TRES-3\session_01\TRES-3260814055716.fits,science,TRES-3,2026-08-14,True,,c726d458cffb4d2fa57365d8fdd152775b9d8133470ace624f29acc7f26c0761,656640,500x650,1.0,203.0,393.0,4095.0,7.076923076923076e-05,TRES-3,2026-08-13T22:57:16.324-0700,61266.248,60.0,True
database\observations\2026-08-14\TRES-3\session_01\TRES-3260814060017.fits,science,TRES-3,2026-08-14,True,,d5a6aa179c3ee7cdeef2ee248435cb3cdde6dc695bfa9ed63f9016db05a3f0a5,656640,500x650,1.0,202.0,393.0,4095.0,8.923076923076924e-05,TRES-3,2026-08-13T23:00:17.420-0700,61266.25,60.0,True
database\observations\2026-08-14\TRES-3\session_01\TRES-3260814060316.fits,science,TRES-3,2026-08-14,True,,e6844b6f4241f9d8c429f891f989927a54e4c2deddbbe28b8874fd298c14153d,656640,500x650,1.0,202.0,395.0,4095.0,8.615384615384615e-05,TRES-3,2026-08-13T23:03:16.846-0700,61266.252,60.0,True
database\observations\2026-08-14\TRES-3\session_01\TRES-3260814060616.fits,science,TRES-3,2026-08-14,True,,6cd347beffd915f1a1e9e3b684bf3f6d86237431706e7e5c4abd47409559e45c,656640,500x650,1.0,204.0,407.0,2814.0,0.0,TRES-3,2026-08-13T23:06:16.900-0700,61266.254,60.0,True
database\observations\2026-08-14\TRES-3\session_01\TRES-3260814060916.fits,science,TRES-3,2026-08-14,True,,91a485a243ff42cc083f7e77f20845ae7968efec4d95c120871b165b43a1ac7b,656640,500x650,1.0,204.0,410.0,2870.0,0.0,TRES-3,2026-08-13T23:09:16.187-0700,61266.256,60.0,True
database\observations\2026-08-14\TRES-3\session_01\TRES-3260814061216.fits,science,TRES-3,2026-08-14,True,,57cb9a91deb821eadd5b8a383205c97959547c80138a22d08d9f32171ce3eb56,656640,500x650,1.0,203.0,409.0,2864.0,0.0,TRES-3,2026-08-13T23:12:16.648-0700,61266.259,60.0,True
database\observations\2026-08-14\TRES-3\session_01\TRES-3260814061516.fits,science,TRES-3,2026-08-14,True,,cb95c5762636c5861ebff800acb29d8dc2808b1af32d79d2f2e1b0bb25cc75fb,656640,500x650,1.0,203.0,403.0,2805.0,0.0,TRES-3,2026-08-13T23:15:16.468-0700,61266.261,60.0,True
database\observations\2026-08-14\TRES-3\session_01\TRES-3260814061816.fits,science,TRES-3,2026-08-14,True,,216e710b978b95ca4ba6aa9c68792f2bd5d708fc24955b20d053e77d57fb0b42,656640,500x650,1.0,203.0,406.0,2800.0,0.0,TRES-3,2026-08-13T23:18:16.449-0700,61266.263,60.0,True
database\observations\2026-08-14\TRES-3\session_01\TRES-3260814062116.fits,science,TRES-3,2026-08-14,True,,84158bb4b38fd0a4653a6b02f7f043b6c02a2eb840c977632168b76beb0e40fb,656640,500x650,1.0,202.0,406.0,2802.0,0.0,TRES-3,2026-08-13T23:21:16.337-0700,61266.265,60.0,True
database\observations\2026-08-14\TRES-3\session_01\TRES-3260814062416.fits,science,TRES-3,2026-08-14,True,,a0472cdd302df0d7834d48101e9eb690fe40f7ff9de3bf92a212f9b3cdccff37,656640,500x650,1.0,203.0,410.0,2766.0,0.0,TRES-3,2026-08-13T23:24:16.721-0700,61266.267,60.0,True
database\observations\2026-08-14\TRES-3\session_01\TRES-3260814062715.fits,science,TRES-3,2026-08-14,True,,d0e93e7c1e9e9e2ccff9361f7b5a500fc64220520d7bad85b526897cc6311d1c,656640,500x650,1.0,204.0,411.0,2800.0,0.0,TRES-3,2026-08-13T23:27:15.648-0700,61266.269,60.0,True
database\observations\2026-08-14\TRES-3\session_01\TRES-3260814063016.fits,science,TRES-3,2026-08-14,True,,fe85acb1fd52f58a7bc0cead2913497dbd6e9c6c6f94f77f0abf3148b57d7be5,656640,500x650,1.0,203.0,404.0,2876.0,0.0,TRES-3,2026-08-13T23:30:16.591-0700,61266.271,60.0,True
database\observations\2026-08-14\TRES-3\session_01\TRES-3260814063316.fits,science,TRES-3,2026-08-14,True,,939a06c79cacc77f955cc1da3af25b5313716e63ae2d745416458c4d04d88967,656640,500x650,1.0,203.0,407.0,2827.0,0.0,TRES-3,2026-08-13T23:33:16.557-0700,61266.273,60.0,True
database\observations\2026-08-14\TRES-3\session_01\TRES-3260814063616.fits,science,TRES-3,2026-08-14,True,,0396ba1b7be930bc818732a92774e05769bd017aab1d008ecc93afb7ba69b009,656640,500x650,1.0,204.0,406.0,2891.0,0.0,TRES-3,2026-08-13T23:36:16.678-0700,61266.275,60.0,True
database\observations\2026-08-14\TRES-3\session_01\TRES-3260814063916.fits,science,TRES-3,2026-08-14,True,,fd32ab54ff9df5918b896fcb87b3e9732e82c7091b3ae152dd11deaf3b3f83a9,656640,500x650,1.0,202.0,404.0,2879.0,0.0,TRES-3,2026-08-13T23:39:16.613-0700,61266.277,60.0,True
database\observations\2026-08-16\CoRoT-2\session_01\CoRoT-2260816044002.fits,science,CoRoT-2,2026-08-16,True,,60f99d12f0dcfbdcc2e68c340e6dec87215c5d9222fbd1e391ba4cb8bbc1e1d3,656640,500x650,1.0,203.0,401.0,4095.0,6.153846153846154e-06,CoRoT-2,2026-08-15T21:40:02.011-0700,61268.194,60.0,True
database\observations\2026-08-16\CoRoT-2\session_01\CoRoT-2260816044215.fits,science,CoRoT-2,2026-08-16,True,,53691b065555e1d7938f0ab028000969bec5ffec74bbc73cb2cc0ad470427b31,656640,500x650,1.0,203.0,401.0,4095.0,1.2307692307692308e-05,CoRoT-2,2026-08-15T21:42:15.468-0700,61268.196,60.0,True
database\observations\2026-08-16\CoRoT-2\session_01\CoRoT-2260816044515.fits,science,CoRoT-2,2026-08-16,True,,8b735e265162154d1af7c978a35f91b2e2b304747eb546b375d173d98bc83c32,656640,500x650,1.0,203.0,403.0,4095.0,3.076923076923077e-06,CoRoT-2,2026-08-15T21:45:15.775-0700,61268.198,60.0,True
database\observations\2026-08-16\CoRoT-2\session_01\CoRoT-2260816044815.fits,science,CoRoT-2,2026-08-16,True,,db81ae37b22d59f380073b5208386d23a382a9ca6bebd98c8ce1a8d71499fac0,656640,500x650,1.0,204.0,404.0,3906.0,0.0,CoRoT-2,2026-08-15T21:48:15.283-0700,61268.2,60.0,True
database\observations\2026-08-16\CoRoT-2\session_01\CoRoT-2260816045115.fits,science,CoRoT-2,2026-08-16,True,,58f3933edc56f7fe153d96579836e5089669a71e73d3f3cff2ae5562a63f22bb,656640,500x650,1.0,202.0,403.0,4095.0,6.153846153846154e-06,CoRoT-2,2026-08-15T21:51:15.688-0700,61268.202,60.0,True
database\observations\2026-08-16\CoRoT-2\session_01\CoRoT-2260816045416.fits,science,CoRoT-2,2026-08-16,True,,6d2f26066bff224a6d957e9b2fd5d836c401b90b8d6defe3cdf6dd383d493ed8,656640,500x650,1.0,203.0,403.0,4095.0,9.23076923076923e-06,CoRoT-2,2026-08-15T21:54:16.108-0700,61268.204,60.0,True
database\observations\2026-08-16\CoRoT-2\session_01\CoRoT-2260816045716.fits,science,CoRoT-2,2026-08-16,True,,48d3007950d76d68e9510ade405de2a4e5ff89860e526b0ede541b1514cfd11c,656640,500x650,1.0,203.0,404.0,4095.0,6.153846153846154e-06,CoRoT-2,2026-08-15T21:57:16.545-0700,61268.206,60.0,True
database\observations\2026-08-16\CoRoT-2\session_01\CoRoT-2260816050015.fits,science,CoRoT-2,2026-08-16,True,,6e0fd3532d94d1ef62ec75f36dfe6636ca0dc1a2618c701c410c649f614f1219,656640,500x650,1.0,203.0,408.0,4095.0,3.076923076923077e-06,CoRoT-2,2026-08-15T22:00:15.986-0700,61268.209,60.0,True
database\observations\2026-08-16\CoRoT-2\session_01\CoRoT-2260816050315.fits,science,CoRoT-2,2026-08-16,True,,911cfbf6b35489cea07ae6bc5d9c9a88bed74019f149b1f79264de2fe64235be,656640,500x650,1.0,203.0,410.0,4051.0,0.0,CoRoT-2,2026-08-15T22:03:15.395-0700,61268.211,60.0,True
database\observations\2026-08-16\CoRoT-2\session_01\CoRoT-2260816050615.fits,science,CoRoT-2,2026-08-16,True,,21aaec203833fade028ab57dc7fdede1f4bcc6945d2fe7aa5423ede3d8d7e084,656640,500x650,1.0,202.0,406.0,4095.0,3.076923076923077e-06,CoRoT-2,2026-08-15T22:06:15.900-0700,61268.213,60.0,True
database\observations\2026-08-16\CoRoT-2\session_01\CoRoT-2260816050915.fits,science,CoRoT-2,2026-08-16,True,,c46adf6f486956a49a70b71e5170a78be0e97111e64ee3d84090689f64feb40e,656640,500x650,1.0,203.0,409.0,3606.0,0.0,CoRoT-2,2026-08-15T22:09:15.402-0700,61268.215,60.0,True
database\observations\2026-08-16\CoRoT-2\session_01\CoRoT-2260816051215.fits,science,CoRoT-2,2026-08-16,True,,b0c53b471001410c2aa05b70f570fd90b86685c9fd44148bf53970d107cb7c21,656640,500x650,1.0,202.0,410.0,4095.0,6.153846153846154e-06,CoRoT-2,2026-08-15T22:12:15.864-0700,61268.217,60.0,True
database\observations\2026-08-16\CoRoT-2\session_01\CoRoT-2260816051515.fits,science,CoRoT-2,2026-08-16,True,,b14a4d9868e97842f410b1baff02833134b5865c4e9c4528ac1b16501e4f642e,656640,500x650,1.0,203.0,412.0,3282.0,0.0,CoRoT-2,2026-08-15T22:15:15.254-0700,61268.219,60.0,True
database\observations\2026-08-16\CoRoT-2\session_01\CoRoT-2260816051815.fits,science,CoRoT-2,2026-08-16,True,,d7518d664183b2a497c1348161aa74bbe5ee4ab29e854c0a72d34466d0e688be,656640,500x650,1.0,204.0,415.0,3284.0,0.0,CoRoT-2,2026-08-15T22:18:15.812-0700,61268.221,60.0,True
database\observations\2026-08-16\CoRoT-2\session_01\CoRoT-2260816052115.fits,science,CoRoT-2,2026-08-16,True,,6c3dda5e16e1b3b226a06d369b878003cdc163abebc7a192a8e17f5fd2819b6a,656640,500x650,1.0,203.0,416.0,3282.0,0.0,CoRoT-2,2026-08-15T22:21:15.229-0700,61268.223,60.0,True
database\observations\2026-08-16\CoRoT-2\session_01\CoRoT-2260816052415.fits,science,CoRoT-2,2026-08-16,True,,62e29a44c8f68b0e9c173fe37c74a1a61addf17642723d59c17fa65ffb22a50e,656640,500x650,1.0,204.0,418.0,3282.0,0.0,CoRoT-2,2026-08-15T22:24:15.686-0700,61268.225,60.0,True
database\observations\2026-08-16\CoRoT-2\session_01\CoRoT-2260816053015.fits,science,CoRoT-2,2026-08-16,True,,ba21c32ad2fd52bebfb36663a136770cfb490ff1ab1d7d416855b5a794e6ee3c,656640,500x650,1.0,0.0,410.0,4095.0,2.7692307692307694e-05,CoRoT-2,2026-08-15T22:30:15.673-0700,61268.229,60.0,True
database\observations\2026-08-16\CoRoT-2\session_01\CoRoT-2260816053316.fits,science,CoRoT-2,2026-08-16,True,,df7655de1009b0dd70e0927d472eba0e96a08501e5c283c54ce6535bcc9cb5d2,656640,500x650,1.0,203.0,408.0,3319.0,0.0,CoRoT-2,2026-08-15T22:33:16.090-0700,61268.231,60.0,True
database\observations\2026-08-16\CoRoT-2\session_01\CoRoT-2260816053616.fits,science,CoRoT-2,2026-08-16,True,,59c798f69c33e8142c18fbf2a7f9b4cf45dd30f6a657f4a04c913633c5c0dd19,656640,500x650,1.0,203.0,406.0,4095.0,6.153846153846154e-06,CoRoT-2,2026-08-15T22:36:16.577-0700,61268.234,60.0,True
database\observations\2026-08-16\CoRoT-2\session_01\CoRoT-2260816053916.fits,science,CoRoT-2,2026-08-16,True,,e690d5a0bb10739529218535ae78e84cbecac61611c3a083a943887f8e58c256,656640,500x650,1.0,202.0,406.0,4095.0,6.153846153846154e-06,CoRoT-2,2026-08-15T22:39:16.083-0700,61268.236,60.0,True
database\observations\2026-08-16\CoRoT-2\session_01\CoRoT-2260816054215.fits,science,CoRoT-2,2026-08-16,True,,aab663024b1f4cb1cc4723a410bfe7d6299b67fcceebbefd8572d51142485a69,656640,500x650,1.0,204.0,407.0,3415.0,0.0,CoRoT-2,2026-08-15T22:42:15.501-0700,61268.238,60.0,True
database\observations\2026-08-16\CoRoT-2\session_01\CoRoT-2260816054515.fits,science,CoRoT-2,2026-08-16,True,,c62ea61cd856a94ef65c4f69b27571409f4f7dd56905dca9889b46841c01e3e2,656640,500x650,1.0,204.0,411.0,3442.0,0.0,CoRoT-2,2026-08-15T22:45:15.974-0700,61268.24,60.0,True
database\observations\2026-08-16\CoRoT-2\session_01\CoRoT-2260816054815.fits,science,CoRoT-2,2026-08-16,True,,f0408474bea47415bf551a1de330bd720f6118ff2c5c74270ba8b5b805d94251,656640,500x650,1.0,203.0,410.0,3281.0,0.0,CoRoT-2,2026-08-15T22:48:15.419-0700,61268.242,60.0,True
database\observations\2026-08-16\CoRoT-2\session_01\CoRoT-2260816055115.fits,science,CoRoT-2,2026-08-16,True,,1e89fc5adaaa35abde99dfca3f29c40ed1b0c64c179f9b16d58c1f1baec0d1d6,656640,500x650,1.0,204.0,408.0,3664.0,0.0,CoRoT-2,2026-08-15T22:51:15.915-0700,61268.244,60.0,True
database\observations\2026-08-16\CoRoT-2\session_01\CoRoT-2260816055415.fits,science,CoRoT-2,2026-08-16,True,,3fb12b1ad22b8e4a07faaadc7d7ebc14ca253ac238e1d92713745e1a1f7217e7,656640,500x650,1.0,202.0,408.0,4095.0,3.076923076923077e-06,CoRoT-2,2026-08-15T22:54:15.383-0700,61268.246,60.0,True
database\observations\2026-08-16\CoRoT-2\session_01\CoRoT-2260816055715.fits,science,CoRoT-2,2026-08-16,True,,4a65e0aa3cceee921696f1583cf1e378dcbc0838735cc089728d852cca590bdd,656640,500x650,1.0,203.0,407.0,4095.0,3.076923076923077e-06,CoRoT-2,2026-08-15T22:57:15.987-0700,61268.248,60.0,True
database\observations\2026-08-16\CoRoT-2\session_01\CoRoT-2260816060015.fits,science,CoRoT-2,2026-08-16,True,,70fdf97b7b0cbfd90618bde8693883558951c125a247fdf8b75b023ff1b0a8db,656640,500x650,1.0,205.0,412.0,3603.0,0.0,CoRoT-2,2026-08-15T23:00:15.422-0700,61268.25,60.0,True
database\observations\2026-08-16\CoRoT-2\session_01\CoRoT-2260816060315.fits,science,CoRoT-2,2026-08-16,True,,7760599a314becc116049098e0a2ef1ddd7a9edc5c485a04669201b0ad489568,656640,500x650,1.0,203.0,414.0,3385.0,0.0,CoRoT-2,2026-08-15T23:03:15.815-0700,61268.252,60.0,True
database\observations\2026-08-16\CoRoT-2\session_01\CoRoT-2260816060616.fits,science,CoRoT-2,2026-08-16,True,,1e763f550f32dbafb87f50de47bffe23b09c25a973a4e43b9c1cd0cadd7341e0,656640,500x650,1.0,204.0,412.0,3274.0,0.0,CoRoT-2,2026-08-15T23:06:16.120-0700,61268.254,60.0,True
database\observations\2026-08-16\CoRoT-2\session_01\CoRoT-2260816060915.fits,science,CoRoT-2,2026-08-16,True,,2a5113664757a0127d8af875cd0bc9f1900c0bc5ef190ea45b0b622d338e75a5,656640,500x650,1.0,204.0,412.0,3280.0,0.0,CoRoT-2,2026-08-15T23:09:15.524-0700,61268.256,60.0,True
database\observations\2026-08-16\CoRoT-2\session_01\CoRoT-2260816061215.fits,science,CoRoT-2,2026-08-16,True,,fde024fe19645efcbb48f29f7b4830c4d15691f10a8649a576aadd8069b854c3,656640,500x650,1.0,204.0,413.0,3277.0,0.0,CoRoT-2,2026-08-15T23:12:15.893-0700,61268.259,60.0,True
database\observations\2026-08-16\CoRoT-2\session_01\CoRoT-2260816061515.fits,science,CoRoT-2,2026-08-16,True,,7fe4e2d058bde405ceb5adbc6ee33818dc9aac7338b20ee4f3f1b5f5569f2cfa,656640,500x650,1.0,203.0,415.0,3283.0,0.0,CoRoT-2,2026-08-15T23:15:15.326-0700,61268.261,60.0,True
database\observations\2026-08-16\CoRoT-2\session_01\CoRoT-2260816061815.fits,science,CoRoT-2,2026-08-16,True,,1a01bbb2a91867dda7d80fc4dcdf587b43aed5b9bba3420bdc2d3aec06a3867b,656640,500x650,1.0,203.0,416.0,3278.0,0.0,CoRoT-2,2026-08-15T23:18:15.764-0700,61268.263,60.0,True
database\observations\2026-08-16\CoRoT-2\session_01\CoRoT-2260816062116.fits,science,CoRoT-2,2026-08-16,True,,7512e547847d271fe7262fead289a484a3491260d346e8ab9447878a187457fb,656640,500x650,1.0,204.0,415.0,3285.0,0.0,CoRoT-2,2026-08-15T23:21:16.107-0700,61268.265,60.0,True
database\observations\2026-08-16\CoRoT-2\session_01\CoRoT-2260816062415.fits,science,CoRoT-2,2026-08-16,True,,a787e0d135948e970b84a8d491396bb4c218dc19c4b7501078250bb01c45b797,656640,500x650,1.0,204.0,410.0,3978.0,0.0,CoRoT-2,2026-08-15T23:24:15.532-0700,61268.267,60.0,True
database\observations\2026-08-16\CoRoT-2\session_01\CoRoT-2260816062715.fits,science,CoRoT-2,2026-08-16,True,,225da16ac6b83fb5850d17e9e9fe203e5a7665d14701ca79944a304563d24afb,656640,500x650,1.0,203.0,407.0,4095.0,6.153846153846154e-06,CoRoT-2,2026-08-15T23:27:15.956-0700,61268.269,60.0,True
database\observations\2026-08-16\CoRoT-2\session_01\CoRoT-2260816063015.fits,science,CoRoT-2,2026-08-16,True,,9a46c1212eda9afd92c2ea20da2278cc30602ec6e710d5a482c3a4ca6301d7af,656640,500x650,1.0,204.0,406.0,4095.0,3.076923076923077e-06,CoRoT-2,2026-08-15T23:30:15.330-0700,61268.271,60.0,True
database\observations\2026-08-16\CoRoT-2\session_01\CoRoT-2260816063315.fits,science,CoRoT-2,2026-08-16,True,,d3d21589a209e66ad97b614754cfa3da425299a263e1450b915329afaccaebd3,656640,500x650,1.0,204.0,408.0,4095.0,6.153846153846154e-06,CoRoT-2,2026-08-15T23:33:15.659-0700,61268.273,60.0,True
database\observations\2026-08-16\CoRoT-2\session_01\CoRoT-2260816063616.fits,science,CoRoT-2,2026-08-16,True,,eb37801b42f50a024f8fce537a59edaee9ce10c172db75663e30aec6470b3c9c,656640,500x650,1.0,204.0,408.0,4023.0,0.0,CoRoT-2,2026-08-15T23:36:16.066-0700,61268.275,60.0,True
database\observations\2026-08-16\CoRoT-2\session_01\CoRoT-2260816063915.fits,science,CoRoT-2,2026-08-16,True,,9ae99a584a8b8e92664756303d9595deca08d19bb9f18839c053120060c937cb,656640,500x650,1.0,202.0,405.0,4095.0,6.153846153846154e-06,CoRoT-2,2026-08-15T23:39:15.623-0700,61268.277,60.0,True
database\observations\2026-08-16\CoRoT-2\session_01\CoRoT-2260816064216.fits,science,CoRoT-2,2026-08-16,True,,fcc1c849f2a5722527a589b6796e72a80343644dd21630071c6fbe574a01fe0b,656640,500x650,1.0,204.0,407.0,4095.0,3.076923076923077e-06,CoRoT-2,2026-08-15T23:42:16.067-0700,61268.279,60.0,True
database\observations\2026-08-16\CoRoT-2\session_01\CoRoT-2260816064515.fits,science,CoRoT-2,2026-08-16,True,,1d4d9400617dfc4c1d47ad2b218a59ad7018d5d1ab3634fd4c9f4eb8de8148fb,656640,500x650,1.0,204.0,411.0,3541.0,0.0,CoRoT-2,2026-08-15T23:45:15.449-0700,61268.281,60.0,True
database\observations\2026-08-16\CoRoT-2\session_01\CoRoT-2260816064815.fits,science,CoRoT-2,2026-08-16,True,,18dc7e9c9287ab15848118bc9e2e00028b1847f204986508a42c900574d0a08f,656640,500x650,1.0,205.0,411.0,4095.0,3.076923076923077e-06,CoRoT-2,2026-08-15T23:48:15.770-0700,61268.284,60.0,True
database\observations\2026-08-16\CoRoT-2\session_01\CoRoT-2260816065115.fits,science,CoRoT-2,2026-08-16,True,,6338ae055cf69d62277823c520d07ad78e5b5f741a8990cbe469bd0969b0a417,656640,500x650,1.0,203.0,411.0,3636.0,0.0,CoRoT-2,2026-08-15T23:51:15.163-0700,61268.286,60.0,True
database\observations\2026-08-16\CoRoT-2\session_01\CoRoT-2260816065415.fits,science,CoRoT-2,2026-08-16,True,,b70e515fe5dbe724253cc1928f9a1d09fd09bdeca7f0dd924dbacc0f1760a12d,656640,500x650,1.0,203.0,407.0,4095.0,6.153846153846154e-06,CoRoT-2,2026-08-15T23:54:15.511-0700,61268.288,60.0,True
database\observations\2026-08-16\CoRoT-2\session_01\CoRoT-2260816065716.fits,science,CoRoT-2,2026-08-16,True,,13e10ef97b2ffc35c3b096c77049d85df2851719cc241fe003efdfa78b378191,656640,500x650,1.0,202.0,406.0,4095.0,9.23076923076923e-06,CoRoT-2,2026-08-15T23:57:16.031-0700,61268.29,60.0,True
database\observations\2026-08-16\CoRoT-2\session_01\CoRoT-2260816070015.fits,science,CoRoT-2,2026-08-16,True,,946522846beb530499e09f1ccfa4f10dd2603688a354f6ffc43c37eafcdd108b,656640,500x650,1.0,203.0,404.0,4095.0,6.153846153846154e-06,CoRoT-2,2026-08-16T00:00:15.371-0700,61268.292,60.0,True
database\observations\2026-08-16\CoRoT-2\session_01\CoRoT-2260816070315.fits,science,CoRoT-2,2026-08-16,True,,37d33e5b67cab051772b6d13d99fe85c1f82da96b5f6dde4333b6506c3014c56,656640,500x650,1.0,202.0,404.0,4095.0,9.23076923076923e-06,CoRoT-2,2026-08-16T00:03:15.757-0700,61268.294,60.0,True
database\observations\2026-08-16\CoRoT-2\session_01\CoRoT-2260816070615.fits,science,CoRoT-2,2026-08-16,True,,236e8c0c5ae7064341ac74f2e79f04cc6d8f75fa6c7cd7d084f87a583ad4c1d1,656640,500x650,1.0,203.0,403.0,3967.0,0.0,CoRoT-2,2026-08-16T00:06:15.150-0700,61268.296,60.0,True
database\observations\2026-08-16\CoRoT-2\session_01\CoRoT-2260816070916.fits,science,CoRoT-2,2026-08-16,True,,a55e43493a2a8f75a047fac60a941f39818f3e4d32b5e1f1fd7fd95b6b375285,656640,500x650,1.0,202.0,403.0,4095.0,3.076923076923077e-06,CoRoT-2,2026-08-16T00:09:16.628-0700,61268.298,60.0,True
database\observations\2026-08-16\CoRoT-2\session_01\CoRoT-2260816071216.fits,science,CoRoT-2,2026-08-16,True,,4a974ef3c4d34938bf18f5331ea43b50f683f29773eec3f94c766bbaa9530463,656640,500x650,1.0,203.0,402.0,4095.0,1.5384615384615384e-05,CoRoT-2,2026-08-16T00:12:16.056-0700,61268.3,60.0,True
database\observations\2026-08-16\CoRoT-2\session_01\CoRoT-2260816071515.fits,science,CoRoT-2,2026-08-16,True,,c7caded0a60ef033209593bc2e5b44c1bf8724a1c39a969daf65a1d85b0e6619,656640,500x650,1.0,204.0,402.0,4095.0,9.23076923076923e-06,CoRoT-2,2026-08-16T00:15:15.401-0700,61268.302,60.0,True
database\observations\2026-08-16\CoRoT-2\session_01\CoRoT-2260816071815.fits,science,CoRoT-2,2026-08-16,True,,f1bb23ec328e2bc71c6331838ccf1539c448c484d644b4f174bedcf596685e01,656640,500x650,1.0,202.0,401.0,4095.0,1.2307692307692308e-05,CoRoT-2,2026-08-16T00:18:15.816-0700,61268.304,60.0,True
database\observations\2026-08-16\CoRoT-2\session_01\CoRoT-2260816072115.fits,science,CoRoT-2,2026-08-16,True,,2003a0b617f15c9b8d5be993b9f083c963c0a946bd5ddd4b761352ab7d933185,656640,500x650,1.0,202.0,401.0,4095.0,1.2307692307692308e-05,CoRoT-2,2026-08-16T00:21:15.147-0700,61268.306,60.0,True
database\observations\2026-08-16\CoRoT-2\session_01\CoRoT-2260816072416.fits,science,CoRoT-2,2026-08-16,True,,0a2ee046006040dd95b587a739784bc4866f6e7e13dda6c87822e1fc57061456,656640,500x650,1.0,204.0,402.0,4095.0,9.23076923076923e-06,CoRoT-2,2026-08-16T00:24:16.605-0700,61268.309,60.0,True
database\observations\2026-08-16\CoRoT-2\session_01\CoRoT-2260816072715.fits,science,CoRoT-2,2026-08-16,True,,d3021af21ab73fcb8a6700953639c0af20a157b56ddfa7e8d18be96eb17c1dd7,656640,500x650,1.0,202.0,401.0,4095.0,1.2307692307692308e-05,CoRoT-2,2026-08-16T00:27:15.282-0700,61268.311,60.0,True
database\observations\2026-08-16\CoRoT-2\session_01\CoRoT-2260816073015.fits,science,CoRoT-2,2026-08-16,True,,93d71566530c59bd874372e4b5aa16da89ffa96fe722363ba639ad46e48cca00,656640,500x650,1.0,203.0,402.0,4095.0,1.2307692307692308e-05,CoRoT-2,2026-08-16T00:30:15.826-0700,61268.313,60.0,True
database\observations\2026-08-16\CoRoT-2\session_01\CoRoT-2260816073316.fits,science,CoRoT-2,2026-08-16,True,,00f17b9335554ececf14d64dea944432dd2fc3dceb7419ade22e61e8798b5371,656640,500x650,1.0,204.0,402.0,4095.0,9.23076923076923e-06,CoRoT-2,2026-08-16T00:33:16.349-0700,61268.315,60.0,True
database\observations\2026-08-16\CoRoT-2\session_01\CoRoT-2260816073615.fits,science,CoRoT-2,2026-08-16,True,,9397efe4a4af7ce7e5a1165d7ece7a81c317d7294fd58253f1bdcf93cb3ca8f6,656640,500x650,1.0,202.0,402.0,4095.0,1.2307692307692308e-05,CoRoT-2,2026-08-16T00:36:15.829-0700,61268.317,60.0,True
database\observations\2026-08-16\CoRoT-2\session_01\CoRoT-2260816073915.fits,science,CoRoT-2,2026-08-16,True,,00d35fe9d7d8843ee3a4b55fffb4c4af1192165a3c484399d71db369d47cfc39,656640,500x650,1.0,203.0,403.0,4095.0,1.2307692307692308e-05,CoRoT-2,2026-08-16T00:39:15.257-0700,61268.319,60.0,True
database\observations\2026-08-16\CoRoT-2\session_01\CoRoT-2260816074215.fits,science,CoRoT-2,2026-08-16,True,,ff336be3c1c4c38d5ea13f537ac8ea92d268f8c8b0dd38846a10d04dda49ad96,656640,500x650,1.0,203.0,403.0,4095.0,6.153846153846154e-06,CoRoT-2,2026-08-16T00:42:15.656-0700,61268.321,60.0,True
database\observations\2026-08-16\CoRoT-2\session_01\CoRoT-2260816074516.fits,science,CoRoT-2,2026-08-16,True,,2aa65ed6200bb06ecdbcf51989d2f49e508ff94bf2ffd96c142d5e32b555cdb1,656640,500x650,1.0,203.0,403.0,4095.0,6.153846153846154e-06,CoRoT-2,2026-08-16T00:45:16.046-0700,61268.323,60.0,True
database\observations\2026-08-16\CoRoT-2\session_01\CoRoT-2260816074816.fits,science,CoRoT-2,2026-08-16,True,,9d3a1435ecd3ff9d5346a2bb0123039977bc86db483641f293c85e5dcfdf41d3,656640,500x650,1.0,202.0,403.0,3974.0,0.0,CoRoT-2,2026-08-16T00:48:16.542-0700,61268.325,60.0,True
database\observations\2026-08-16\CoRoT-2\session_01\CoRoT-2260816075115.fits,science,CoRoT-2,2026-08-16,True,,08164b41a13251bc587ff6c7e4c4e97bf3f20db84bcbd92c78fc5ac73a5676a3,656640,500x650,1.0,202.0,403.0,4095.0,6.153846153846154e-06,CoRoT-2,2026-08-16T00:51:15.944-0700,61268.327,60.0,True
database\observations\2026-08-16\CoRoT-2\session_01\CoRoT-2260816075415.fits,science,CoRoT-2,2026-08-16,True,,021527fb171f3d990649d0f39eca1dbd01c6ba04796dc39b9d56aecb149824b5,656640,500x650,1.0,203.0,403.0,4095.0,6.153846153846154e-06,CoRoT-2,2026-08-16T00:54:15.477-0700,61268.329,60.0,True
database\observations\2026-08-16\CoRoT-2\session_01\CoRoT-2260816075715.fits,science,CoRoT-2,2026-08-16,True,,51d2bbf6b548aff4d30956f00c4a95cdc82611b98a8f41dba715f200ac87d3c5,656640,500x650,1.0,203.0,404.0,4095.0,6.153846153846154e-06,CoRoT-2,2026-08-16T00:57:15.914-0700,61268.331,60.0,True
database\observations\2026-08-16\CoRoT-2\session_01\CoRoT-2260816080015.fits,science,CoRoT-2,2026-08-16,True,,4df3ec3a7be721cfd4fa2fe56601c44827c462f20b38301bc1d48789a2da5180,656640,500x650,1.0,201.0,404.0,4095.0,6.153846153846154e-06,CoRoT-2,2026-08-16T01:00:15.413-0700,61268.334,60.0,True
database\observations\2026-08-16\CoRoT-2\session_01\CoRoT-2260816080316.fits,science,CoRoT-2,2026-08-16,True,,f252c71e3d6a7327181e7d69e87bce23bf91b35dee4d4544f7cfe39ae45b5fcf,656640,500x650,1.0,203.0,404.0,4095.0,9.23076923076923e-06,CoRoT-2,2026-08-16T01:03:16.824-0700,61268.336,60.0,True
database\observations\2026-08-16\CoRoT-2\session_01\CoRoT-2260816080615.fits,science,CoRoT-2,2026-08-16,True,,9a6c527c6faab453956acebc97f0a61b1fe47e7210ddd091e65a7be593f8a6a9,656640,500x650,1.0,203.0,404.0,4095.0,3.076923076923077e-06,CoRoT-2,2026-08-16T01:06:15.168-0700,61268.338,60.0,True
database\observations\2026-08-16\CoRoT-2\session_01\CoRoT-2260816080915.fits,science,CoRoT-2,2026-08-16,True,,558e96cbf37149b2cdccdf7acda0fb63b736b3430f1e0a63e5e2b418c1f8bcd0,656640,500x650,1.0,204.0,405.0,4095.0,6.153846153846154e-06,CoRoT-2,2026-08-16T01:09:15.561-0700,61268.34,60.0,True
database\observations\2026-08-16\CoRoT-2\session_01\CoRoT-2260816081216.fits,science,CoRoT-2,2026-08-16,True,,c0923ccaa890957a0e65021e1b2ac79857786b16b8996755599ca649b2328b39,656640,500x650,1.0,202.0,405.0,4095.0,6.153846153846154e-06,CoRoT-2,2026-08-16T01:12:16.062-0700,61268.342,60.0,True
database\observations\2026-08-16\CoRoT-2\session_01\CoRoT-2260816081515.fits,science,CoRoT-2,2026-08-16,True,,b896278ddfeb91993502a3b09bbfb13a24afa4cc9b904f061384b36b3550a9b3,656640,500x650,1.0,202.0,405.0,4095.0,1.2307692307692308e-05,CoRoT-2,2026-08-16T01:15:15.404-0700,61268.344,60.0,True
database\observations\2026-08-16\CoRoT-2\session_01\CoRoT-2260816081815.fits,science,CoRoT-2,2026-08-16,True,,628acf40ef147c51855e864d4c2b18fae0b006c582030e19006fe9bd1579e6c0,656640,500x650,1.0,204.0,405.0,4095.0,1.2307692307692308e-05,CoRoT-2,2026-08-16T01:18:15.993-0700,61268.346,60.0,True
database\observations\2026-08-16\CoRoT-2\session_01\CoRoT-2260816082115.fits,science,CoRoT-2,2026-08-16,True,,3d138ac87e4460dd4d1c346f0dae4d72f520a7a2765a75e4316f1bc339db0a4d,656640,500x650,1.0,202.0,406.0,4095.0,9.23076923076923e-06,CoRoT-2,2026-08-16T01:21:15.442-0700,61268.348,60.0,True
database\observations\2026-08-16\CoRoT-2\session_01\CoRoT-2260816082415.fits,science,CoRoT-2,2026-08-16,True,,e26e52c903d8218e415a078e4d03084bdac46e9b069864ecd329ecc3bd51cc7a,656640,500x650,1.0,204.0,405.0,4095.0,6.153846153846154e-06,CoRoT-2,2026-08-16T01:24:15.996-0700,61268.35,60.0,True
database\observations\2026-08-16\CoRoT-2\session_01\CoRoT-2260816082715.fits,science,CoRoT-2,2026-08-16,True,,003d639b640e9a8741f253368972f4215fc73bc75e862c18297c0dd124024356,656640,500x650,1.0,203.0,405.0,4095.0,1.2307692307692308e-05,CoRoT-2,2026-08-16T01:27:15.438-0700,61268.352,60.0,True
database\observations\2026-08-16\CoRoT-2\session_01\CoRoT-2260816083015.fits,science,CoRoT-2,2026-08-16,True,,c8dc62cb9ca575e3a620f57e1ca0f5d690195e7df056c5e00cac6c2abadc08a0,656640,500x650,1.0,202.0,406.0,4095.0,1.2307692307692308e-05,CoRoT-2,2026-08-16T01:30:15.910-0700,61268.354,60.0,True
database\observations\2026-08-16\CoRoT-2\session_01\CoRoT-2260816083316.fits,science,CoRoT-2,2026-08-16,True,,c3eb78630d622f6f831b955e9be29642388af8e6615aae5aba4f898fd84e5946,656640,500x650,1.0,203.0,405.0,4095.0,1.2307692307692308e-05,CoRoT-2,2026-08-16T01:33:16.350-0700,61268.356,60.0,True
database\observations\2026-08-16\CoRoT-2\session_01\CoRoT-2260816083615.fits,science,CoRoT-2,2026-08-16,True,,ccab9c87726168656dddb1a755e257ab714b8994e637e089cbfedfbfdc73c4bb,656640,500x650,1.0,202.0,405.0,4095.0,9.23076923076923e-06,CoRoT-2,2026-08-16T01:36:15.745-0700,61268.359,60.0,True
database\observations\2026-08-16\CoRoT-2\session_01\CoRoT-2260816083915.fits,science,CoRoT-2,2026-08-16,True,,4d36dde87c70c827f776df39108b66908e9b0fac49f584000ddbea55bb9f8a69,656640,500x650,1.0,202.0,404.0,4095.0,1.5384615384615384e-05,CoRoT-2,2026-08-16T01:39:15.255-0700,61268.361,60.0,True
database\observations\2026-08-16\CoRoT-2\session_01\CoRoT-2260816084215.fits,science,CoRoT-2,2026-08-16,True,,af4115acc5af327c6bb94de56e6c3f54ec97b4bfe114d365180a2093b49469f7,656640,500x650,1.0,204.0,404.0,4095.0,9.23076923076923e-06,CoRoT-2,2026-08-16T01:42:15.763-0700,61268.363,60.0,True
database\observations\2026-08-16\CoRoT-2\session_01\CoRoT-2260816084517.fits,science,CoRoT-2,2026-08-16,True,,d39225c9a8a2263222bdbbb924ae14b85f8a8ad78ac5f8d23549a8171a25ef51,656640,500x650,1.0,204.0,404.0,4095.0,6.153846153846154e-06,CoRoT-2,2026-08-16T01:45:17.089-0700,61268.365,60.0,True
database\observations\2026-08-16\CoRoT-2\session_01\CoRoT-2260816084816.fits,science,CoRoT-2,2026-08-16,True,,1cb0e6f506cd631287762b711c42e03129280d7a646878ee9162b05226de9411,656640,500x650,1.0,202.0,404.0,4095.0,1.2307692307692308e-05,CoRoT-2,2026-08-16T01:48:16.621-0700,61268.367,60.0,True
database\observations\2026-08-16\CoRoT-2\session_01\CoRoT-2260816085116.fits,science,CoRoT-2,2026-08-16,True,,21ef3d4bbc2ad591c9402f40b0050c72a349f0f1d0473b0046da810484489a2a,656640,500x650,1.0,203.0,404.0,4095.0,3.076923076923077e-06,CoRoT-2,2026-08-16T01:51:16.079-0700,61268.369,60.0,True
database\observations\2026-08-16\CoRoT-2\session_01\CoRoT-2260816085415.fits,science,CoRoT-2,2026-08-16,True,,b60e8b92a0c3937d60e4f1df5483b5a420d09862bb8b38982a6df1f4a368bf3c,656640,500x650,1.0,203.0,403.0,4095.0,3.076923076923077e-06,CoRoT-2,2026-08-16T01:54:15.442-0700,61268.371,60.0,True
database\observations\2026-08-16\CoRoT-2\session_01\CoRoT-2260816085715.fits,science,CoRoT-2,2026-08-16,True,,e23afc6c6820727aa5689fe91ffc556967fed00eab26659338b2dbfcc6c61a50,656640,500x650,1.0,203.0,403.0,4095.0,3.076923076923077e-06,CoRoT-2,2026-08-16T01:57:15.925-0700,61268.373,60.0,True
database\observations\2026-08-17\TRES-5\session_01\TRES-5260817091750.fits,science,TRES-5,2026-08-17,True,,b0d75880db8761c90dfb074a2fd38fa90712779624033457247d8d484425df7a,656640,500x650,1.0,204.0,403.0,4095.0,7.384615384615384e-05,TRES-5,2026-08-17T02:17:50.399-0700,61269.387,60.0,True
database\observations\2026-08-17\TRES-5\session_01\TRES-5260817092423.fits,science,TRES-5,2026-08-17,True,,df308e17719c3b0c398c68c38812f5594a917ba51bed200cd38ac048e56c69f3,656640,500x650,1.0,204.0,402.0,4095.0,9.538461538461538e-05,TRES-5,2026-08-17T02:24:23.429-0700,61269.392,60.0,True
database\observations\2026-08-17\TRES-5\session_01\TRES-5260817092606.fits,science,TRES-5,2026-08-17,True,,dccfa478f65a3b4b4ec318ceaa2e4d1a49aa84e50b0f3336c00e818f2d6d0a6f,656640,500x650,1.0,205.0,402.0,4095.0,5.846153846153846e-05,TRES-5,2026-08-17T02:26:06.717-0700,61269.393,60.0,True
database\observations\2026-08-17\TRES-5\session_01\TRES-5260817093238.fits,science,TRES-5,2026-08-17,True,,64051a19eda574bf3693ec65d19c9124273d409e8335dc2d956a2c135446e466,656640,500x650,1.0,204.0,403.0,4095.0,8.307692307692307e-05,TRES-5,2026-08-17T02:32:38.686-0700,61269.398,60.0,True
database\observations\2026-08-17\TRES-5\session_01\TRES-5260817093730.fits,science,TRES-5,2026-08-17,True,,c4d2a44a784f08bc54706f5917fb15e31ada07f2d49063f5f922abbceb939bac,656640,500x650,1.0,203.0,404.0,4095.0,4.923076923076923e-05,TRES-5,2026-08-17T02:37:30.855-0700,61269.401,60.0,True
database\observations\2026-08-17\TRES-5\session_01\TRES-5260817093914.fits,science,TRES-5,2026-08-17,True,,60068dd504ad93267b35fec385ecafa242f337ca3fe6a564ac107d80524a8038,656640,500x650,1.0,204.0,403.0,4095.0,6.76923076923077e-05,TRES-5,2026-08-17T02:39:14.112-0700,61269.402,60.0,True
database\observations\2026-08-17\TRES-5\session_01\TRES-5260817094059.fits,science,TRES-5,2026-08-17,True,,9d7f19a52fba3f01d5ae85c5e73105b1908890de0a304fcb2681a3ffd17e8e62,656640,500x650,1.0,205.0,404.0,4095.0,6.153846153846154e-05,TRES-5,2026-08-17T02:40:59.288-0700,61269.403,60.0,True
database\observations\2026-08-17\TRES-5\session_01\TRES-5260817094242.fits,science,TRES-5,2026-08-17,True,,598ea97fa125c80c39da845ef20b15edb500c382bb67701490e5a8e6b90a90ba,656640,500x650,1.0,204.0,404.0,4095.0,5.2307692307692306e-05,TRES-5,2026-08-17T02:42:42.458-0700,61269.405,60.0,True
database\observations\2026-08-17\TRES-5\session_01\TRES-5260817094427.fits,science,TRES-5,2026-08-17,True,,6a6cabf2c0f47cc1495d9fa6d2852c6ae720ce3d4e76742d77c9a684ca29007d,656640,500x650,1.0,205.0,404.0,4095.0,5.2307692307692306e-05,TRES-5,2026-08-17T02:44:27.649-0700,61269.406,60.0,True
database\observations\2026-08-17\TRES-5\session_01\TRES-5260817094610.fits,science,TRES-5,2026-08-17,True,,c8dcbc1d933508394e7f41a6d23565dfefa50baefb13d35fca5e28d3d27d6633,656640,500x650,1.0,203.0,404.0,4095.0,6.461538461538462e-05,TRES-5,2026-08-17T02:46:10.829-0700,61269.407,60.0,True
database\observations\2026-08-17\TRES-5\session_01\TRES-5260817094753.fits,science,TRES-5,2026-08-17,True,,663f2c25d00c6a0f69ea430f00ef18fc0f5e3ab126b124e9bb478b01d1b42b2d,656640,500x650,1.0,203.0,404.0,4095.0,7.692307692307693e-05,TRES-5,2026-08-17T02:47:53.996-0700,61269.408,60.0,True
database\observations\2026-08-17\TRES-5\session_01\TRES-5260817094938.fits,science,TRES-5,2026-08-17,True,,229fdacbab89e460c18f854214b4369061aca1d47ff5e4c2ed899d74aa6d2e8a,656640,500x650,1.0,204.0,405.0,4095.0,8.307692307692307e-05,TRES-5,2026-08-17T02:49:38.113-0700,61269.409,60.0,True
database\observations\2026-08-17\TRES-5\session_01\TRES-5260817095122.fits,science,TRES-5,2026-08-17,True,,6a87cc7329a281f95d2e8972cf09bdccd715f1eecbfcb47f28167adcf74f78dd,656640,500x650,1.0,202.0,405.0,4095.0,5.846153846153846e-05,TRES-5,2026-08-17T02:51:22.291-0700,61269.411,60.0,True
database\observations\2026-08-17\TRES-5\session_01\TRES-5260817095415.fits,science,TRES-5,2026-08-17,True,,b04fcd2e1ef7cfae694403234d20edbb00515fddfe77e2d281b57ec3518bb16e,656640,500x650,1.0,205.0,405.0,4095.0,5.846153846153846e-05,TRES-5,2026-08-17T02:54:15.561-0700,61269.413,60.0,True
database\observations\2026-08-17\TRES-5\session_01\TRES-5260817095716.fits,science,TRES-5,2026-08-17,True,,300976b65c8732647ae26331ed2455a445b329c2e32dbe0173b2a2ffd669aaa8,656640,500x650,1.0,203.0,404.0,4095.0,6.76923076923077e-05,TRES-5,2026-08-17T02:57:16.047-0700,61269.415,60.0,True
database\observations\2026-08-17\TRES-5\session_01\TRES-5260817100015.fits,science,TRES-5,2026-08-17,True,,7d382a8f03f3fe0caa7964bc2caa816430b297dd82dc147daebbd621586487d1,656640,500x650,1.0,203.0,404.0,4095.0,7.692307692307693e-05,TRES-5,2026-08-17T03:00:15.435-0700,61269.417,60.0,True
database\observations\2026-08-17\TRES-5\session_01\TRES-5260817100315.fits,science,TRES-5,2026-08-17,True,,480aedfaa3d22036590df791e2709c049d88b7366ed550f1a857d897f55cb5bb,656640,500x650,1.0,204.0,403.0,4095.0,6.153846153846154e-05,TRES-5,2026-08-17T03:03:15.829-0700,61269.419,60.0,True
database\observations\2026-08-17\TRES-5\session_01\TRES-5260817100616.fits,science,TRES-5,2026-08-17,True,,ef501ad56bb140d4cf12950e4f3338d08c98fa2902a84663e950e137569fe70f,656640,500x650,1.0,203.0,402.0,4095.0,6.153846153846154e-05,TRES-5,2026-08-17T03:06:16.073-0700,61269.421,60.0,True
database\observations\2026-08-17\TRES-5\session_01\TRES-5260817100915.fits,science,TRES-5,2026-08-17,True,,8830ef679a3284cdd93b138a33c69ce2596e99b4865c3578e9c70b2a915714f9,656640,500x650,1.0,203.0,403.0,4095.0,7.076923076923076e-05,TRES-5,2026-08-17T03:09:15.603-0700,61269.423,60.0,True
database\observations\2026-08-17\TRES-5\session_01\TRES-5260817101216.fits,science,TRES-5,2026-08-17,True,,6f6ad957cdf043134de63025453516defdd8152463b2583dc81ba1b7384d6728,656640,500x650,1.0,204.0,403.0,4095.0,7.384615384615384e-05,TRES-5,2026-08-17T03:12:16.977-0700,61269.425,60.0,True
database\observations\2026-08-17\TRES-5\session_01\TRES-5260817101515.fits,science,TRES-5,2026-08-17,True,,f951e818a71badac9e994e4c2e2ab8bc67e4538332e36380f9bae423096b7ad6,656640,500x650,1.0,203.0,403.0,4095.0,5.2307692307692306e-05,TRES-5,2026-08-17T03:15:15.269-0700,61269.427,60.0,True
database\observations\2026-08-17\TRES-5\session_01\TRES-5260817101815.fits,science,TRES-5,2026-08-17,True,,19e1d1d75123aa4d4cd62a53d170dd5b25c5ad544b5df8672c8df4740c9a38eb,656640,500x650,1.0,203.0,403.0,4095.0,5.538461538461539e-05,TRES-5,2026-08-17T03:18:15.662-0700,61269.429,60.0,True
database\observations\2026-08-17\TRES-5\session_01\TRES-5260817102116.fits,science,TRES-5,2026-08-17,True,,22c66d12ef0849f6e56a64b8ff88f49f02cb4eafa1b859886316247949d42ab8,656640,500x650,1.0,204.0,402.0,4095.0,5.538461538461539e-05,TRES-5,2026-08-17T03:21:16.069-0700,61269.431,60.0,True
database\observations\2026-08-17\TRES-5\session_01\TRES-5260817102415.fits,science,TRES-5,2026-08-17,True,,e0e777b1186b5a00a0e964156b6bd89a25458b71607c85b285f752be40856b47,656640,500x650,1.0,203.0,403.0,4095.0,6.461538461538462e-05,TRES-5,2026-08-17T03:24:15.511-0700,61269.434,60.0,True
database\observations\2026-08-17\TRES-5\session_01\TRES-5260817102715.fits,science,TRES-5,2026-08-17,True,,669e6cc3a805f97ae75f066d98e9fa0a122ffeedbf980bd0ebde1df314225fa8,656640,500x650,1.0,203.0,404.0,4095.0,6.461538461538462e-05,TRES-5,2026-08-17T03:27:15.746-0700,61269.436,60.0,True
database\observations\2026-08-17\TRES-5\session_01\TRES-5260817103015.fits,science,TRES-5,2026-08-17,True,,c16f6d9447e6341ca814c29f4c2d4fe7bcbb526e93cc241bab5cc971b687cc3c,656640,500x650,1.0,204.0,403.0,4095.0,7.692307692307693e-05,TRES-5,2026-08-17T03:30:15.192-0700,61269.438,60.0,True
database\observations\2026-08-17\TRES-5\session_01\TRES-5260817103316.fits,science,TRES-5,2026-08-17,True,,169cd8b8bd2ed5ee876a48a1a1862a085a768f7ddb563c7331aee5749a7e38a0,656640,500x650,1.0,203.0,405.0,4095.0,6.461538461538462e-05,TRES-5,2026-08-17T03:33:16.611-0700,61269.44,60.0,True
database\observations\2026-08-17\TRES-5\session_01\TRES-5260817103616.fits,science,TRES-5,2026-08-17,True,,5dc38cec5afdd5f7907f6c7426c998e01a98b8f4cbf9172160a112751b88d90a,656640,500x650,1.0,204.0,404.0,4095.0,6.461538461538462e-05,TRES-5,2026-08-17T03:36:16.255-0700,61269.442,60.0,True
database\observations\2026-08-17\TRES-5\session_01\TRES-5260817103915.fits,science,TRES-5,2026-08-17,True,,a2a4985ed76571818cb78010337d5240cac123de81310187772890e6173d7676,656640,500x650,1.0,203.0,403.0,4095.0,5.2307692307692306e-05,TRES-5,2026-08-17T03:39:15.707-0700,61269.444,60.0,True
database\observations\2026-08-17\TRES-5\session_01\TRES-5260817104216.fits,science,TRES-5,2026-08-17,True,,0e01f7596d6b7a7e07befd39b623c807c344c5236bdb434ef393432f1375caba,656640,500x650,1.0,202.0,403.0,4095.0,4.615384615384615e-05,TRES-5,2026-08-17T03:42:16.150-0700,61269.446,60.0,True
database\observations\2026-08-17\TRES-5\session_01\TRES-5260817104515.fits,science,TRES-5,2026-08-17,True,,0f6badb6e67f57fc60289a6f63c4a1861972aa21bb11f6b8f0fa33fa3ed5a266,656640,500x650,1.0,202.0,404.0,4095.0,5.538461538461539e-05,TRES-5,2026-08-17T03:45:15.653-0700,61269.448,60.0,True
database\observations\2026-08-17\TRES-5\session_01\TRES-5260817104815.fits,science,TRES-5,2026-08-17,True,,63b2f9aa456624a56981848b044129dac16aedfc33924aff5ea126dd95a49e25,656640,500x650,1.0,203.0,403.0,4095.0,5.538461538461539e-05,TRES-5,2026-08-17T03:48:15.985-0700,61269.45,60.0,True
database\observations\2026-08-17\TRES-5\session_01\TRES-5260817105115.fits,science,TRES-5,2026-08-17,True,,fd0a09a724959eb5a07684dc1f44c7a3bc7e5eb9e28c70d321cbf2fdfa6dad57,656640,500x650,1.0,203.0,403.0,4095.0,5.538461538461539e-05,TRES-5,2026-08-17T03:51:15.347-0700,61269.452,60.0,True
database\observations\2026-08-17\TRES-5\session_01\TRES-5260817105415.fits,science,TRES-5,2026-08-17,True,,edf04ed969c6ff2eab34349ea430775e33a3267fc60d1d2e09f91ddee10dcc3f,656640,500x650,1.0,0.0,403.0,4095.0,8.615384615384615e-05,TRES-5,2026-08-17T03:54:15.761-0700,61269.454,60.0,True
database\observations\2026-08-17\TRES-5\session_01\TRES-5260817105715.fits,science,TRES-5,2026-08-17,True,,c24a8d4ef8c82e7e41aec44edc8f3a6ee03c26a71a0374229f244844467a3257,656640,500x650,1.0,202.0,404.0,4095.0,5.846153846153846e-05,TRES-5,2026-08-17T03:57:15.255-0700,61269.456,60.0,True
database\observations\2026-08-17\TRES-5\session_01\TRES-5260817110015.fits,science,TRES-5,2026-08-17,True,,1e5f7a642ec5160be755b6b7ff8e4f59afa03661271ce39460ae7e561314bcd5,656640,500x650,1.0,202.0,403.0,4095.0,5.538461538461539e-05,TRES-5,2026-08-17T04:00:15.837-0700,61269.459,60.0,True
database\observations\2026-08-17\TRES-5\session_01\TRES-5260817110315.fits,science,TRES-5,2026-08-17,True,,ce950939ac5f7a0935353e0adb451e89fbf6f94d1c04748ab71b7d0178dd0621,656640,500x650,1.0,204.0,405.0,4095.0,4.307692307692308e-05,TRES-5,2026-08-17T04:03:15.195-0700,61269.461,60.0,True
database\observations\2026-08-17\TRES-5\session_01\TRES-5260817110616.fits,science,TRES-5,2026-08-17,True,,37d274182cc497bf30df7daf304edf4e7a07146877e1f100a6a1309ec8bad31d,656640,500x650,1.0,204.0,407.0,4095.0,4.923076923076923e-05,TRES-5,2026-08-17T04:06:16.522-0700,61269.463,60.0,True
database\observations\2026-08-17\TRES-5\session_01\TRES-5260817110915.fits,science,TRES-5,2026-08-17,True,,f2d475b5c6853703592ab43dc37d9a228bcb52e8a8ef00fe424a72fd5c82444f,656640,500x650,1.0,203.0,407.0,4095.0,4.615384615384615e-05,TRES-5,2026-08-17T04:09:15.850-0700,61269.465,60.0,True
database\observations\2026-08-17\TRES-5\session_01\TRES-5260817111215.fits,science,TRES-5,2026-08-17,True,,9e26c02902d4e0c26268510cbea2d008d7116d9b0c851d4d3717ea093749e126,656640,500x650,1.0,203.0,407.0,4095.0,4e-05,TRES-5,2026-08-17T04:12:15.211-0700,61269.467,60.0,True
database\observations\2026-08-17\TRES-5\session_01\TRES-5260817111515.fits,science,TRES-5,2026-08-17,True,,4f2cb5c28734bfa3db29c1a86b26bbacadf6af325a67041bb29a6f79baeebca6,656640,500x650,1.0,203.0,409.0,4095.0,4.615384615384615e-05,TRES-5,2026-08-17T04:15:15.713-0700,61269.469,60.0,True
database\observations\2026-08-17\TRES-5\session_01\TRES-5260817111815.fits,science,TRES-5,2026-08-17,True,,4b502e34b7292a2c6b35788cf67ea10785494efb127a4d977d7815b771ae54e8,656640,500x650,1.0,203.0,409.0,4095.0,4e-05,TRES-5,2026-08-17T04:18:15.268-0700,61269.471,60.0,True
database\observations\2026-08-17\TRES-5\session_01\TRES-5260817112115.fits,science,TRES-5,2026-08-17,True,,d863d7f04cb9118c2228e95ebf68492a7c5c5c8618f3ca4e83c9b3e8ddedb742,656640,500x650,1.0,203.0,409.0,4095.0,4.615384615384615e-05,TRES-5,2026-08-17T04:21:15.600-0700,61269.473,60.0,True
database\observations\2026-08-17\TRES-5\session_01\TRES-5260817112416.fits,science,TRES-5,2026-08-17,True,,85c46f9f3ffbcecf5f401cefd33d14ac77f4c6c8776286c394959d29f6fe977f,656640,500x650,1.0,204.0,409.0,4095.0,4e-05,TRES-5,2026-08-17T04:24:16.967-0700,61269.475,60.0,True
database\observations\2026-08-17\TRES-5\session_01\TRES-5260817112715.fits,science,TRES-5,2026-08-17,True,,ffae9ef54c1ce897a5284f1ef98f2e4f08609782c7f16d990ec048406194eb9e,656640,500x650,1.0,203.0,410.0,4095.0,3.692307692307692e-05,TRES-5,2026-08-17T04:27:15.257-0700,61269.477,60.0,True
database\observations\2026-08-17\TRES-5\session_01\TRES-5260817113015.fits,science,TRES-5,2026-08-17,True,,fcb0822579e0a6ee16cb0b3eeff69cb55503e98fd4f5a9431bfe4f5109fd655c,656640,500x650,1.0,204.0,412.0,4095.0,4.307692307692308e-05,TRES-5,2026-08-17T04:30:15.588-0700,61269.479,60.0,True
database\observations\2026-08-17\TRES-5\session_01\TRES-5260817113315.fits,science,TRES-5,2026-08-17,True,,802e29b2376f7ec5812bf5d58661f71352e514a156cd7ee6463bcde55026a54a,656640,500x650,1.0,206.0,412.0,4095.0,4.307692307692308e-05,TRES-5,2026-08-17T04:33:15.936-0700,61269.481,60.0,True
database\observations\2026-08-17\TRES-5\session_01\TRES-5260817113615.fits,science,TRES-5,2026-08-17,True,,9f6e55a066746ad062c65aa9c81072557241d44d88b49dd28baa77285b804080,656640,500x650,1.0,205.0,415.0,4095.0,3.384615384615385e-05,TRES-5,2026-08-17T04:36:15.345-0700,61269.484,60.0,True
database\observations\2026-08-17\TRES-5\session_01\TRES-5260817113915.fits,science,TRES-5,2026-08-17,True,,ebd788279e70d7833c917ee0b47072e9705743b79c1d375f6a2e2d5007289100,656640,500x650,1.0,206.0,419.0,4095.0,4e-05,TRES-5,2026-08-17T04:39:15.697-0700,61269.486,60.0,True
database\observations\2026-08-17\TRES-5\session_01\TRES-5260817114216.fits,science,TRES-5,2026-08-17,True,,62c5317ffedaa8f9762a943b92022b4b70a69d67e0a3485bed0a19bba17e80bd,656640,500x650,1.0,205.0,426.0,4095.0,4e-05,TRES-5,2026-08-17T04:42:16.076-0700,61269.488,60.0,True
database\observations\2026-08-17\TRES-5\session_01\TRES-5260817114516.fits,science,TRES-5,2026-08-17,True,,fe285ebda7d7374c147a35134868c87a89e3a19734ca634c783a8cc54a9f7e6b,656640,500x650,1.0,249.0,438.0,4095.0,5.538461538461539e-05,TRES-5,2026-08-17T04:45:16.424-0700,61269.49,60.0,True
database\observations\2026-08-17\TRES-5\session_01\TRES-5260817114815.fits,science,TRES-5,2026-08-17,True,,1626b1c0197fa8ed8609d2d1c648c6df9546aa9735f6741a160491597acc3ea0,656640,500x650,1.0,205.0,457.0,4095.0,9.538461538461538e-05,TRES-5,2026-08-17T04:48:15.753-0700,61269.492,60.0,True
database\observations\2026-08-17\TRES-5\session_01\TRES-5260817115116.fits,science,TRES-5,2026-08-17,True,,df85ea881f3a4d4014f255e621fea3c43f4e737aef4b57c989e104c7313ea0f4,656640,500x650,1.0,207.0,492.0,4095.0,5.538461538461539e-05,TRES-5,2026-08-17T04:51:16.048-0700,61269.494,60.0,True
database\observations\2026-08-17\TRES-5\session_01\TRES-5260817115416.fits,science,TRES-5,2026-08-17,True,,0364c9ef3f2779ad04970471165bb8672cbe3824f642552881c016d70e6788c9,656640,500x650,1.0,209.0,553.0,4095.0,0.00018769230769230769,TRES-5,2026-08-17T04:54:16.357-0700,61269.496,60.0,True
database\observations\2026-08-17\TRES-5\session_01\TRES-5260817120203.fits,science,TRES-5,2026-08-17,True,,c03743e8eb4089cb6065b6dff9cf57c45ce2f308e0919e5d27ccded589de4314,656640,500x650,1.0,222.0,1033.0,4095.0,0.00023692307692307693,TRES-5,2026-08-17T05:02:03.628-0700,61269.501,60.0,True
database\observations\2026-08-17\TRES-5\session_01\TRES-5260817120952.fits,science,TRES-5,2026-08-17,True,,f18fe00551895dc6ad8d5d8b52cfc24d795812c3b01d0f4e2c9d6e5d022c7e18,656640,500x650,1.0,309.0,3305.0,4095.0,0.0010923076923076923,TRES-5,2026-08-17T05:09:52.861-0700,61269.507,60.0,True
database\observations\2026-08-17\TRES-5\session_01\TRES-5260817121746.fits,science,TRES-5,2026-08-17,True,,ab15787cf365e2e170ea5c7cfbf729784cc2547006f9fdcde5294c0120f2b3c8,656640,500x650,1.0,825.0,4095.0,4095.0,0.9984615384615385,TRES-5,2026-08-17T05:17:46.115-0700,61269.512,60.0,True
database\observations\2026-08-17\TRES-5\session_01\TRES-5260817122550.fits,science,TRES-5,2026-08-17,True,,19663134ab7b684a7e425e4eb6324215d867ec3a869ae10ced75f955ab0e4140,656640,500x650,1.0,4095.0,4095.0,4095.0,1.0,TRES-5,2026-08-17T05:25:50.578-0700,61269.518,60.0,True
database\observations\2026-08-17\TRES-5\session_01\TRES-5260817123344.fits,science,TRES-5,2026-08-17,True,,b54aa99ff235335f5352a88e600744094dcb8c1fb41c448b63e0b993e4932d74,656640,500x650,1.0,4095.0,4095.0,4095.0,1.0,TRES-5,2026-08-17T05:33:44.687-0700,61269.523,60.0,True
database\observations\2026-08-17\TRES-5\session_01\TRES-5260817124139.fits,science,TRES-5,2026-08-17,True,,01978feaaea5ff44628be978827437c9035bdd597db00af8ffd5e865a07885d1,656640,500x650,1.0,4095.0,4095.0,4095.0,1.0,TRES-5,2026-08-17T05:41:39.936-0700,61269.529,60.0,True
database\observations\2026-08-17\TRES-5\session_01\TRES-5260817124936.fits,science,TRES-5,2026-08-17,True,,731fcd07deef9c3359f924a29cc5275261e69921c7c268c39e5f6fde66feb8fd,656640,500x650,1.0,4095.0,4095.0,4095.0,1.0,TRES-5,2026-08-17T05:49:36.210-0700,61269.534,60.0,True
database\observations\2026-08-17\TRES-5\session_01\TRES-5260817125735.fits,science,TRES-5,2026-08-17,True,,120febe7adddbdbca23f62c3c5c6cdbb6c865776b3063efc2613dfaf450d0024,656640,500x650,1.0,4095.0,4095.0,4095.0,1.0,TRES-5,2026-08-17T05:57:35.450-0700,61269.54,60.0,True
database\observations\2026-08-17\TRES-5\session_01\TRES-5260817130536.fits,science,TRES-5,2026-08-17,True,,7144aa44ee1eab1820c49b83eae6890b0793c0ed23e0d8ba98b0e0d4f2f940ee,656640,500x650,1.0,4095.0,4095.0,4095.0,1.0,TRES-5,2026-08-17T06:05:36.720-0700,61269.546,60.0,True
database\observations\2026-08-17\TRES-5\session_01\TRES-5260817131349.fits,science,TRES-5,2026-08-17,True,,aae58d079fe43142bc363eeedd48e46de85fc4d1e2b6d49480b4e9dc1fcfb51d,656640,500x650,1.0,4095.0,4095.0,4095.0,1.0,TRES-5,2026-08-17T06:13:49.133-0700,61269.551,60.0,True
database\observations\2026-08-17\TRES-5\session_01\TRES-5260817132155.fits,science,TRES-5,2026-08-17,True,,67b85bbd52c8738c4a60654e7adf6243c26481d415c28c5e9ff3f69870912c50,656640,500x650,1.0,4095.0,4095.0,4095.0,1.0,TRES-5,2026-08-17T06:21:55.480-0700,61269.557,60.0,True
database\observations\2026-08-17\TRES-5\session_01\TRES-5260817133002.fits,science,TRES-5,2026-08-17,True,,40a1253e9b0007d6c94fcce1e621dc0933e8299a212d1f1dd31711541860d68e,656640,500x650,1.0,4095.0,4095.0,4095.0,1.0,TRES-5,2026-08-17T06:30:02.844-0700,61269.563,60.0,True
database\observations\2026-08-17\TRES-5\session_01\TRES-5260817133809.fits,science,TRES-5,2026-08-17,True,,08ef4d913ee97ba87a2b5f0b08e4cdd55d0c2a95ac8de57e712fcfea1fe4c500,656640,500x650,1.0,4095.0,4095.0,4095.0,1.0,TRES-5,2026-08-17T06:38:09.219-0700,61269.568,60.0,True
database\observations\2026-08-17\TRES-5\session_01\TRES-5260817134616.fits,science,TRES-5,2026-08-17,True,,c7b10fd22c9a48d4ba6e1e056e4e2a83d1d748ada8ad1502cbe1d47796297ce8,656640,500x650,1.0,4095.0,4095.0,4095.0,1.0,TRES-5,2026-08-17T06:46:16.600-0700,61269.574,60.0,True
database\observations\2026-08-17\TRES-5\session_01\TRES-5260817135425.fits,science,TRES-5,2026-08-17,True,,251a5bf6778d82626d5158a50489912a49f9f2e644b67e8a78ed751e6a422f2a,656640,500x650,1.0,4095.0,4095.0,4095.0,1.0,TRES-5,2026-08-17T06:54:25.968-0700,61269.579,60.0,True
database\observations\2026-08-17\TRES-5\session_01\TRES-5260817140233.fits,science,TRES-5,2026-08-17,True,,117f272303a969ca2054ad168aedcead4ca3b52d5cbcd7413af20c7079a7b024,656640,500x650,1.0,4095.0,4095.0,4095.0,1.0,TRES-5,2026-08-17T07:02:33.347-0700,61269.585,60.0,True
database\observations\2026-08-17\TRES-5\session_01\TRES-5260817140932.fits,science,TRES-5,2026-08-17,True,,3336431a48849af64557c4e0c2d730d27e53ab0f72bfed5ae75e001440e8db07,656640,500x650,1.0,4095.0,4095.0,4095.0,1.0,TRES-5,2026-08-17T07:09:32.823-0700,61269.59,60.0,True
database\observations\2026-08-17\TRES-5\session_01\TRES-5260817141136.fits,science,TRES-5,2026-08-17,True,,28ad492c2d3010d1df639e49863707f5160a87fd451042ff4fca8fb5d1ea8b7d,656640,500x650,1.0,4095.0,4095.0,4095.0,1.0,TRES-5,2026-08-17T07:11:36.339-0700,61269.591,60.0,True
database\observations\2026-08-17\TRES-5\session_01\TRES-5260817141952.fits,science,TRES-5,2026-08-17,True,,3389d73b8b696b500626fe517eec60799090b0efb349b47861ecebfe23936924,656640,500x650,1.0,4095.0,4095.0,4095.0,1.0,TRES-5,2026-08-17T07:19:52.723-0700,61269.597,60.0,True
database\observations\2026-08-17\TRES-5\session_01\TRES-5260817142801.fits,science,TRES-5,2026-08-17,True,,9d5dfbfb50d671120bffd6c906f65ee2ab6927ccdd2f6098529d768d0284c5f7,656640,500x650,1.0,4095.0,4095.0,4095.0,1.0,TRES-5,2026-08-17T07:28:01.998-0700,61269.603,60.0,True
database\observations\2026-08-18\Qatar-1\session_01\Qatar-1260818082449.fits,science,Qatar-1,2026-08-18,True,,31223b82a4699a180c7a7213b63b78515d1cc904ab72b1f11ad697ed248c9ffd,656640,500x650,1.0,204.0,404.0,4095.0,9.846153846153846e-05,Qatar-1,2026-08-18T01:24:49.906-0700,61270.351,60.0,True
database\observations\2026-08-18\Qatar-1\session_01\Qatar-1260818082715.fits,science,Qatar-1,2026-08-18,True,,df901ebb39227a6fe14697a5289309172f3e7f1b9f57db62fee52ca5d1723337,656640,500x650,1.0,206.0,405.0,4095.0,9.846153846153846e-05,Qatar-1,2026-08-18T01:27:15.461-0700,61270.352,60.0,True
database\observations\2026-08-18\Qatar-1\session_01\Qatar-1260818083016.fits,science,Qatar-1,2026-08-18,True,,517535b77b0509367187e71b3f7cc1b2a7e9ef4feb0973a8382650767bd4afed,656640,500x650,1.0,204.0,404.0,4095.0,0.00010153846153846155,Qatar-1,2026-08-18T01:30:16.788-0700,61270.354,60.0,True
database\observations\2026-08-18\Qatar-1\session_01\Qatar-1260818083316.fits,science,Qatar-1,2026-08-18,True,,a05e41abcd893eec9a05bfe3db7520c6f7ef3841d23d4cd25fded6cb3d79fd75,656640,500x650,1.0,204.0,404.0,4095.0,9.846153846153846e-05,Qatar-1,2026-08-18T01:33:16.158-0700,61270.356,60.0,True
database\observations\2026-08-18\Qatar-1\session_01\Qatar-1260818083615.fits,science,Qatar-1,2026-08-18,True,,fafaf623d673435e28e710926d717345389b63464f1919358ee8da414d9b4408,656640,500x650,1.0,203.0,404.0,4095.0,0.00010461538461538461,Qatar-1,2026-08-18T01:36:15.528-0700,61270.359,60.0,True
database\observations\2026-08-18\Qatar-1\session_01\Qatar-1260818083916.fits,science,Qatar-1,2026-08-18,True,,b228aa25f3f12c78265d120ca964c6574c235c7708d66bba6506244d3ffb33a5,656640,500x650,1.0,204.0,405.0,4095.0,0.00010461538461538461,Qatar-1,2026-08-18T01:39:16.942-0700,61270.361,60.0,True
database\observations\2026-08-18\Qatar-1\session_01\Qatar-1260818084215.fits,science,Qatar-1,2026-08-18,True,,20ce0627774709f39abbc3c1543b921ca04761336e3b5abda7fe6b93251804be,656640,500x650,1.0,203.0,403.0,4095.0,0.00011384615384615384,Qatar-1,2026-08-18T01:42:15.374-0700,61270.363,60.0,True
database\observations\2026-08-18\Qatar-1\session_01\Qatar-1260818084515.fits,science,Qatar-1,2026-08-18,True,,f67100e8d980b6751ade1bff468bd4f7824932f8623a4d7da5c5e1e089e61512,656640,500x650,1.0,204.0,405.0,4095.0,9.846153846153846e-05,Qatar-1,2026-08-18T01:45:15.732-0700,61270.365,60.0,True
database\observations\2026-08-18\Qatar-1\session_01\Qatar-1260818084815.fits,science,Qatar-1,2026-08-18,True,,2d7b35b79409c728049507f82dd0c64ef0cb2f3c9880fddb17848c013a72ce0b,656640,500x650,1.0,203.0,405.0,4095.0,0.00010153846153846155,Qatar-1,2026-08-18T01:48:15.174-0700,61270.367,60.0,True
database\observations\2026-08-18\Qatar-1\session_01\Qatar-1260818085115.fits,science,Qatar-1,2026-08-18,True,,0bc53c3c4e15a6cfd4edd54b2a242d80c3c9b2c3c3a84c831d7ab285831a3287,656640,500x650,1.0,203.0,405.0,4095.0,0.00010461538461538461,Qatar-1,2026-08-18T01:51:15.476-0700,61270.369,60.0,True
database\observations\2026-08-18\Qatar-1\session_01\Qatar-1260818085415.fits,science,Qatar-1,2026-08-18,True,,0ba10d47dd026be4f78977509f7aaaa36d748ae8dc16778b3024da105a26fc9b,656640,500x650,1.0,204.0,404.0,4095.0,0.00010153846153846155,Qatar-1,2026-08-18T01:54:15.830-0700,61270.371,60.0,True
database\observations\2026-08-18\Qatar-1\session_01\Qatar-1260818085716.fits,science,Qatar-1,2026-08-18,True,,0b5b8fd6135143fa117826b9a87e0876a32523e679979abcc2a1facbb3d4eddd,656640,500x650,1.0,203.0,403.0,4095.0,0.0001076923076923077,Qatar-1,2026-08-18T01:57:16.249-0700,61270.373,60.0,True
database\observations\2026-08-18\Qatar-1\session_01\Qatar-1260818090016.fits,science,Qatar-1,2026-08-18,True,,04ac76d1e43849e4d8d34bf0a181924faa2effdeb057456c994bac8e57b9b6d0,656640,500x650,1.0,204.0,402.0,4095.0,0.00010461538461538461,Qatar-1,2026-08-18T02:00:16.671-0700,61270.375,60.0,True
database\observations\2026-08-18\Qatar-1\session_01\Qatar-1260818090316.fits,science,Qatar-1,2026-08-18,True,,8a950c2c1bb92ca7481c60d3d4ca8052faf4740099f9524bf74c982321d45b3a,656640,500x650,1.0,204.0,405.0,4095.0,0.00010153846153846155,Qatar-1,2026-08-18T02:03:16.918-0700,61270.377,60.0,True
database\observations\2026-08-18\Qatar-1\session_01\Qatar-1260818090615.fits,science,Qatar-1,2026-08-18,True,,4100619a2a3615c09f7f66501aed9608ed189660da5d14e6d15315734c1ae663,656640,500x650,1.0,202.0,405.0,4095.0,0.00010153846153846155,Qatar-1,2026-08-18T02:06:15.169-0700,61270.379,60.0,True
database\observations\2026-08-18\Qatar-1\session_01\Qatar-1260818090915.fits,science,Qatar-1,2026-08-18,True,,c91c212858b6b0828f6b6872aa82a4c7d51795ae0882bf9021de1b3f5157c842,656640,500x650,1.0,202.0,404.0,4095.0,0.00011384615384615384,Qatar-1,2026-08-18T02:09:15.591-0700,61270.381,60.0,True
database\observations\2026-08-18\Qatar-1\session_01\Qatar-1260818091215.fits,science,Qatar-1,2026-08-18,True,,9f83a6143b984378a0290b597595c91d65ab0fb93ec26824536bba57647a14e5,656640,500x650,1.0,203.0,404.0,4095.0,0.00010461538461538461,Qatar-1,2026-08-18T02:12:15.971-0700,61270.384,60.0,True
database\observations\2026-08-18\Qatar-1\session_01\Qatar-1260818091515.fits,science,Qatar-1,2026-08-18,True,,33331f1f7557a2b406e36770a40fdaf28a335bfa92ba452139f75a3e58fadeb9,656640,500x650,1.0,204.0,404.0,4095.0,0.00010153846153846155,Qatar-1,2026-08-18T02:15:15.198-0700,61270.386,60.0,True
database\observations\2026-08-18\Qatar-1\session_01\Qatar-1260818091816.fits,science,Qatar-1,2026-08-18,True,,dbab12fb5ab4c6bdbc928688823816701221de9dc854509937632c4e65ac48bb,656640,500x650,1.0,204.0,405.0,4095.0,0.00011076923076923077,Qatar-1,2026-08-18T02:18:16.537-0700,61270.388,60.0,True
database\observations\2026-08-18\Qatar-1\session_01\Qatar-1260818092117.fits,science,Qatar-1,2026-08-18,True,,04c7ceac84e7baf9b42dc4563a2feb9e0c5e11e6dddbe3208384df24029d8e76,656640,500x650,1.0,204.0,405.0,4095.0,9.846153846153846e-05,Qatar-1,2026-08-18T02:21:17.011-0700,61270.39,60.0,True
database\observations\2026-08-18\Qatar-1\session_01\Qatar-1260818092415.fits,science,Qatar-1,2026-08-18,True,,eba82d468a346ad523a4239fa892f120e1c265838854e13bf6218ebbfd5d0714,656640,500x650,1.0,204.0,406.0,4095.0,0.00010461538461538461,Qatar-1,2026-08-18T02:24:15.300-0700,61270.392,60.0,True
database\observations\2026-08-18\Qatar-1\session_01\Qatar-1260818092715.fits,science,Qatar-1,2026-08-18,True,,b6c4f32f36693d5333b73cb071ce26b603206a46d36c33cb653e6fa7142407e5,656640,500x650,1.0,204.0,404.0,4095.0,0.00010153846153846155,Qatar-1,2026-08-18T02:27:15.667-0700,61270.394,60.0,True
database\observations\2026-08-18\Qatar-1\session_01\Qatar-1260818093015.fits,science,Qatar-1,2026-08-18,True,,fdf86271bde4fed8d40d2244f0cfb01dc9f3783ec0dc1a40286940727169b4da,656640,500x650,1.0,205.0,405.0,4095.0,0.0001076923076923077,Qatar-1,2026-08-18T02:30:15.977-0700,61270.396,60.0,True
database\observations\2026-08-18\Qatar-1\session_01\Qatar-1260818093316.fits,science,Qatar-1,2026-08-18,True,,48318233d121042b9a01c3a7492ea3d154e3347d079c24d74ac61d957b3a972f,656640,500x650,1.0,203.0,406.0,4095.0,0.00010153846153846155,Qatar-1,2026-08-18T02:33:16.341-0700,61270.398,60.0,True
database\observations\2026-08-18\Qatar-1\session_01\Qatar-1260818093615.fits,science,Qatar-1,2026-08-18,True,,717709c1c655869fc5c4a81c96c692a871857648b721a3723b44214d2d002724,656640,500x650,1.0,202.0,404.0,4095.0,9.846153846153846e-05,Qatar-1,2026-08-18T02:36:15.845-0700,61270.4,60.0,True
database\observations\2026-08-18\Qatar-1\session_01\Qatar-1260818093916.fits,science,Qatar-1,2026-08-18,True,,375be70167cf3b70302039b39abeb5007a1003885da1d661fd7ebf029c7fdff1,656640,500x650,1.0,205.0,404.0,4095.0,9.538461538461538e-05,Qatar-1,2026-08-18T02:39:16.175-0700,61270.402,60.0,True
database\observations\2026-08-18\Qatar-1\session_01\Qatar-1260818094216.fits,science,Qatar-1,2026-08-18,True,,d234db51710aafb5aa6103b73c64ea5c3ba8db13f5548eb30515e9853bf32cdf,656640,500x650,1.0,204.0,404.0,4095.0,9.846153846153846e-05,Qatar-1,2026-08-18T02:42:16.561-0700,61270.404,60.0,True
database\observations\2026-08-18\Qatar-1\session_01\Qatar-1260818094516.fits,science,Qatar-1,2026-08-18,True,,72cabce04c2d274f96752da238f222438380ab9c3690a3022071d50894f94733,656640,500x650,1.0,204.0,403.0,4095.0,9.846153846153846e-05,Qatar-1,2026-08-18T02:45:16.032-0700,61270.406,60.0,True
database\observations\2026-08-18\Qatar-1\session_01\Qatar-1260818094815.fits,science,Qatar-1,2026-08-18,True,,901deb6f2c079cbce0c0f45c59343f90d338cf025537d77dd36589675fb659e0,656640,500x650,1.0,203.0,404.0,4095.0,9.538461538461538e-05,Qatar-1,2026-08-18T02:48:15.299-0700,61270.409,60.0,True
database\observations\2026-08-18\Qatar-1\session_01\Qatar-1260818095116.fits,science,Qatar-1,2026-08-18,True,,954572dad50dca0cfa36783c2c17529a3702cb31000ffc47c8fdb6fa1b358892,656640,500x650,1.0,205.0,405.0,4095.0,0.00010461538461538461,Qatar-1,2026-08-18T02:51:16.638-0700,61270.411,60.0,True
database\observations\2026-08-18\Qatar-1\session_01\Qatar-1260818095416.fits,science,Qatar-1,2026-08-18,True,,ffc41019abd27fed3841359d36e5a5f7e12c8f4167671b5465c4ea9b05547e0e,656640,500x650,1.0,205.0,403.0,4095.0,0.00011076923076923077,Qatar-1,2026-08-18T02:54:16.034-0700,61270.413,60.0,True
database\observations\2026-08-18\Qatar-1\session_01\Qatar-1260818095715.fits,science,Qatar-1,2026-08-18,True,,289876a64667634d215c3d1bcf9a45ab3ca723402c62684a2a13c55c06431268,656640,500x650,1.0,204.0,404.0,4095.0,0.00012307692307692307,Qatar-1,2026-08-18T02:57:15.381-0700,61270.415,60.0,True
database\observations\2026-08-18\Qatar-1\session_01\Qatar-1260818100015.fits,science,Qatar-1,2026-08-18,True,,950149d3170ed6b4748f7a9f22926c19a2791c7c0e3561b7ee10951cd004ffd5,656640,500x650,1.0,204.0,404.0,4095.0,0.0002030769230769231,Qatar-1,2026-08-18T03:00:15.797-0700,61270.417,60.0,True
database\observations\2026-08-18\Qatar-1\session_01\Qatar-1260818100315.fits,science,Qatar-1,2026-08-18,True,,d8823e3729939508b65a34ee078655ac4c154038c80ea4718472826badb1979e,656640,500x650,1.0,203.0,405.0,4095.0,0.00019384615384615385,Qatar-1,2026-08-18T03:03:15.243-0700,61270.419,60.0,True
database\observations\2026-08-18\Qatar-1\session_01\Qatar-1260818100616.fits,science,Qatar-1,2026-08-18,True,,9b123d47e45d47eb177e96da500a87001dce06e24ca914fbcfe176cea4da13ac,656640,500x650,1.0,204.0,404.0,4095.0,0.00019692307692307693,Qatar-1,2026-08-18T03:06:16.554-0700,61270.421,60.0,True
database\observations\2026-08-18\Qatar-1\session_01\Qatar-1260818100915.fits,science,Qatar-1,2026-08-18,True,,b8ebbf0d03b54ea9e5c3a857b96c1fe47e848f9e838e45f813096999809384bd,656640,500x650,1.0,204.0,404.0,4095.0,0.00019692307692307693,Qatar-1,2026-08-18T03:09:15.930-0700,61270.423,60.0,True
database\observations\2026-08-18\Qatar-1\session_01\Qatar-1260818101215.fits,science,Qatar-1,2026-08-18,True,,a6d26d839d7f11847179e2a383274aa72519acd8024015a25526635b2bd12d7d,656640,500x650,1.0,203.0,404.0,4095.0,0.00019384615384615385,Qatar-1,2026-08-18T03:12:15.259-0700,61270.425,60.0,True
database\observations\2026-08-18\Qatar-1\session_01\Qatar-1260818101515.fits,science,Qatar-1,2026-08-18,True,,14fdf3c183d8b1b2a2199e842801752d3d051ce36877e235f9cc30873fd7fcfe,656640,500x650,1.0,204.0,405.0,4095.0,0.00018769230769230769,Qatar-1,2026-08-18T03:15:15.654-0700,61270.427,60.0,True
database\observations\2026-08-18\Qatar-1\session_01\Qatar-1260818101817.fits,science,Qatar-1,2026-08-18,True,,17bafd0a59e84c3da13bdba2b938ed422b006cf7dbae92b62c7b7b10a477fafe,656640,500x650,1.0,203.0,404.0,4095.0,0.00019076923076923077,Qatar-1,2026-08-18T03:18:17.049-0700,61270.429,60.0,True
database\observations\2026-08-18\Qatar-1\session_01\Qatar-1260818102115.fits,science,Qatar-1,2026-08-18,True,,c410d404b14c0b74f2abd5df5bcf879eac0649828c67bb17b9582a854ad3e36c,656640,500x650,1.0,205.0,404.0,4095.0,0.00019384615384615385,Qatar-1,2026-08-18T03:21:15.414-0700,61270.431,60.0,True
database\observations\2026-08-18\Qatar-1\session_01\Qatar-1260818102415.fits,science,Qatar-1,2026-08-18,True,,83e43337fa4854839dbe8623fe85cd7d7c17ed31331772c28c3dce844f9826ef,656640,500x650,1.0,205.0,406.0,4095.0,0.00019384615384615385,Qatar-1,2026-08-18T03:24:15.801-0700,61270.434,60.0,True
database\observations\2026-08-18\Qatar-1\session_01\Qatar-1260818102716.fits,science,Qatar-1,2026-08-18,True,,ccbd09044636b9e7dfd3f46e43a26eb724eb3ac88afec43f8a00531eba832444,656640,500x650,1.0,204.0,406.0,4095.0,0.0001846153846153846,Qatar-1,2026-08-18T03:27:16.223-0700,61270.436,60.0,True
database\observations\2026-08-18\Qatar-1\session_01\Qatar-1260818103015.fits,science,Qatar-1,2026-08-18,True,,1912845310c9c1dc7aeb1aa20a05a2067a7a0f798798385869f5b26bc1408f43,656640,500x650,1.0,203.0,406.0,4095.0,0.00017846153846153847,Qatar-1,2026-08-18T03:30:15.814-0700,61270.438,60.0,True
database\observations\2026-08-18\Qatar-1\session_01\Qatar-1260818103315.fits,science,Qatar-1,2026-08-18,True,,02d79d838fe5424b904871ec6b10a9dafc0c588c0f0766f8430939ab0f9f2ee7,656640,500x650,1.0,204.0,406.0,4095.0,0.00019076923076923077,Qatar-1,2026-08-18T03:33:15.292-0700,61270.44,60.0,True
database\observations\2026-08-18\Qatar-1\session_01\Qatar-1260818103615.fits,science,Qatar-1,2026-08-18,True,,38922638ecbfcdeab3e811fa70cc6fdfcbf51924c20cfcd6d5d096073e03c957,656640,500x650,1.0,203.0,407.0,4095.0,0.00019076923076923077,Qatar-1,2026-08-18T03:36:15.674-0700,61270.442,60.0,True
database\observations\2026-08-18\Qatar-1\session_01\Qatar-1260818103916.fits,science,Qatar-1,2026-08-18,True,,386db951bbeb9eeff3737d8ad42b5680a2844d94a806a4945283ed282c826534,656640,500x650,1.0,205.0,409.0,4095.0,0.00019384615384615385,Qatar-1,2026-08-18T03:39:16.084-0700,61270.444,60.0,True
database\observations\2026-08-18\Qatar-1\session_01\Qatar-1260818104216.fits,science,Qatar-1,2026-08-18,True,,2a748da973d3340997148d1a0be0ff62536292cc2a26571c5473269efa36a38f,656640,500x650,1.0,204.0,410.0,4095.0,0.00018769230769230769,Qatar-1,2026-08-18T03:42:16.433-0700,61270.446,60.0,True
database\observations\2026-08-18\Qatar-1\session_01\Qatar-1260818104515.fits,science,Qatar-1,2026-08-18,True,,1dc3ac3674f6a5db193d6544fbccbde59f6d8f93c20b02d13bd877cdf129be25,656640,500x650,1.0,0.0,407.0,4095.0,0.0002153846153846154,Qatar-1,2026-08-18T03:45:15.777-0700,61270.448,60.0,True
database\observations\2026-08-18\Qatar-1\session_01\Qatar-1260818104815.fits,science,Qatar-1,2026-08-18,True,,96a6ed249386ab7aba48f978866386d2b2a8acb80af408d8c014036e3d25a320,656640,500x650,1.0,203.0,409.0,4095.0,0.0001846153846153846,Qatar-1,2026-08-18T03:48:15.250-0700,61270.45,60.0,True
database\observations\2026-08-18\Qatar-1\session_01\Qatar-1260818105115.fits,science,Qatar-1,2026-08-18,True,,2419812eace3c3803ab6866c871615987f533fc7088662f61f54fde1b629eae4,656640,500x650,1.0,204.0,407.0,4095.0,0.00018153846153846155,Qatar-1,2026-08-18T03:51:15.620-0700,61270.452,60.0,True
database\observations\2026-08-18\Qatar-1\session_01\Qatar-1260818105415.fits,science,Qatar-1,2026-08-18,True,,39744348189bc74d6807e4f856366691b3d1ee0c064534435ed32920cf4449c2,656640,500x650,1.0,204.0,407.0,4095.0,0.0001846153846153846,Qatar-1,2026-08-18T03:54:15.852-0700,61270.454,60.0,True
database\observations\2026-08-18\Qatar-1\session_01\Qatar-1260818105715.fits,science,Qatar-1,2026-08-18,True,,ab13e597426946b53e641e4fbfd22525c2536e7a5f9e945b78a4352e3ab8e485,656640,500x650,1.0,204.0,407.0,4095.0,0.00018153846153846155,Qatar-1,2026-08-18T03:57:15.254-0700,61270.456,60.0,True
database\observations\2026-08-18\Qatar-1\session_01\Qatar-1260818110015.fits,science,Qatar-1,2026-08-18,True,,275c7727c195c607d76c8b170886bc992fc32dc62255b89b46fcb09da4d3348c,656640,500x650,1.0,204.0,406.0,4095.0,0.00017846153846153847,Qatar-1,2026-08-18T04:00:15.648-0700,61270.459,60.0,True
database\observations\2026-08-18\Qatar-1\session_01\Qatar-1260818110316.fits,science,Qatar-1,2026-08-18,True,,2a0009f07b575e757ec052309cff2235854ef7efff831d65a2d574b00fd16975,656640,500x650,1.0,205.0,406.0,4095.0,0.0001846153846153846,Qatar-1,2026-08-18T04:03:16.063-0700,61270.461,60.0,True
database\observations\2026-08-18\Qatar-1\session_01\Qatar-1260818110615.fits,science,Qatar-1,2026-08-18,True,,f2dac742a8e73603b2ce2340fa0c5e8b6d28eb4f8747fb15e424e1e6bbfeb706,656640,500x650,1.0,202.0,406.0,4095.0,0.0001846153846153846,Qatar-1,2026-08-18T04:06:15.572-0700,61270.463,60.0,True
database\observations\2026-08-18\Qatar-1\session_01\Qatar-1260818110917.fits,science,Qatar-1,2026-08-18,True,,ad4e1bdd2f4aad8c13674b3976f1fcc5a94e05fb2026c81cc8613563aa173ddb,656640,500x650,1.0,204.0,407.0,4095.0,0.00017846153846153847,Qatar-1,2026-08-18T04:09:17.023-0700,61270.465,60.0,True
database\observations\2026-08-18\Qatar-1\session_01\Qatar-1260818111215.fits,science,Qatar-1,2026-08-18,True,,3d487f987ca664add26711e5fb0337338fbcc1d8dec1fa580fc833e3b3195e23,656640,500x650,1.0,205.0,406.0,4095.0,0.00018769230769230769,Qatar-1,2026-08-18T04:12:15.445-0700,61270.467,60.0,True
database\observations\2026-08-18\Qatar-1\session_01\Qatar-1260818111516.fits,science,Qatar-1,2026-08-18,True,,c84416779b7170ef249bc37a8447c6e03a3a1bad8764dbcf4e60b01d9f4c9659,656640,500x650,1.0,204.0,406.0,4095.0,0.00018769230769230769,Qatar-1,2026-08-18T04:15:16.800-0700,61270.469,60.0,True
database\observations\2026-08-18\Qatar-1\session_01\Qatar-1260818111816.fits,science,Qatar-1,2026-08-18,True,,b8b5678f913daacf8eedb3016c4b4a90f0aac90ee3083cad0e83cdfe019eaeed,656640,500x650,1.0,204.0,406.0,4095.0,0.00018153846153846155,Qatar-1,2026-08-18T04:18:16.265-0700,61270.471,60.0,True
database\observations\2026-08-18\Qatar-1\session_01\Qatar-1260818112115.fits,science,Qatar-1,2026-08-18,True,,d3554493b694229cb81d68e361db95a6c42eb1e2f62161fbe8c7c0286e5c66c9,656640,500x650,1.0,204.0,406.0,4095.0,0.00018153846153846155,Qatar-1,2026-08-18T04:21:15.755-0700,61270.473,60.0,True
database\observations\2026-08-18\Qatar-1\session_01\Qatar-1260818112415.fits,science,Qatar-1,2026-08-18,True,,d91a44c0fdb4add56670d71d05f87eed8b7e359ce9a7fb690de57b0eac77cd99,656640,500x650,1.0,203.0,407.0,4095.0,0.0001846153846153846,Qatar-1,2026-08-18T04:24:15.210-0700,61270.475,60.0,True
database\observations\2026-08-18\Qatar-1\session_01\Qatar-1260818112715.fits,science,Qatar-1,2026-08-18,True,,97048f325586e8d45e62ce92ba4a6ef6cc075c790f6860b594e47da0d437442c,656640,500x650,1.0,203.0,407.0,4095.0,0.0001753846153846154,Qatar-1,2026-08-18T04:27:15.441-0700,61270.477,60.0,True
database\observations\2026-08-18\Qatar-1\session_01\Qatar-1260818113015.fits,science,Qatar-1,2026-08-18,True,,25c911d3b6a64cb85afb8ea4db602890a32231f9d2a9c9377c35645fcf58ebd5,656640,500x650,1.0,204.0,408.0,4095.0,0.0001753846153846154,Qatar-1,2026-08-18T04:30:15.918-0700,61270.479,60.0,True
database\observations\2026-08-18\Qatar-1\session_01\Qatar-1260818113315.fits,science,Qatar-1,2026-08-18,True,,38e863d411b99cd913c599c3e00dd359fbfc3adda06b58c4aa5ddfb6425b2c8b,656640,500x650,1.0,204.0,409.0,4095.0,0.00017846153846153847,Qatar-1,2026-08-18T04:33:15.255-0700,61270.481,60.0,True
database\observations\2026-08-18\Qatar-1\session_01\Qatar-1260818113615.fits,science,Qatar-1,2026-08-18,True,,9c4575ed03aa6d9f5507e198fce3966b836f7c731bac1cdf290e774108ee4fcd,656640,500x650,1.0,204.0,411.0,4095.0,0.00017846153846153847,Qatar-1,2026-08-18T04:36:15.666-0700,61270.484,60.0,True
database\observations\2026-08-18\Qatar-1\session_01\Qatar-1260818113916.fits,science,Qatar-1,2026-08-18,True,,0670354db9baee58236a6ba5613784e2ad6be87919029207a797c8970396f491,656640,500x650,1.0,203.0,415.0,4095.0,0.00017846153846153847,Qatar-1,2026-08-18T04:39:16.126-0700,61270.486,60.0,True
database\observations\2026-08-18\Qatar-1\session_01\Qatar-1260818114215.fits,science,Qatar-1,2026-08-18,True,,153345472389ae498c4776a70e4151f579bf5202d9d0d932ab821061f5d940dc,656640,500x650,1.0,204.0,422.0,4095.0,0.00016615384615384615,Qatar-1,2026-08-18T04:42:15.504-0700,61270.488,60.0,True
database\observations\2026-08-18\Qatar-1\session_01\Qatar-1260818114516.fits,science,Qatar-1,2026-08-18,True,,e8381e602d44d063505fd076489fd3d4928f6deee24fe9d89543e11f213a87c9,656640,500x650,1.0,0.0,435.0,4095.0,0.0002030769230769231,Qatar-1,2026-08-18T04:45:16.900-0700,61270.49,60.0,True
database\observations\2026-08-18\Qatar-1\session_01\Qatar-1260818114815.fits,science,Qatar-1,2026-08-18,True,,255a028236b387af8408de1e3af026fef4be7a009a8e6dc8fc94745f51da1790,656640,500x650,1.0,205.0,458.0,4095.0,0.00018153846153846155,Qatar-1,2026-08-18T04:48:15.188-0700,61270.492,60.0,True
database\observations\2026-08-18\Qatar-1\session_01\Qatar-1260818115115.fits,science,Qatar-1,2026-08-18,True,,bf7e63b52077374f281c57da5774df96a7f58df3ae8da826e553391119511f09,656640,500x650,1.0,208.0,499.0,4095.0,0.00017846153846153847,Qatar-1,2026-08-18T04:51:15.609-0700,61270.494,60.0,True
database\observations\2026-08-18\Qatar-1\session_01\Qatar-1260818115415.fits,science,Qatar-1,2026-08-18,True,,ba3a9d568276d743f802f3024185a0fd916424add2dca9fd80508868aefdcb2d,656640,500x650,1.0,208.0,571.0,4095.0,0.00017846153846153847,Qatar-1,2026-08-18T04:54:15.992-0700,61270.496,60.0,True
database\observations\2026-08-18\Qatar-1\session_01\Qatar-1260818120204.fits,science,Qatar-1,2026-08-18,True,,a24325703f37c80e842ba883d7138e82e17a546108208b2044150fd053d87f56,656640,500x650,1.0,233.0,1141.0,4095.0,0.00011692307692307692,Qatar-1,2026-08-18T05:02:04.180-0700,61270.501,60.0,True
database\observations\2026-08-18\Qatar-1\session_01\Qatar-1260818120955.fits,science,Qatar-1,2026-08-18,True,,2f1d6f4e816079ee5ff6f3f144e4d0c5dc800b6bc37bf72a2c218cb6f1d56cac,656640,500x650,1.0,339.0,3684.0,4095.0,0.0008369230769230769,Qatar-1,2026-08-18T05:09:55.376-0700,61270.507,60.0,True
database\observations\2026-08-18\Qatar-1\session_01\Qatar-1260818121750.fits,science,Qatar-1,2026-08-18,True,,0cc2b0e22aafa8167dc569f74cbf9012f5a7813ce11fdce211788e815c39eef2,656640,500x650,1.0,972.0,4095.0,4095.0,0.9984615384615385,Qatar-1,2026-08-18T05:17:50.523-0700,61270.512,60.0,True
database\observations\2026-08-18\Qatar-1\session_01\Qatar-1260818122545.fits,science,Qatar-1,2026-08-18,True,,56369dab71d29735879365c4d2598b7414c28fc4c1320bdd7012e25d8ccb367c,656640,500x650,1.0,4095.0,4095.0,4095.0,1.0,Qatar-1,2026-08-18T05:25:45.780-0700,61270.518,60.0,True
database\observations\2026-08-20\TRES-5\session_01\TRES-5260820082456.fits,science,TRES-5,2026-08-20,True,,8ad9f808037155695cfec245bd0b74402f5b3a0e4d3244bf013492098bc8f835,656640,500x650,1.0,204.0,427.0,2567.0,0.0,TRES-5,2026-08-20T01:24:56.775-0700,61272.351,60.0,True
database\observations\2026-08-20\TRES-5\session_01\TRES-5260820082716.fits,science,TRES-5,2026-08-20,True,,d4a10acec607db86d5d0bfdf3566e7676e0396fcf36746b0a5189d6c26483cdb,656640,500x650,1.0,202.0,422.0,2751.0,0.0,TRES-5,2026-08-20T01:27:16.123-0700,61272.352,60.0,True
database\observations\2026-08-20\TRES-5\session_01\TRES-5260820083016.fits,science,TRES-5,2026-08-20,True,,3fc08bfe1a28e2bf9d771c6f742edbe9800c30acbbdfdc4ce9351b6d62439763,656640,500x650,1.0,202.0,420.0,2585.0,0.0,TRES-5,2026-08-20T01:30:16.545-0700,61272.354,60.0,True
database\observations\2026-08-20\TRES-5\session_01\TRES-5260820083615.fits,science,TRES-5,2026-08-20,True,,7a89d78dff5e897673712fa2301265a541de0eb4f15e1da0d4f5db207164fa1e,656640,500x650,1.0,201.0,411.0,2925.0,0.0,TRES-5,2026-08-20T01:36:15.197-0700,61272.359,60.0,True
database\observations\2026-08-20\TRES-5\session_01\TRES-5260820083915.fits,science,TRES-5,2026-08-20,True,,b0053b706bc692c27723fe7658e65edba5c45834432a634893c1964b00d5f252,656640,500x650,1.0,203.0,418.0,2737.0,0.0,TRES-5,2026-08-20T01:39:15.485-0700,61272.361,60.0,True
database\observations\2026-08-20\TRES-5\session_01\TRES-5260820084216.fits,science,TRES-5,2026-08-20,True,,0a7d196d115f9968110d8b3f16dc1865aa2e7b34f2858aaaac9b2e878af2fa6b,656640,500x650,1.0,202.0,419.0,2773.0,0.0,TRES-5,2026-08-20T01:42:16.014-0700,61272.363,60.0,True
database\observations\2026-08-20\TRES-5\session_01\TRES-5260820084515.fits,science,TRES-5,2026-08-20,True,,1d85f2e21db4228b61a05c1234a1069dec31f07a8e7d5d01f3c91e5cd09d07ed,656640,500x650,1.0,203.0,419.0,2667.0,0.0,TRES-5,2026-08-20T01:45:15.422-0700,61272.365,60.0,True
database\observations\2026-08-20\TRES-5\session_01\TRES-5260820084815.fits,science,TRES-5,2026-08-20,True,,045ce405be9991d1fafb48502c219840e82565fdbbac849c3f2bd0e2e7df3a8b,656640,500x650,1.0,202.0,415.0,3311.0,0.0,TRES-5,2026-08-20T01:48:15.761-0700,61272.367,60.0,True
database\observations\2026-08-20\TRES-5\session_01\TRES-5260820085115.fits,science,TRES-5,2026-08-20,True,,51f9dc605b0de86db505215652eb385add77289b4c3cc4f0a8238f4ece6f3393,656640,500x650,1.0,204.0,416.0,3203.0,0.0,TRES-5,2026-08-20T01:51:15.172-0700,61272.369,60.0,True
database\observations\2026-08-20\TRES-5\session_01\TRES-5260820085416.fits,science,TRES-5,2026-08-20,True,,5bf5901998e3cfc7ff66e226107e3bd4694970df11428251b741b4666f791365,656640,500x650,1.0,203.0,414.0,3334.0,0.0,TRES-5,2026-08-20T01:54:16.558-0700,61272.371,60.0,True
database\observations\2026-08-20\TRES-5\session_01\TRES-5260820085716.fits,science,TRES-5,2026-08-20,True,,0b97112b37f6ad973bbce921612e10c408013c89e279b2ac0d1fcdef99b9a7a1,656640,500x650,1.0,205.0,421.0,2910.0,0.0,TRES-5,2026-08-20T01:57:16.034-0700,61272.373,60.0,True
database\observations\2026-08-20\TRES-5\session_01\TRES-5260820090015.fits,science,TRES-5,2026-08-20,True,,fdeda051da402bdbf7314d6d860cb78c7d13668bf199f0619d0fcd8968948120,656640,500x650,1.0,204.0,420.0,2755.0,0.0,TRES-5,2026-08-20T02:00:15.389-0700,61272.375,60.0,True
database\observations\2026-08-20\TRES-5\session_01\TRES-5260820090315.fits,science,TRES-5,2026-08-20,True,,78c0ea911847a2edcc2db75e33fcba35fe08968af3a795e357b7ec54f9231592,656640,500x650,1.0,204.0,419.0,2939.0,0.0,TRES-5,2026-08-20T02:03:15.680-0700,61272.377,60.0,True
database\observations\2026-08-20\TRES-5\session_01\TRES-5260820090617.fits,science,TRES-5,2026-08-20,True,,c2924a981463f870b402bcd0fd78c349c8e52a44b7dbe9ccfd7b81653457b1e8,656640,500x650,1.0,204.0,423.0,2859.0,0.0,TRES-5,2026-08-20T02:06:17.072-0700,61272.379,60.0,True
database\observations\2026-08-20\TRES-5\session_01\TRES-5260820090915.fits,science,TRES-5,2026-08-20,True,,27c17f0dbcaf8d47b5eb8be92e9a0ae62246d63d6c0ee3081d15bd2e9deac132,656640,500x650,1.0,203.0,425.0,2875.0,0.0,TRES-5,2026-08-20T02:09:15.416-0700,61272.381,60.0,True
database\observations\2026-08-20\TRES-5\session_01\TRES-5260820091215.fits,science,TRES-5,2026-08-20,True,,ad46a800a0b7f8399251b9000bdea38166fcd8362b21a4b935bdecbf977181ca,656640,500x650,1.0,205.0,423.0,2711.0,0.0,TRES-5,2026-08-20T02:12:15.826-0700,61272.384,60.0,True
database\observations\2026-08-20\TRES-5\session_01\TRES-5260820091515.fits,science,TRES-5,2026-08-20,True,,21708f7c762fa48193121089606274f40d8ed7d3a23825825987e9ec60c00ab2,656640,500x650,1.0,204.0,426.0,2897.0,0.0,TRES-5,2026-08-20T02:15:15.235-0700,61272.386,60.0,True
database\observations\2026-08-20\TRES-5\session_01\TRES-5260820091815.fits,science,TRES-5,2026-08-20,True,,d0d64d9a09c03dbaed51ef81a8d409213648c939dd925414520b71ef8d8f5fd2,656640,500x650,1.0,203.0,425.0,2715.0,0.0,TRES-5,2026-08-20T02:18:15.730-0700,61272.388,60.0,True
database\observations\2026-08-20\TRES-5\session_01\TRES-5260820092116.fits,science,TRES-5,2026-08-20,True,,583cffeb5d54c114b20d36a859dad2fe41d61c95bd732746e674f3f676b9315e,656640,500x650,1.0,203.0,422.0,2973.0,0.0,TRES-5,2026-08-20T02:21:16.030-0700,61272.39,60.0,True
database\observations\2026-08-20\TRES-5\session_01\TRES-5260820092415.fits,science,TRES-5,2026-08-20,True,,93441a7995b6e96276e7be12a8a6c5cbf5b24f5de5757e76fef25723f3dd5206,656640,500x650,1.0,203.0,421.0,3063.0,0.0,TRES-5,2026-08-20T02:24:15.448-0700,61272.392,60.0,True
database\observations\2026-08-20\TRES-5\session_01\TRES-5260820092716.fits,science,TRES-5,2026-08-20,True,,a2c515256cc43a6740f5d2f3f294eaf5e7503adcb39700a8eaf090f4f32c8108,656640,500x650,1.0,204.0,422.0,3579.0,0.0,TRES-5,2026-08-20T02:27:16.763-0700,61272.394,60.0,True
database\observations\2026-08-20\TRES-5\session_01\TRES-5260820093016.fits,science,TRES-5,2026-08-20,True,,4dae2dc16a49a1882434bcaa9577cde17e7f2736df54f435f82e883cbc049c54,656640,500x650,1.0,204.0,425.0,2983.0,0.0,TRES-5,2026-08-20T02:30:16.109-0700,61272.396,60.0,True
database\observations\2026-08-20\TRES-5\session_01\TRES-5260820093315.fits,science,TRES-5,2026-08-20,True,,5b9159444161f92d70f81c96c1a7f45998943c5a5ca5d5873d2ef018af9003c6,656640,500x650,1.0,203.0,430.0,2742.0,0.0,TRES-5,2026-08-20T02:33:15.478-0700,61272.398,60.0,True
database\observations\2026-08-20\TRES-5\session_01\TRES-5260820093615.fits,science,TRES-5,2026-08-20,True,,3295badbb1690e606de99e458d149ff0aa2aa271fa53165583d1e95305ff26aa,656640,500x650,1.0,203.0,430.0,2798.0,0.0,TRES-5,2026-08-20T02:36:15.859-0700,61272.4,60.0,True
database\observations\2026-08-20\TRES-5\session_01\TRES-5260820093915.fits,science,TRES-5,2026-08-20,True,,a66fe873a799ee1ed969a4df763fc3d52be217c3cd53eb0065447fb65e314d99,656640,500x650,1.0,204.0,424.0,2912.0,0.0,TRES-5,2026-08-20T02:39:15.155-0700,61272.402,60.0,True
database\observations\2026-08-20\TRES-5\session_01\TRES-5260820094215.fits,science,TRES-5,2026-08-20,True,,367e239a10e825fee74a74265e9870b5320802f698aa9bee246d9d3ef63c6d04,656640,500x650,1.0,203.0,430.0,2933.0,0.0,TRES-5,2026-08-20T02:42:15.678-0700,61272.404,60.0,True
database\observations\2026-08-20\TRES-5\session_01\TRES-5260820094516.fits,science,TRES-5,2026-08-20,True,,69483110567545ba84a0730a39d7acf45b421b0d381d8299fa6fd25ace127584,656640,500x650,1.0,204.0,443.0,2766.0,0.0,TRES-5,2026-08-20T02:45:16.036-0700,61272.406,60.0,True
database\observations\2026-08-20\TRES-5\session_01\TRES-5260820094815.fits,science,TRES-5,2026-08-20,True,,6174c3410da253c022109c7551757931d78f15d8f5d654c82137891835307ffe,656640,500x650,1.0,204.0,447.0,2999.0,0.0,TRES-5,2026-08-20T02:48:15.493-0700,61272.409,60.0,True
database\observations\2026-08-20\TRES-5\session_01\TRES-5260820095115.fits,science,TRES-5,2026-08-20,True,,5678e52ac577ab6a601f8f0d12dac0f189a0e12bef0606e567a6d81ea5327c07,656640,500x650,1.0,205.0,441.0,2973.0,0.0,TRES-5,2026-08-20T02:51:15.810-0700,61272.411,60.0,True
database\observations\2026-08-20\TRES-5\session_01\TRES-5260820095415.fits,science,TRES-5,2026-08-20,True,,f47e4b7efc6e66fe4d471e890771e0d538c1e51389ba0501842a3c45700fb53a,656640,500x650,1.0,205.0,446.0,2841.0,0.0,TRES-5,2026-08-20T02:54:15.201-0700,61272.413,60.0,True
database\observations\2026-08-20\TRES-5\session_01\TRES-5260820095715.fits,science,TRES-5,2026-08-20,True,,c16be878de5a5603a4842a470dc6c0481cf620351c6f65c8903c8188fbc29138,656640,500x650,1.0,204.0,448.0,2902.0,0.0,TRES-5,2026-08-20T02:57:15.611-0700,61272.415,60.0,True
database\observations\2026-08-20\TRES-5\session_01\TRES-5260820100015.fits,science,TRES-5,2026-08-20,True,,2eed2f3de6db2d2d2ca0b360581caad54d2a91a13b87a9fbe55fe17607a0a91e,656640,500x650,1.0,206.0,449.0,3138.0,0.0,TRES-5,2026-08-20T03:00:15.895-0700,61272.417,60.0,True
database\observations\2026-08-20\TRES-5\session_01\TRES-5260820100315.fits,science,TRES-5,2026-08-20,True,,be49fc0661dce27f9eeccaf857d15f7187c3076ef8f5e234c62d3ad54ffaadbc,656640,500x650,1.0,205.0,455.0,2955.0,0.0,TRES-5,2026-08-20T03:03:15.179-0700,61272.419,60.0,True
database\observations\2026-08-20\TRES-5\session_01\TRES-5260820100616.fits,science,TRES-5,2026-08-20,True,,2ed4f13719352ee82815b5e1db5c4b551b1891b4cbfefe7684cb5561b73c3ed9,656640,500x650,1.0,206.0,449.0,2969.0,0.0,TRES-5,2026-08-20T03:06:16.488-0700,61272.421,60.0,True
database\observations\2026-08-20\TRES-5\session_01\TRES-5260820100915.fits,science,TRES-5,2026-08-20,True,,8eff8c12f161cb32aa2b436542c3031fd81a52995b872b93824a758710d41810,656640,500x650,1.0,205.0,445.0,3080.0,0.0,TRES-5,2026-08-20T03:09:15.851-0700,61272.423,60.0,True
database\observations\2026-08-20\TRES-5\session_01\TRES-5260820101215.fits,science,TRES-5,2026-08-20,True,,cbd1b48c980d13a8e7690c6f20aa3271d9b48f9258afa2c64e27a051f0ed02bd,656640,500x650,1.0,205.0,449.0,3113.0,0.0,TRES-5,2026-08-20T03:12:15.171-0700,61272.425,60.0,True
database\observations\2026-08-20\TRES-5\session_01\TRES-5260820101515.fits,science,TRES-5,2026-08-20,True,,f1f6dca17e09becfb0a321582fe94eeef976f0ee2734b52b433ce04fefddac56,656640,500x650,1.0,205.0,440.0,2873.0,0.0,TRES-5,2026-08-20T03:15:15.610-0700,61272.427,60.0,True
database\observations\2026-08-20\TRES-5\session_01\TRES-5260820101816.fits,science,TRES-5,2026-08-20,True,,7dbaa67127018d62ea82b223028c2b686c1bbfbe538f77f151b877a3fbdd22e0,656640,500x650,1.0,205.0,440.0,3000.0,0.0,TRES-5,2026-08-20T03:18:16.045-0700,61272.429,60.0,True
database\observations\2026-08-20\TRES-5\session_01\TRES-5260820102115.fits,science,TRES-5,2026-08-20,True,,16941a51d9db4522def47dbec80ca0318e3cb9ff422ef9d6de2db69f3cac1fb8,656640,500x650,1.0,205.0,438.0,3012.0,0.0,TRES-5,2026-08-20T03:21:15.325-0700,61272.431,60.0,True
database\observations\2026-08-20\TRES-5\session_01\TRES-5260820102415.fits,science,TRES-5,2026-08-20,True,,d7993eed4bfc84c41f5eb6402495b4f169343bffaf803391ac3c96e21bfecce7,656640,500x650,1.0,205.0,449.0,3172.0,0.0,TRES-5,2026-08-20T03:24:15.651-0700,61272.434,60.0,True
database\observations\2026-08-20\TRES-5\session_01\TRES-5260820102715.fits,science,TRES-5,2026-08-20,True,,8a24b7e0cdcbfc42f4c55a1ed33fc1333a742fe0c82ae9ebcfb3ba18943a64e6,656640,500x650,1.0,207.0,447.0,2971.0,0.0,TRES-5,2026-08-20T03:27:15.952-0700,61272.436,60.0,True
database\observations\2026-08-20\TRES-5\session_01\TRES-5260820103015.fits,science,TRES-5,2026-08-20,True,,227a3cf9c837d3e7ccd3ffd1be2bf063681e45d4b77c65a6a60226a4baf71edd,656640,500x650,1.0,205.0,435.0,2905.0,0.0,TRES-5,2026-08-20T03:30:15.242-0700,61272.438,60.0,True
database\observations\2026-08-20\TRES-5\session_01\TRES-5260820103315.fits,science,TRES-5,2026-08-20,True,,134ef7bc8a583100e5508f43b3ad21845d327d93f6ae191706c10edb98488b59,656640,500x650,1.0,205.0,427.0,3306.0,0.0,TRES-5,2026-08-20T03:33:15.637-0700,61272.44,60.0,True
database\observations\2026-08-20\TRES-5\session_01\TRES-5260820103616.fits,science,TRES-5,2026-08-20,True,,6209790a0d2047d13aedfdd9ef7b0b91d778687e64d2a893d651461afcaa2c03,656640,500x650,1.0,206.0,448.0,3122.0,0.0,TRES-5,2026-08-20T03:36:16.033-0700,61272.442,60.0,True
database\observations\2026-08-20\TRES-5\session_01\TRES-5260820103915.fits,science,TRES-5,2026-08-20,True,,990dcb06a548dcbf8344801018d176f25b5b4888f3bca8ed0dbba923033205d5,656640,500x650,1.0,205.0,432.0,2990.0,0.0,TRES-5,2026-08-20T03:39:15.422-0700,61272.444,60.0,True
database\observations\2026-08-20\TRES-5\session_01\TRES-5260820104215.fits,science,TRES-5,2026-08-20,True,,96331d1df0851e2c1b55a07e1e464369a7eccb80fe2c0e173bfe3f808161b2e1,656640,500x650,1.0,205.0,426.0,3005.0,0.0,TRES-5,2026-08-20T03:42:15.828-0700,61272.446,60.0,True
database\observations\2026-08-20\TRES-5\session_01\TRES-5260820104516.fits,science,TRES-5,2026-08-20,True,,ae1348ae50a7827bc1b1f32724af89d29056fd1fac821e16b65809aa970c9fa2,656640,500x650,1.0,205.0,419.0,4095.0,6.153846153846154e-06,TRES-5,2026-08-20T03:45:16.243-0700,61272.448,60.0,True
database\observations\2026-08-20\TRES-5\session_01\TRES-5260820104815.fits,science,TRES-5,2026-08-20,True,,992ad672cc0f2214a9319de7f8fdc14a3621464953a6d8c4590c1bc0aeac4563,656640,500x650,1.0,204.0,418.0,4095.0,3.076923076923077e-06,TRES-5,2026-08-20T03:48:15.529-0700,61272.45,60.0,True
database\observations\2026-08-20\TRES-5\session_01\TRES-5260820105115.fits,science,TRES-5,2026-08-20,True,,cd12ce3e75db2f6b97ffc5976e0445e2713361008056cc0a12dc08b17adf5dde,656640,500x650,1.0,205.0,443.0,2999.0,0.0,TRES-5,2026-08-20T03:51:15.859-0700,61272.452,60.0,True
database\observations\2026-08-20\TRES-5\session_01\TRES-5260820105415.fits,science,TRES-5,2026-08-20,True,,09f8f8671588e1552dd4957033668967fe962768cf66c30590a1cc0ffb064d6e,656640,500x650,1.0,205.0,439.0,3118.0,0.0,TRES-5,2026-08-20T03:54:15.228-0700,61272.454,60.0,True
database\observations\2026-08-20\TRES-5\session_01\TRES-5260820105715.fits,science,TRES-5,2026-08-20,True,,d3d925b3908f258912b8b7771dcd9b9d31ad4e82a637f259206c806e56cf66d9,656640,500x650,1.0,206.0,451.0,2899.0,0.0,TRES-5,2026-08-20T03:57:15.645-0700,61272.456,60.0,True
database\observations\2026-08-20\TRES-5\session_01\TRES-5260820110016.fits,science,TRES-5,2026-08-20,True,,30a06cc19de35a1cfd4dc28fb944ce9299031edd934029b2cb23e851ea9687da,656640,500x650,1.0,206.0,445.0,2905.0,0.0,TRES-5,2026-08-20T04:00:16.932-0700,61272.459,60.0,True
database\observations\2026-08-20\TRES-5\session_01\TRES-5260820110315.fits,science,TRES-5,2026-08-20,True,,9b269b3f87c10c40a22822976bc529f1ad047d33dc840e4f406a73e62ca493d1,656640,500x650,1.0,206.0,430.0,3279.0,0.0,TRES-5,2026-08-20T04:03:15.371-0700,61272.461,60.0,True
database\observations\2026-08-20\TRES-5\session_01\TRES-5260820110615.fits,science,TRES-5,2026-08-20,True,,d2a0e4713fdd7d73fb7f45ae0eb5f587500609128e4005add6bdefcc8108f547,656640,500x650,1.0,203.0,424.0,3591.0,0.0,TRES-5,2026-08-20T04:06:15.666-0700,61272.463,60.0,True
database\observations\2026-08-20\TRES-5\session_01\TRES-5260820110916.fits,science,TRES-5,2026-08-20,True,,c8ba62afe6e3b2edfc720a342ed7794e44ccb85aaf831790d68238d90f28bff4,656640,500x650,1.0,204.0,430.0,3117.0,0.0,TRES-5,2026-08-20T04:09:16.123-0700,61272.465,60.0,True
database\observations\2026-08-20\TRES-5\session_01\TRES-5260820111216.fits,science,TRES-5,2026-08-20,True,,ee88fe794228ebf71e4e92dbfe601e63c2f7c17f4bd8f3b9670e9db19939c7c0,656640,500x650,1.0,205.0,429.0,4095.0,1.2307692307692308e-05,TRES-5,2026-08-20T04:12:16.421-0700,61272.467,60.0,True
database\observations\2026-08-20\TRES-5\session_01\TRES-5260820111516.fits,science,TRES-5,2026-08-20,True,,f90f7e2cf16aa0f2df307009d160afb1a7123d92db0f79c067bc5be4b41f4630,656640,500x650,1.0,205.0,428.0,4095.0,7.384615384615384e-05,TRES-5,2026-08-20T04:15:16.990-0700,61272.469,60.0,True
database\observations\2026-08-20\TRES-5\session_01\TRES-5260820111815.fits,science,TRES-5,2026-08-20,True,,fd8855e17e21742e106ff79da9947ecdf7251d17cde75a7fc79b8a48155abafb,656640,500x650,1.0,205.0,425.0,4095.0,8.307692307692307e-05,TRES-5,2026-08-20T04:18:15.410-0700,61272.471,60.0,True
database\observations\2026-08-20\TRES-5\session_01\TRES-5260820112115.fits,science,TRES-5,2026-08-20,True,,ec74f5ceb22dbeaa22cb70b0b0fc3b42162bd46a6fc79a08bae6ad390b93d445,656640,500x650,1.0,206.0,424.0,4095.0,0.00010153846153846155,TRES-5,2026-08-20T04:21:15.746-0700,61272.473,60.0,True
database\observations\2026-08-20\TRES-5\session_01\TRES-5260820112416.fits,science,TRES-5,2026-08-20,True,,59ec2b74b3860e660846945b7ca525f46decd0d5495e211a70070599aa406be8,656640,500x650,1.0,205.0,425.0,4095.0,9.23076923076923e-05,TRES-5,2026-08-20T04:24:16.108-0700,61272.475,60.0,True
database\observations\2026-08-20\TRES-5\session_01\TRES-5260820112716.fits,science,TRES-5,2026-08-20,True,,64d4cf5c4af0aaf70983a7c474d5d0af9c621bf0d6abcb811b371d517b8b4096,656640,500x650,1.0,208.0,433.0,4095.0,6.153846153846154e-05,TRES-5,2026-08-20T04:27:16.465-0700,61272.477,60.0,True
database\observations\2026-08-20\TRES-5\session_01\TRES-5260820113015.fits,science,TRES-5,2026-08-20,True,,5a5d60fb1b18e55df8d46b0bdeb90b152efa4af86ea3ec0e9e13074b63f135b5,656640,500x650,1.0,205.0,415.0,4095.0,0.00016923076923076923,TRES-5,2026-08-20T04:30:15.883-0700,61272.479,60.0,True
database\observations\2026-08-20\TRES-5\session_01\TRES-5260820113316.fits,science,TRES-5,2026-08-20,True,,091304c170d0d603feafdba4738bd498a7ee11d45491266e2e9984df17d1a466,656640,500x650,1.0,205.0,427.0,4095.0,0.00010153846153846155,TRES-5,2026-08-20T04:33:16.141-0700,61272.481,60.0,True
database\observations\2026-08-20\TRES-5\session_01\TRES-5260820113615.fits,science,TRES-5,2026-08-20,True,,afcecfe5a49f9be6a761c5fdcee09fe8502ac6021874167ebe46a3c880f3305a,656640,500x650,1.0,204.0,429.0,4095.0,0.00010461538461538461,TRES-5,2026-08-20T04:36:15.570-0700,61272.484,60.0,True
database\observations\2026-08-20\TRES-5\session_01\TRES-5260820113915.fits,science,TRES-5,2026-08-20,True,,0bcf9c196542e61d7c6b4602693374ca471923e884db62bc5c721a1155d7b369,656640,500x650,1.0,205.0,424.0,4095.0,0.0001476923076923077,TRES-5,2026-08-20T04:39:15.889-0700,61272.486,60.0,True
database\observations\2026-08-20\TRES-5\session_01\TRES-5260820114216.fits,science,TRES-5,2026-08-20,True,,1088e4154cd77d16ea683baa857f4deba445a4d1ac5f8b5b76117b1e47f8938c,656640,500x650,1.0,204.0,431.0,4095.0,0.00012307692307692307,TRES-5,2026-08-20T04:42:16.266-0700,61272.488,60.0,True
database\observations\2026-08-20\TRES-5\session_01\TRES-5260820114515.fits,science,TRES-5,2026-08-20,True,,f3c870bbae7564c304114bf8bad3cb61c53f627a0c38ab6e5463ba8f5da5044e,656640,500x650,1.0,206.0,439.0,4095.0,0.00012,TRES-5,2026-08-20T04:45:15.673-0700,61272.49,60.0,True
database\observations\2026-08-20\TRES-5\session_01\TRES-5260820114817.fits,science,TRES-5,2026-08-20,True,,0ffe0509c8f3f4bbe91445b5dd89f7c09276484d176c8075e78b651ad31a6f0b,656640,500x650,1.0,206.0,463.0,4095.0,8e-05,TRES-5,2026-08-20T04:48:17.145-0700,61272.492,60.0,True
database\observations\2026-08-20\TRES-5\session_01\TRES-5260820115115.fits,science,TRES-5,2026-08-20,True,,9f5832c80c0698cc79040dd3dfe1e8acdcf501243496e8bf5fc19734f5ed7bab,656640,500x650,1.0,208.0,512.0,4095.0,5.538461538461539e-05,TRES-5,2026-08-20T04:51:15.525-0700,61272.494,60.0,True
database\observations\2026-08-20\TRES-5\session_01\TRES-5260820115415.fits,science,TRES-5,2026-08-20,True,,a78ee9fc72a5205103a9bb54dd8c3ee3bc6a9e42b6350679a5fc4bfde0353472,656640,500x650,1.0,206.0,517.0,4095.0,0.00011692307692307692,TRES-5,2026-08-20T04:54:15.870-0700,61272.496,60.0,True
database\observations\2026-08-20\TRES-5\session_01\TRES-5260820115716.fits,science,TRES-5,2026-08-20,True,,09e8ad01ec4c07579bc5ceb43618a559a75305b12c5fceaf0f246fd21ec747fb,656640,500x650,1.0,209.0,563.0,4095.0,0.0001476923076923077,TRES-5,2026-08-20T04:57:16.276-0700,61272.498,60.0,True
database\observations\2026-08-20\TRES-5\session_01\TRES-5260820120508.fits,science,TRES-5,2026-08-20,True,,dd607d04c36048e73c4f902313e87dcb6a58b272c4a7442c12cf674ad6f4ccd3,656640,500x650,1.0,226.0,1046.0,4095.0,0.00018153846153846155,TRES-5,2026-08-20T05:05:08.479-0700,61272.504,60.0,True
database\observations\2026-08-20\TRES-5\session_01\TRES-5260820121301.fits,science,TRES-5,2026-08-20,True,,d460909fcee8360b423abf300081ab2c3320f8f2acf5649ab822659eff51257e,656640,500x650,1.0,319.0,3432.0,4095.0,0.0009046153846153846,TRES-5,2026-08-20T05:13:01.883-0700,61272.509,60.0,True
database\observations\2026-08-20\TRES-5\session_01\TRES-5260820122059.fits,science,TRES-5,2026-08-20,True,,312c1730d2652e4eeb544d2f1a082e6009f709836353beaceb7c5a92965e6c52,656640,500x650,1.0,1831.0,4095.0,4095.0,0.99884,TRES-5,2026-08-20T05:20:59.071-0700,61272.515,60.0,True
database\observations\2026-08-21\Qatar-1\session_01\Qatar-1260821043741.fits,science,Qatar-1,2026-08-21,True,,6628d9cd0d5952806827bcec972e018c866d6e5a434b14d0a985490637fa28a6,656640,500x650,1.0,205.0,425.0,3694.0,0.0,Qatar-1,2026-08-20T21:37:41.530-0700,61273.193,60.0,True
database\observations\2026-08-21\Qatar-1\session_01\Qatar-1260821043927.fits,science,Qatar-1,2026-08-21,True,,47e5c89cb2e44f409c5b9b7187b0427c4fdd405212c7a9eda384d7f6d2a44148,656640,500x650,1.0,205.0,424.0,4095.0,9.23076923076923e-05,Qatar-1,2026-08-20T21:39:27.733-0700,61273.194,60.0,True
database\observations\2026-08-21\Qatar-1\session_01\Qatar-1260821044219.fits,science,Qatar-1,2026-08-21,True,,9c3ed5cf501f1f226124b1635eba0e4286bc90a2a936a808d6762031c8f823d1,656640,500x650,1.0,205.0,424.0,4095.0,8.307692307692307e-05,Qatar-1,2026-08-20T21:42:19.066-0700,61273.196,60.0,True
database\observations\2026-08-21\Qatar-1\session_01\Qatar-1260821044515.fits,science,Qatar-1,2026-08-21,True,,4f3da2849c401309219dd757975062dcb8a92bb1c45ee788a54fbca0b7fd9854,656640,500x650,1.0,205.0,424.0,4095.0,8.615384615384615e-05,Qatar-1,2026-08-20T21:45:15.463-0700,61273.198,60.0,True
database\observations\2026-08-21\Qatar-1\session_01\Qatar-1260821044816.fits,science,Qatar-1,2026-08-21,True,,cb1580f51c39ceffc93db83122d3fcce7c51e4f65cecd80872f5a9a5c45de9d4,656640,500x650,1.0,204.0,424.0,4095.0,5.2307692307692306e-05,Qatar-1,2026-08-20T21:48:16.847-0700,61273.2,60.0,True
database\observations\2026-08-21\Qatar-1\session_01\Qatar-1260821045116.fits,science,Qatar-1,2026-08-21,True,,f918e49a9be8c58968e5505212997be2a9bcd9ce98cfc8060aa9244fd9969db5,656640,500x650,1.0,205.0,424.0,4095.0,5.846153846153846e-05,Qatar-1,2026-08-20T21:51:16.189-0700,61273.202,60.0,True
database\observations\2026-08-21\Qatar-1\session_01\Qatar-1260821045415.fits,science,Qatar-1,2026-08-21,True,,11c6a2867dc97b327bcbf8b2f7ed5830bef34a58fc8334c02016dfbaa139851f,656640,500x650,1.0,206.0,424.0,4095.0,3.076923076923077e-06,Qatar-1,2026-08-20T21:54:15.602-0700,61273.204,60.0,True
database\observations\2026-08-21\Qatar-1\session_01\Qatar-1260821045715.fits,science,Qatar-1,2026-08-21,True,,7f50d8971ae3546cbd550f773370a0ba3f92b35558743d0d212702c3fc137f18,656640,500x650,1.0,203.0,424.0,4095.0,9.846153846153846e-05,Qatar-1,2026-08-20T21:57:15.895-0700,61273.206,60.0,True
database\observations\2026-08-21\Qatar-1\session_01\Qatar-1260821050015.fits,science,Qatar-1,2026-08-21,True,,803f690ffedb192b64e3df6b6f69cdd8a54374a01578dca6e642ac22c532a079,656640,500x650,1.0,205.0,424.0,4095.0,0.00010153846153846155,Qatar-1,2026-08-20T22:00:15.306-0700,61273.209,60.0,True
database\observations\2026-08-21\Qatar-1\session_01\Qatar-1260821050315.fits,science,Qatar-1,2026-08-21,True,,9615ef24f6204eaeac119b6251a46124a323d9f404287af974d4411c6362410c,656640,500x650,1.0,206.0,424.0,4095.0,8e-05,Qatar-1,2026-08-20T22:03:15.579-0700,61273.211,60.0,True
database\observations\2026-08-21\Qatar-1\session_01\Qatar-1260821050615.fits,science,Qatar-1,2026-08-21,True,,8260661e335bc038157d63710f5160db8bc5fb6e81cdeeed1eae25a9c68ed26d,656640,500x650,1.0,205.0,424.0,4095.0,8.923076923076924e-05,Qatar-1,2026-08-20T22:06:15.933-0700,61273.213,60.0,True
database\observations\2026-08-21\Qatar-1\session_01\Qatar-1260821050915.fits,science,Qatar-1,2026-08-21,True,,7902c24805ebce4f3a00c35be0cf6936a34399e41466a8f2f94a9af126774f18,656640,500x650,1.0,205.0,423.0,4095.0,5.538461538461539e-05,Qatar-1,2026-08-20T22:09:15.234-0700,61273.215,60.0,True
database\observations\2026-08-21\Qatar-1\session_01\Qatar-1260821051216.fits,science,Qatar-1,2026-08-21,True,,a6eb2a827f1233c0cc2ce851a5e71de12c44223875c681534aa4d903b822e88f,656640,500x650,1.0,205.0,423.0,4095.0,7.384615384615384e-05,Qatar-1,2026-08-20T22:12:16.638-0700,61273.217,60.0,True
database\observations\2026-08-21\Qatar-1\session_01\Qatar-1260821051516.fits,science,Qatar-1,2026-08-21,True,,7ae4697ce517ca11b6df752ed9ffe6afd863bd4658cead5f97947956ce64d1a5,656640,500x650,1.0,204.0,423.0,4095.0,0.00011076923076923077,Qatar-1,2026-08-20T22:15:16.077-0700,61273.219,60.0,True
database\observations\2026-08-21\Qatar-1\session_01\Qatar-1260821051815.fits,science,Qatar-1,2026-08-21,True,,8e317a8d7d182c6c68441d74c0c33b62e87df4b44ea51e06e0a16a6e4b83108a,656640,500x650,1.0,205.0,423.0,4095.0,0.00010153846153846155,Qatar-1,2026-08-20T22:18:15.424-0700,61273.221,60.0,True
database\observations\2026-08-21\Qatar-1\session_01\Qatar-1260821052116.fits,science,Qatar-1,2026-08-21,True,,51f9c711461bcd4c3be93aa108030a3cef834cb2e068a063cb23233071ba49d2,656640,500x650,1.0,205.0,423.0,4095.0,0.00010461538461538461,Qatar-1,2026-08-20T22:21:16.649-0700,61273.223,60.0,True
database\observations\2026-08-21\Qatar-1\session_01\Qatar-1260821052416.fits,science,Qatar-1,2026-08-21,True,,0181fb4a9084e81380692815460969b8575af7c8af222b4d7d1e2e7fab15b40b,656640,500x650,1.0,205.0,422.0,4095.0,0.00010461538461538461,Qatar-1,2026-08-20T22:24:16.983-0700,61273.225,60.0,True
database\observations\2026-08-21\Qatar-1\session_01\Qatar-1260821052715.fits,science,Qatar-1,2026-08-21,True,,3c2342d655ffe28c80b5feeecb490a482d8c7240cda782e23ce82a9b05ea541b,656640,500x650,1.0,204.0,422.0,4095.0,0.00010153846153846155,Qatar-1,2026-08-20T22:27:15.287-0700,61273.227,60.0,True
database\observations\2026-08-21\Qatar-1\session_01\Qatar-1260821053015.fits,science,Qatar-1,2026-08-21,True,,c95c48041eb23d21bd7aab4877b7f7ba3fbb841792932b0768e96721dd2391ad,656640,500x650,1.0,204.0,421.0,4095.0,0.00010153846153846155,Qatar-1,2026-08-20T22:30:15.874-0700,61273.229,60.0,True
database\observations\2026-08-21\Qatar-1\session_01\Qatar-1260821053315.fits,science,Qatar-1,2026-08-21,True,,1b52cad8f168d7e4343ababf5656ecbbd60c19e6d7bad2bfe7a43ba372ccbf63,656640,500x650,1.0,204.0,420.0,4095.0,0.00010153846153846155,Qatar-1,2026-08-20T22:33:15.288-0700,61273.231,60.0,True
database\observations\2026-08-21\Qatar-1\session_01\Qatar-1260821053616.fits,science,Qatar-1,2026-08-21,True,,137ab664ff3febd115ea3f80044b3e354afb583aa3bbeca3b2770b37f2ece6bb,656640,500x650,1.0,205.0,420.0,4095.0,0.00010461538461538461,Qatar-1,2026-08-20T22:36:16.718-0700,61273.234,60.0,True
database\observations\2026-08-21\Qatar-1\session_01\Qatar-1260821053916.fits,science,Qatar-1,2026-08-21,True,,fb2220ce41c9356117d9629815fa89a79eeb82aac6de1b66fa57f3817fe40791,656640,500x650,1.0,204.0,420.0,4095.0,0.00010461538461538461,Qatar-1,2026-08-20T22:39:16.949-0700,61273.236,60.0,True
database\observations\2026-08-21\Qatar-1\session_01\Qatar-1260821054215.fits,science,Qatar-1,2026-08-21,True,,4ac20ba3eddbf1a675d10f677e548dfbf60e28df3257da0a3fe857ef51637c4a,656640,500x650,1.0,205.0,420.0,4095.0,0.00010461538461538461,Qatar-1,2026-08-20T22:42:15.366-0700,61273.238,60.0,True
database\observations\2026-08-21\Qatar-1\session_01\Qatar-1260821054515.fits,science,Qatar-1,2026-08-21,True,,fff145589f78f6ed37d49e3a9ca75cb4adc7d33e90fa0cc52440a3ff83c94710,656640,500x650,1.0,204.0,419.0,4095.0,0.0001076923076923077,Qatar-1,2026-08-20T22:45:15.790-0700,61273.24,60.0,True
database\observations\2026-08-21\Qatar-1\session_01\Qatar-1260821054815.fits,science,Qatar-1,2026-08-21,True,,7eaee47be95b6de1f456311bdec9a9e127e84ffc5381b42b418ccd4a5c7ce01c,656640,500x650,1.0,203.0,418.0,4095.0,0.00010153846153846155,Qatar-1,2026-08-20T22:48:15.156-0700,61273.242,60.0,True
database\observations\2026-08-21\Qatar-1\session_01\Qatar-1260821055115.fits,science,Qatar-1,2026-08-21,True,,04f45aa2bb3316cf27ad36868f1cff5605a434921a40cfbc951b544637257e97,656640,500x650,1.0,205.0,422.0,4095.0,0.00010153846153846155,Qatar-1,2026-08-20T22:51:15.486-0700,61273.244,60.0,True
database\observations\2026-08-21\Qatar-1\session_01\Qatar-1260821055415.fits,science,Qatar-1,2026-08-21,True,,f38dac66dbb3906641d544620065f750f7e3e5e8685827a7bdf2739051552eb2,656640,500x650,1.0,205.0,418.0,4095.0,9.846153846153846e-05,Qatar-1,2026-08-20T22:54:15.858-0700,61273.246,60.0,True
database\observations\2026-08-21\Qatar-1\session_01\Qatar-1260821055715.fits,science,Qatar-1,2026-08-21,True,,a3cf05b35fd2d66642b9c5d08e173207e684905596852eebb6a3dd8ebb9a51c9,656640,500x650,1.0,204.0,418.0,4095.0,0.00010461538461538461,Qatar-1,2026-08-20T22:57:15.228-0700,61273.248,60.0,True
database\observations\2026-08-21\Qatar-1\session_01\Qatar-1260821060016.fits,science,Qatar-1,2026-08-21,True,,9ace596d67de03ac1d6666e110beacb183ce8df92acfe88b911fbae2f797a448,656640,500x650,1.0,206.0,417.0,4095.0,9.846153846153846e-05,Qatar-1,2026-08-20T23:00:16.582-0700,61273.25,60.0,True
database\observations\2026-08-21\Qatar-1\session_01\Qatar-1260821060316.fits,science,Qatar-1,2026-08-21,True,,2055fc6028da86669f389a1d79c27cc965e963b064e64be86e89029e9ffa8bb7,656640,500x650,1.0,207.0,431.0,4095.0,0.00011076923076923077,Qatar-1,2026-08-20T23:03:16.966-0700,61273.252,60.0,True
database\observations\2026-08-21\Qatar-1\session_01\Qatar-1260821060615.fits,science,Qatar-1,2026-08-21,True,,1c71ba9b1d305a5374be95b8acecf482f9686ad808e79cded41e025fcfa4b8be,656640,500x650,1.0,203.0,417.0,4095.0,0.0001076923076923077,Qatar-1,2026-08-20T23:06:15.335-0700,61273.254,60.0,True
database\observations\2026-08-21\Qatar-1\session_01\Qatar-1260821060915.fits,science,Qatar-1,2026-08-21,True,,1514465c0fb18bb002c816e27db2efca71cd44a72f890d0545b0c2cd23f7b01b,656640,500x650,1.0,205.0,418.0,4095.0,0.00010461538461538461,Qatar-1,2026-08-20T23:09:15.711-0700,61273.256,60.0,True
database\observations\2026-08-21\Qatar-1\session_01\Qatar-1260821061216.fits,science,Qatar-1,2026-08-21,True,,bead307bf4f77281e2b87831d75ff2e66969d15885903a6ba8c4a0406ccb88fb,656640,500x650,1.0,204.0,417.0,4095.0,0.00011384615384615384,Qatar-1,2026-08-20T23:12:16.144-0700,61273.259,60.0,True
database\observations\2026-08-21\Qatar-1\session_01\Qatar-1260821061516.fits,science,Qatar-1,2026-08-21,True,,c7af1ee7beda6d66c5d258ac4f70abb99577eb53b8bd985ce96dc9a8d071a76e,656640,500x650,1.0,204.0,416.0,4095.0,0.0001076923076923077,Qatar-1,2026-08-20T23:15:16.607-0700,61273.261,60.0,True
database\observations\2026-08-21\Qatar-1\session_01\Qatar-1260821061816.fits,science,Qatar-1,2026-08-21,True,,2220d3a773b6a5555f94ff140122635d5d93ce909f22ccf7d96edd8c8facc0a4,656640,500x650,1.0,205.0,415.0,4095.0,0.00010153846153846155,Qatar-1,2026-08-20T23:18:16.040-0700,61273.263,60.0,True
database\observations\2026-08-21\Qatar-1\session_01\Qatar-1260821062115.fits,science,Qatar-1,2026-08-21,True,,bab3919ac7a6eade42098f24abc48ceff128f1b53fda5fac0daadac08448c281,656640,500x650,1.0,204.0,414.0,4095.0,0.00010461538461538461,Qatar-1,2026-08-20T23:21:15.427-0700,61273.265,60.0,True
database\observations\2026-08-21\Qatar-1\session_01\Qatar-1260821062415.fits,science,Qatar-1,2026-08-21,True,,e36a553bf2665a51d8d89fdf9a4d8534392b7c8d92578ba805c008c806a6ecfe,656640,500x650,1.0,204.0,413.0,4095.0,0.00010461538461538461,Qatar-1,2026-08-20T23:24:15.982-0700,61273.267,60.0,True
database\observations\2026-08-21\Qatar-1\session_01\Qatar-1260821062715.fits,science,Qatar-1,2026-08-21,True,,9766611d5a8bf9d724d3fa0091046c6e0f916262c3baca289cec9112503e47be,656640,500x650,1.0,206.0,412.0,4095.0,0.00010461538461538461,Qatar-1,2026-08-20T23:27:15.420-0700,61273.269,60.0,True
database\observations\2026-08-21\Qatar-1\session_01\Qatar-1260821063015.fits,science,Qatar-1,2026-08-21,True,,5ef50f8c679e30be0de0467389112eff36f5b3dc2bfd2ef0a36756cfeb89adab,656640,500x650,1.0,204.0,411.0,4095.0,0.00011076923076923077,Qatar-1,2026-08-20T23:30:15.871-0700,61273.271,60.0,True
database\observations\2026-08-21\Qatar-1\session_01\Qatar-1260821063315.fits,science,Qatar-1,2026-08-21,True,,1f426d6b389074c8f82f00ff61541e243a431f5a69e4504f48209766cd4a6b4b,656640,500x650,1.0,204.0,410.0,4095.0,0.0001076923076923077,Qatar-1,2026-08-20T23:33:15.360-0700,61273.273,60.0,True
database\observations\2026-08-21\Qatar-1\session_01\Qatar-1260821063615.fits,science,Qatar-1,2026-08-21,True,,b146e012dbe01f5dbba383ce5a15a0c6cfe68e9b2871e0a88391892d2785edc2,656640,500x650,1.0,204.0,408.0,4095.0,0.00010461538461538461,Qatar-1,2026-08-20T23:36:15.843-0700,61273.275,60.0,True
database\observations\2026-08-21\Qatar-1\session_01\Qatar-1260821063915.fits,science,Qatar-1,2026-08-21,True,,47f467eaf118be82cb24b9ef0dc417311943413e46a5e87947937839ea018d5b,656640,500x650,1.0,204.0,408.0,4095.0,0.00010461538461538461,Qatar-1,2026-08-20T23:39:15.176-0700,61273.277,60.0,True
database\observations\2026-08-21\Qatar-1\session_01\Qatar-1260821064215.fits,science,Qatar-1,2026-08-21,True,,6419f7879544cae177de14ebc608975c06f5900e030bd65cfd9fa6522c240def,656640,500x650,1.0,206.0,408.0,4095.0,0.0001076923076923077,Qatar-1,2026-08-20T23:42:15.503-0700,61273.279,60.0,True
database\observations\2026-08-21\Qatar-1\session_01\Qatar-1260821064515.fits,science,Qatar-1,2026-08-21,True,,da49945bacbc19586030efef4ffbf0efa479d403be47d1ba0613a88a59df6fb6,656640,500x650,1.0,204.0,407.0,4095.0,0.0001076923076923077,Qatar-1,2026-08-20T23:45:15.874-0700,61273.281,60.0,True
database\observations\2026-08-21\Qatar-1\session_01\Qatar-1260821064815.fits,science,Qatar-1,2026-08-21,True,,964c28b29a28943bd33f10ad70c0ba2390897d778db1149669f1c8b923e0d411,656640,500x650,1.0,204.0,407.0,4095.0,0.00010153846153846155,Qatar-1,2026-08-20T23:48:15.170-0700,61273.284,60.0,True
database\observations\2026-08-21\Qatar-1\session_01\Qatar-1260821065115.fits,science,Qatar-1,2026-08-21,True,,bb01661484e4e1ac94650a78ee76472f10a67003e3a1a728e26fb19fc926088e,656640,500x650,1.0,204.0,405.0,4095.0,9.846153846153846e-05,Qatar-1,2026-08-20T23:51:15.492-0700,61273.286,60.0,True
database\observations\2026-08-21\Qatar-1\session_01\Qatar-1260821065415.fits,science,Qatar-1,2026-08-21,True,,cafb86696db6597cc05fa20777b07caaa4f76c4e704bda9d9000355281b851dd,656640,500x650,1.0,204.0,405.0,4095.0,0.00010461538461538461,Qatar-1,2026-08-20T23:54:15.786-0700,61273.288,60.0,True
database\observations\2026-08-21\Qatar-1\session_01\Qatar-1260821065715.fits,science,Qatar-1,2026-08-21,True,,95ecb38bba33f795309f6bb3b26edb7b3f9b8f548b08ce05b8c9259ddfb5b0ce,656640,500x650,1.0,202.0,405.0,4095.0,0.00011384615384615384,Qatar-1,2026-08-20T23:57:15.172-0700,61273.29,60.0,True
database\observations\2026-08-21\Qatar-1\session_01\Qatar-1260821070015.fits,science,Qatar-1,2026-08-21,True,,720641eebb10c36ae8bf073e8703b2fa5f84dcaa8d0112659ebc5c56acb4b6ab,656640,500x650,1.0,203.0,404.0,4095.0,0.00011076923076923077,Qatar-1,2026-08-21T00:00:15.575-0700,61273.292,60.0,True
database\observations\2026-08-21\Qatar-1\session_01\Qatar-1260821070315.fits,science,Qatar-1,2026-08-21,True,,2df707e568dbd1da3ca7020968f36c81e301b795fa54eb95b0d9f3e39d07e427,656640,500x650,1.0,203.0,404.0,4095.0,0.00011384615384615384,Qatar-1,2026-08-21T00:03:15.933-0700,61273.294,60.0,True
database\observations\2026-08-21\Qatar-1\session_01\Qatar-1260821070616.fits,science,Qatar-1,2026-08-21,True,,924aadef75ff93ad86935de70b55dab63a116c12dbeed336971d3dd1be1bcf88,656640,500x650,1.0,204.0,405.0,4095.0,0.00011076923076923077,Qatar-1,2026-08-21T00:06:16.302-0700,61273.296,60.0,True
database\observations\2026-08-21\Qatar-1\session_01\Qatar-1260821070915.fits,science,Qatar-1,2026-08-21,True,,f3376e12fada00f7cd4823cf74ef1aad3d62f9cb1989274c7d0a00c8b20db85b,656640,500x650,1.0,203.0,404.0,4095.0,0.00012,Qatar-1,2026-08-21T00:09:15.690-0700,61273.298,60.0,True
database\observations\2026-08-21\Qatar-1\session_01\Qatar-1260821071216.fits,science,Qatar-1,2026-08-21,True,,1384860e8e5b7811cdea5c7c570e9c3a65777ec2853efb1fcdf451a8e6485d61,656640,500x650,1.0,205.0,404.0,4095.0,0.00012,Qatar-1,2026-08-21T00:12:16.208-0700,61273.3,60.0,True
database\observations\2026-08-21\Qatar-1\session_01\Qatar-1260821071515.fits,science,Qatar-1,2026-08-21,True,,7eff0bd77d27ece5171ddeb5889e62a75d11222fbc5ca943fd4ebcfa93339265,656640,500x650,1.0,207.0,404.0,4095.0,0.00010461538461538461,Qatar-1,2026-08-21T00:15:15.597-0700,61273.302,60.0,True
database\observations\2026-08-21\Qatar-1\session_01\Qatar-1260821071817.fits,science,Qatar-1,2026-08-21,True,,73b7ca950f596aaae4e43b17755a344e8010ff999ef700f4b2daaf0267ec3abf,656640,500x650,1.0,204.0,404.0,4095.0,0.00012307692307692307,Qatar-1,2026-08-21T00:18:17.025-0700,61273.304,60.0,True
database\observations\2026-08-21\Qatar-1\session_01\Qatar-1260821072115.fits,science,Qatar-1,2026-08-21,True,,b4d1d6609d2de820027aac69767196ce222172781e9fa2100d557b51c778a25c,656640,500x650,1.0,205.0,403.0,4095.0,0.00011692307692307692,Qatar-1,2026-08-21T00:21:15.362-0700,61273.306,60.0,True
database\observations\2026-08-21\Qatar-1\session_01\Qatar-1260821072415.fits,science,Qatar-1,2026-08-21,True,,6c5a1ac3a36d40952ada11c0a01696a3f31def2d91369564abf36f7242ead82a,656640,500x650,1.0,204.0,403.0,4095.0,0.00011384615384615384,Qatar-1,2026-08-21T00:24:15.672-0700,61273.309,60.0,True
database\observations\2026-08-21\Qatar-1\session_01\Qatar-1260821072717.fits,science,Qatar-1,2026-08-21,True,,2b595f86ea02f73480124e73a38cd0a671cd7e2a250e5c1d7e0cf1c91ddd9ac9,656640,500x650,1.0,204.0,403.0,4095.0,0.0001076923076923077,Qatar-1,2026-08-21T00:27:17.117-0700,61273.311,60.0,True
database\observations\2026-08-21\Qatar-1\session_01\Qatar-1260821073015.fits,science,Qatar-1,2026-08-21,True,,7fc2b8e02d6b12f56ae5b07351cd2413fa99d4ef2eb79d984e79078e49c1b7d7,656640,500x650,1.0,204.0,403.0,4095.0,0.00011384615384615384,Qatar-1,2026-08-21T00:30:15.537-0700,61273.313,60.0,True
database\observations\2026-08-21\Qatar-1\session_01\Qatar-1260821073316.fits,science,Qatar-1,2026-08-21,True,,a34545bc73db46944e9da23d535bcb0d18a05efc008924ae1acb2f53d40ca38d,656640,500x650,1.0,203.0,403.0,4095.0,0.00011076923076923077,Qatar-1,2026-08-21T00:33:16.018-0700,61273.315,60.0,True
database\observations\2026-08-21\Qatar-1\session_01\Qatar-1260821073615.fits,science,Qatar-1,2026-08-21,True,,b32545cd2c65b2e5810ed67d944e50f8e7505d70c7798b85accf7386f146b026,656640,500x650,1.0,204.0,402.0,4095.0,0.00011692307692307692,Qatar-1,2026-08-21T00:36:15.462-0700,61273.317,60.0,True
database\observations\2026-08-21\Qatar-1\session_01\Qatar-1260821073916.fits,science,Qatar-1,2026-08-21,True,,3e2f6bbf16a6b0959bbc94b6715837733f6fb89dc7d4ad18872bb68ed79916ae,656640,500x650,1.0,203.0,403.0,4095.0,0.0001076923076923077,Qatar-1,2026-08-21T00:39:16.778-0700,61273.319,60.0,True
database\observations\2026-08-21\Qatar-1\session_01\Qatar-1260821074217.fits,science,Qatar-1,2026-08-21,True,,e99547af831094981188ea940363045cef430f62682d33195b4ab042867aa54d,656640,500x650,1.0,204.0,403.0,4095.0,0.00010461538461538461,Qatar-1,2026-08-21T00:42:17.046-0700,61273.321,60.0,True
database\observations\2026-08-21\Qatar-1\session_01\Qatar-1260821074515.fits,science,Qatar-1,2026-08-21,True,,7a18c10ada10ae9f08bfc500aabb94b7f23a166cf5ba9c129d05c9d1ff3e1240,656640,500x650,1.0,202.0,403.0,4095.0,9.538461538461538e-05,Qatar-1,2026-08-21T00:45:15.332-0700,61273.323,60.0,True
database\observations\2026-08-21\Qatar-1\session_01\Qatar-1260821074815.fits,science,Qatar-1,2026-08-21,True,,5f1f85f57915b28c2e0c3776fff54c41ff555d697442ad4400f4af5ecacf88c6,656640,500x650,1.0,204.0,403.0,4095.0,0.00012307692307692307,Qatar-1,2026-08-21T00:48:15.873-0700,61273.325,60.0,True
database\observations\2026-08-21\Qatar-1\session_01\Qatar-1260821075115.fits,science,Qatar-1,2026-08-21,True,,a90814617aaf089dc1ff8cdec398b3dbef3a925a5ff15811eb10f6936f4da098,656640,500x650,1.0,204.0,403.0,4095.0,0.00010461538461538461,Qatar-1,2026-08-21T00:51:15.291-0700,61273.327,60.0,True
database\observations\2026-08-21\Qatar-1\session_01\Qatar-1260821075415.fits,science,Qatar-1,2026-08-21,True,,6f7975591790c835dbda3c8b68ae9ac9b5b3ee1a2135fd92bdabc4aae86cbdd9,656640,500x650,1.0,203.0,403.0,4095.0,0.00010153846153846155,Qatar-1,2026-08-21T00:54:15.752-0700,61273.329,60.0,True
database\observations\2026-08-21\Qatar-1\session_01\Qatar-1260821075715.fits,science,Qatar-1,2026-08-21,True,,673ca4673297f5941db92660316c276b9ae1c5d5c22c271b469c050311a27ce0,656640,500x650,1.0,203.0,403.0,4095.0,0.00011076923076923077,Qatar-1,2026-08-21T00:57:15.235-0700,61273.331,60.0,True
database\observations\2026-08-21\Qatar-1\session_01\Qatar-1260821080016.fits,science,Qatar-1,2026-08-21,True,,c331fba9290c7f40f12bd2bf27091c2fa02beb14a913233ea0db164a7b4060f2,656640,500x650,1.0,203.0,403.0,4095.0,0.00011692307692307692,Qatar-1,2026-08-21T01:00:16.681-0700,61273.334,60.0,True
database\observations\2026-08-21\Qatar-1\session_01\Qatar-1260821080316.fits,science,Qatar-1,2026-08-21,True,,aaade645f3bba62f0c7b77597bf975a3fbdb2d5a53952053e7ad1f8be22867b8,656640,500x650,1.0,204.0,403.0,4095.0,0.00011692307692307692,Qatar-1,2026-08-21T01:03:16.050-0700,61273.336,60.0,True
database\observations\2026-08-21\Qatar-1\session_01\Qatar-1260821080615.fits,science,Qatar-1,2026-08-21,True,,55b97462999bb969866a2c858d875c201f351fff7058c0cf2c02e9aa6fed734c,656640,500x650,1.0,204.0,403.0,4095.0,0.00011076923076923077,Qatar-1,2026-08-21T01:06:15.381-0700,61273.338,60.0,True
database\observations\2026-08-21\Qatar-1\session_01\Qatar-1260821080916.fits,science,Qatar-1,2026-08-21,True,,cdd8c6385a8a67382983936dc1235384d93e432c40112836e9484334ddbf00ed,656640,500x650,1.0,206.0,402.0,4095.0,0.00010461538461538461,Qatar-1,2026-08-21T01:09:16.781-0700,61273.34,60.0,True
database\observations\2026-08-21\Qatar-1\session_01\Qatar-1260821081215.fits,science,Qatar-1,2026-08-21,True,,0a968a06a5c1bff332ec906535f8d6ad82686e565f1b7fd82a99114fdb99c2fa,656640,500x650,1.0,0.0,402.0,4095.0,0.0001446153846153846,Qatar-1,2026-08-21T01:12:15.185-0700,61273.342,60.0,True
database\observations\2026-08-21\Qatar-1\session_01\Qatar-1260821081515.fits,science,Qatar-1,2026-08-21,True,,a28055ee66f4080ccd5e032982e8d1b5a6093d75778b2e98292f8b9c5340285c,656640,500x650,1.0,203.0,402.0,4095.0,0.00011692307692307692,Qatar-1,2026-08-21T01:15:15.581-0700,61273.344,60.0,True
database\observations\2026-08-23\CoRoT-2\session_01\CoRoT-2260823035758.fits,science,CoRoT-2,2026-08-23,True,,7cdd2c5022d28378fcf82adcaf679ea92b90ff2ef9f3f65b536abc95686eeb5a,656640,500x650,1.0,222.0,725.0,3325.0,0.0,CoRoT-2,2026-08-22T20:57:58.009-0700,61275.165,60.0,True
database\observations\2026-08-23\CoRoT-2\session_01\CoRoT-2260823040015.fits,science,CoRoT-2,2026-08-23,True,,c1e73067d2cd230f37b1bf3efe1a709c5783f1c10806c3557ee6dbfcd34a4329,656640,500x650,1.0,224.0,785.0,3471.0,0.0,CoRoT-2,2026-08-22T21:00:15.500-0700,61275.167,60.0,True
database\observations\2026-08-23\CoRoT-2\session_01\CoRoT-2260823040315.fits,science,CoRoT-2,2026-08-23,True,,c4ded554bf1aa5481f38c5ea0bd2a802cc9415435a1e692b61753ae0dae6019d,656640,500x650,1.0,235.0,993.0,3684.0,0.0,CoRoT-2,2026-08-22T21:03:15.938-0700,61275.169,60.0,True
database\observations\2026-08-23\CoRoT-2\session_01\CoRoT-2260823040615.fits,science,CoRoT-2,2026-08-23,True,,8cacc435db15e19032606f91ee2fb8fccde3a11413cec9c9ff3fc962668e98a2,656640,500x650,1.0,226.0,844.0,3428.0,0.0,CoRoT-2,2026-08-22T21:06:15.311-0700,61275.171,60.0,True
database\observations\2026-08-23\CoRoT-2\session_01\CoRoT-2260823040915.fits,science,CoRoT-2,2026-08-23,True,,7cd49cf47711012bb9ce3067f7d9d244251a61266e007947e4461944f3387ea2,656640,500x650,1.0,217.0,654.0,3403.0,0.0,CoRoT-2,2026-08-22T21:09:15.731-0700,61275.173,60.0,True
database\observations\2026-08-23\CoRoT-2\session_01\CoRoT-2260823041215.fits,science,CoRoT-2,2026-08-23,True,,1ab8c4a303d6d396edfc58a3917cef5c4aca3fae095c188d795cd7099ceee366,656640,500x650,1.0,218.0,665.0,3418.0,0.0,CoRoT-2,2026-08-22T21:12:15.157-0700,61275.175,60.0,True
database\observations\2026-08-23\CoRoT-2\session_01\CoRoT-2260823041515.fits,science,CoRoT-2,2026-08-23,True,,d0a513ea491622d9344767cb10cbc542363f42c7be49e4029944f369aea34841,656640,500x650,1.0,0.0,640.0,4095.0,2.7692307692307694e-05,CoRoT-2,2026-08-22T21:15:15.504-0700,61275.177,60.0,True
database\observations\2026-08-23\CoRoT-2\session_01\CoRoT-2260823041815.fits,science,CoRoT-2,2026-08-23,True,,b05910ef0fab77888ed700b6c1228c43c1b156991148fb2bf5f75879a91afae5,656640,500x650,1.0,224.0,799.0,3585.0,0.0,CoRoT-2,2026-08-22T21:18:15.901-0700,61275.179,60.0,True
database\observations\2026-08-23\CoRoT-2\session_01\CoRoT-2260823042115.fits,science,CoRoT-2,2026-08-23,True,,7a4c81800bda81d338593687cbda3fb1f9d08cefd3e81c5ae9d011430edcf095,656640,500x650,1.0,221.0,753.0,3546.0,0.0,CoRoT-2,2026-08-22T21:21:15.390-0700,61275.181,60.0,True
database\observations\2026-08-23\CoRoT-2\session_01\CoRoT-2260823042415.fits,science,CoRoT-2,2026-08-23,True,,1f393afd127d822df386f73dfef891c9faf15611c0550040de00281cefda2bf9,656640,500x650,1.0,239.0,1293.0,3898.0,0.0,CoRoT-2,2026-08-22T21:24:15.915-0700,61275.184,60.0,True
database\observations\2026-08-23\CoRoT-2\session_01\CoRoT-2260823042715.fits,science,CoRoT-2,2026-08-23,True,,337d8a6a7c4ca7a0c98ad38843da1d31e3a5f4bf1055375bbfb2c3826dd30929,656640,500x650,1.0,244.0,1189.0,3858.0,0.0,CoRoT-2,2026-08-22T21:27:15.370-0700,61275.186,60.0,True
database\observations\2026-08-23\CoRoT-2\session_01\CoRoT-2260823043015.fits,science,CoRoT-2,2026-08-23,True,,4b3818fa7b656ffdff194e37d6290c5e8751cfe00bdcd2411c59ca7f93a35534,656640,500x650,1.0,226.0,853.0,3510.0,0.0,CoRoT-2,2026-08-22T21:30:15.968-0700,61275.188,60.0,True
database\observations\2026-08-23\CoRoT-2\session_01\CoRoT-2260823043315.fits,science,CoRoT-2,2026-08-23,True,,f1d4b13021c16a90ffe6b2a7ad7a8040eb34f9d48497878fd4c239f981aebe82,656640,500x650,1.0,217.0,611.0,3377.0,0.0,CoRoT-2,2026-08-22T21:33:15.541-0700,61275.19,60.0,True
database\observations\2026-08-23\CoRoT-2\session_01\CoRoT-2260823043615.fits,science,CoRoT-2,2026-08-23,True,,bfe4e21cee4669c89c3a5acbcb1c7ac14340efa65e4dadddc41d14e3490edc8b,656640,500x650,1.0,211.0,543.0,3256.0,0.0,CoRoT-2,2026-08-22T21:36:15.944-0700,61275.192,60.0,True
database\observations\2026-08-23\CoRoT-2\session_01\CoRoT-2260823043915.fits,science,CoRoT-2,2026-08-23,True,,37166779d50291997e8d007036e9e8d677cc5f4d5f46e7765070da2e2166e4e8,656640,500x650,1.0,212.0,524.0,3336.0,0.0,CoRoT-2,2026-08-22T21:39:15.301-0700,61275.194,60.0,True
database\observations\2026-08-23\CoRoT-2\session_01\CoRoT-2260823044215.fits,science,CoRoT-2,2026-08-23,True,,e102f5489c571221e5cdec624d4bee6a629a94a5384e3ae87c0a81c2b17bab0e,656640,500x650,1.0,210.0,497.0,3325.0,0.0,CoRoT-2,2026-08-22T21:42:15.751-0700,61275.196,60.0,True
database\observations\2026-08-23\CoRoT-2\session_01\CoRoT-2260823044516.fits,science,CoRoT-2,2026-08-23,True,,259a9f517114e5e3447052d957db2d00227e5f615a66c1d0c655aeb28ebb5c4f,656640,500x650,1.0,211.0,504.0,3328.0,0.0,CoRoT-2,2026-08-22T21:45:16.124-0700,61275.198,60.0,True
database\observations\2026-08-23\CoRoT-2\session_01\CoRoT-2260823044815.fits,science,CoRoT-2,2026-08-23,True,,0fcc2060c801dcecdf63d44968fc315d4cc248b0828960add701c945dc679915,656640,500x650,1.0,208.0,507.0,3314.0,0.0,CoRoT-2,2026-08-22T21:48:15.499-0700,61275.2,60.0,True
database\observations\2026-08-23\CoRoT-2\session_01\CoRoT-2260823045115.fits,science,CoRoT-2,2026-08-23,True,,56f94c9bb9f67a3e49f694c3e3435d2dc256a5f78a4046cf98698b40a8811961,656640,500x650,1.0,210.0,539.0,3190.0,0.0,CoRoT-2,2026-08-22T21:51:15.916-0700,61275.202,60.0,True
database\observations\2026-08-23\CoRoT-2\session_01\CoRoT-2260823045415.fits,science,CoRoT-2,2026-08-23,True,,1653c68bf6d0c5cabade72d213a6954595a650fc4cea06d86ace7cb986e15f96,656640,500x650,1.0,214.0,606.0,3191.0,0.0,CoRoT-2,2026-08-22T21:54:15.262-0700,61275.204,60.0,True
database\observations\2026-08-23\CoRoT-2\session_01\CoRoT-2260823045715.fits,science,CoRoT-2,2026-08-23,True,,a25598533f474d2bc1bbe1a8b1bff564c4f770625a13d4d9475fc8dc3e65bc9a,656640,500x650,1.0,217.0,680.0,3408.0,0.0,CoRoT-2,2026-08-22T21:57:15.665-0700,61275.206,60.0,True
database\observations\2026-08-23\CoRoT-2\session_01\CoRoT-2260823050015.fits,science,CoRoT-2,2026-08-23,True,,ebe13ccbfb99ccf791d60e96da22108a3cef067745eb3ac4d611f7cff402d580,656640,500x650,1.0,216.0,616.0,3341.0,0.0,CoRoT-2,2026-08-22T22:00:15.980-0700,61275.209,60.0,True
database\observations\2026-08-23\CoRoT-2\session_01\CoRoT-2260823050315.fits,science,CoRoT-2,2026-08-23,True,,01dc31ab588a5dd6ccebf571808b70c21e3c73924f929f3128b77d135b337565,656640,500x650,1.0,215.0,618.0,3382.0,0.0,CoRoT-2,2026-08-22T22:03:15.548-0700,61275.211,60.0,True
database\observations\2026-08-23\CoRoT-2\session_01\CoRoT-2260823050615.fits,science,CoRoT-2,2026-08-23,True,,9f2c95fa8e55065b7cf711fdc4615d6f8dc4a46d5f65abc1c583733eb493b2ff,656640,500x650,1.0,218.0,715.0,3444.0,0.0,CoRoT-2,2026-08-22T22:06:15.903-0700,61275.213,60.0,True
database\observations\2026-08-23\CoRoT-2\session_01\CoRoT-2260823050915.fits,science,CoRoT-2,2026-08-23,True,,847defa1fc88d8670ab9ad151d56695d781ee833c0e58948ede6951e4f8bb55f,656640,500x650,1.0,228.0,958.0,3542.0,0.0,CoRoT-2,2026-08-22T22:09:15.246-0700,61275.215,60.0,True
database\observations\2026-08-23\CoRoT-2\session_01\CoRoT-2260823051215.fits,science,CoRoT-2,2026-08-23,True,,c744f674c9b44c387366e2cfd360d0dfc5a25982866a1596f7132f42c222a484,656640,500x650,1.0,228.0,922.0,3542.0,0.0,CoRoT-2,2026-08-22T22:12:15.630-0700,61275.217,60.0,True
database\observations\2026-08-23\CoRoT-2\session_01\CoRoT-2260823051516.fits,science,CoRoT-2,2026-08-23,True,,4990f93ff95b776895f557f3dfffe1915a713042943cb6ba5e647c9ee4781a53,656640,500x650,1.0,219.0,702.0,3426.0,0.0,CoRoT-2,2026-08-22T22:15:16.062-0700,61275.219,60.0,True
database\observations\2026-08-23\CoRoT-2\session_01\CoRoT-2260823051815.fits,science,CoRoT-2,2026-08-23,True,,c94b2a8ba42d4e0cd1d5148d7a1e079509c6eb959e81a6f540f52794564d10da,656640,500x650,1.0,228.0,860.0,3471.0,0.0,CoRoT-2,2026-08-22T22:18:15.438-0700,61275.221,60.0,True
database\observations\2026-08-23\CoRoT-2\session_01\CoRoT-2260823052115.fits,science,CoRoT-2,2026-08-23,True,,e7d5a530a38371ae39a9389688a740be402503fc38a82b3616d6f3ed1553766b,656640,500x650,1.0,217.0,654.0,3090.0,0.0,CoRoT-2,2026-08-22T22:21:15.779-0700,61275.223,60.0,True
database\observations\2026-08-23\CoRoT-2\session_01\CoRoT-2260823052416.fits,science,CoRoT-2,2026-08-23,True,,3bcf08421914472bc907315373e357a92e47e1d3b0535b0b869420472a0ad12a,656640,500x650,1.0,215.0,630.0,3200.0,0.0,CoRoT-2,2026-08-22T22:24:16.128-0700,61275.225,60.0,True
database\observations\2026-08-23\CoRoT-2\session_01\CoRoT-2260823052715.fits,science,CoRoT-2,2026-08-23,True,,55df7576db00d488caaf51fdf711f98841ebb43bc3b40973ea6c672c20fa4c1e,656640,500x650,1.0,219.0,704.0,3182.0,0.0,CoRoT-2,2026-08-22T22:27:15.490-0700,61275.227,60.0,True
database\observations\2026-08-23\CoRoT-2\session_01\CoRoT-2260823053015.fits,science,CoRoT-2,2026-08-23,True,,f2872c829c6ae99b34d3efbf48d930e36665cc60e29683090779af4d0f1c5f44,656640,500x650,1.0,215.0,590.0,4095.0,3.076923076923077e-06,CoRoT-2,2026-08-22T22:30:15.956-0700,61275.229,60.0,True
database\observations\2026-08-23\CoRoT-2\session_01\CoRoT-2260823053315.fits,science,CoRoT-2,2026-08-23,True,,811b817f6df9c439487e9a7f07862093247db46827b7a8105d62e4d65cec5f52,656640,500x650,1.0,231.0,774.0,3414.0,0.0,CoRoT-2,2026-08-22T22:33:15.340-0700,61275.231,60.0,True
database\observations\2026-08-23\CoRoT-2\session_01\CoRoT-2260823053616.fits,science,CoRoT-2,2026-08-23,True,,82f4f48ffaed1129012c6be5bd98024f0b9ac8a7aaa236715f132151b09eddad,656640,500x650,1.0,213.0,573.0,3362.0,0.0,CoRoT-2,2026-08-22T22:36:16.756-0700,61275.234,60.0,True
database\observations\2026-08-23\CoRoT-2\session_01\CoRoT-2260823053915.fits,science,CoRoT-2,2026-08-23,True,,a736d9d32f8ff39e8c423eba6dae4cbc5583631317734bde4da6c63531f17874,656640,500x650,1.0,213.0,586.0,3366.0,0.0,CoRoT-2,2026-08-22T22:39:15.191-0700,61275.236,60.0,True
database\observations\2026-08-23\CoRoT-2\session_01\CoRoT-2260823054215.fits,science,CoRoT-2,2026-08-23,True,,bc0369ef2100ae3c80bac4c026579a9d8353948bd0d0e2bf170cc7522e4bc4d4,656640,500x650,1.0,214.0,580.0,3153.0,0.0,CoRoT-2,2026-08-22T22:42:15.555-0700,61275.238,60.0,True
database\observations\2026-08-23\CoRoT-2\session_01\CoRoT-2260823054515.fits,science,CoRoT-2,2026-08-23,True,,19bdae9935d447c570d970bdc418be69e1bb40802ace5afd8853e689d6fd2b4a,656640,500x650,1.0,214.0,567.0,3358.0,0.0,CoRoT-2,2026-08-22T22:45:15.989-0700,61275.24,60.0,True
database\observations\2026-08-23\CoRoT-2\session_01\CoRoT-2260823054815.fits,science,CoRoT-2,2026-08-23,True,,f77b402cd3e8451a6db47683a5d33ad94ce5958f4897fcc6bcb82b415d682c0f,656640,500x650,1.0,212.0,558.0,3174.0,0.0,CoRoT-2,2026-08-22T22:48:15.484-0700,61275.242,60.0,True
database\observations\2026-08-23\CoRoT-2\session_01\CoRoT-2260823055115.fits,science,CoRoT-2,2026-08-23,True,,40436aa575b8fa2e639a701fbba5c953f827fd23718d3d408b11a1c1e54aaf7d,656640,500x650,1.0,211.0,552.0,3299.0,0.0,CoRoT-2,2026-08-22T22:51:15.985-0700,61275.244,60.0,True
database\observations\2026-08-23\CoRoT-2\session_01\CoRoT-2260823055415.fits,science,CoRoT-2,2026-08-23,True,,64a0138c475e7193bd6f04a4fcd07eba041634e54393ffb7d7eb1233e0bfd47d,656640,500x650,1.0,210.0,538.0,3330.0,0.0,CoRoT-2,2026-08-22T22:54:15.402-0700,61275.246,60.0,True
database\observations\2026-08-23\CoRoT-2\session_01\CoRoT-2260823055715.fits,science,CoRoT-2,2026-08-23,True,,5af72a39d247d53fa5adaf1e7af782a183327337dbc3525b09a47c069e94072c,656640,500x650,1.0,210.0,546.0,3299.0,0.0,CoRoT-2,2026-08-22T22:57:15.760-0700,61275.248,60.0,True
database\observations\2026-08-23\CoRoT-2\session_01\CoRoT-2260823060016.fits,science,CoRoT-2,2026-08-23,True,,b1d1f802cd3b1ebc0dc126490d2f8c1999092c20e56a390c442cd161fc80966f,656640,500x650,1.0,213.0,560.0,3347.0,0.0,CoRoT-2,2026-08-22T23:00:16.112-0700,61275.25,60.0,True
database\observations\2026-08-23\CoRoT-2\session_01\CoRoT-2260823060315.fits,science,CoRoT-2,2026-08-23,True,,9fd4f0d3df6863ce2b64089d89c8a7521fb94790da0790d81f1bc52209aa258a,656640,500x650,1.0,213.0,546.0,3181.0,0.0,CoRoT-2,2026-08-22T23:03:15.456-0700,61275.252,60.0,True
database\observations\2026-08-23\CoRoT-2\session_01\CoRoT-2260823060615.fits,science,CoRoT-2,2026-08-23,True,,324b03a16e74304d5d8ab037a8725d0f6c2e8ed3581a3c1923b9bb0788e6d618,656640,500x650,1.0,211.0,515.0,3087.0,0.0,CoRoT-2,2026-08-22T23:06:15.842-0700,61275.254,60.0,True
database\observations\2026-08-23\CoRoT-2\session_01\CoRoT-2260823061216.fits,science,CoRoT-2,2026-08-23,True,,05d14989f08974b443f722f48b741866b44e871bb242e7f0e65146e3a00a20d9,656640,500x650,1.0,211.0,485.0,3319.0,0.0,CoRoT-2,2026-08-22T23:12:16.690-0700,61275.259,60.0,True
database\observations\2026-08-23\CoRoT-2\session_01\CoRoT-2260823061516.fits,science,CoRoT-2,2026-08-23,True,,5d8cf0b873fb0de609dc82b079600dfdca00474c2f1eb798300592262abcf8c3,656640,500x650,1.0,207.0,481.0,3135.0,0.0,CoRoT-2,2026-08-22T23:15:16.039-0700,61275.261,60.0,True
database\observations\2026-08-23\CoRoT-2\session_01\CoRoT-2260823061815.fits,science,CoRoT-2,2026-08-23,True,,37e0f614c4917569639b49afad7858e159f6a1fee7dba9a26ef4606021a68df6,656640,500x650,1.0,209.0,488.0,3321.0,0.0,CoRoT-2,2026-08-22T23:18:15.407-0700,61275.263,60.0,True
database\observations\2026-08-23\CoRoT-2\session_01\CoRoT-2260823062115.fits,science,CoRoT-2,2026-08-23,True,,91aa99f3015f3a6e73bf24502adf1c7fdb0a24ba55137bf3ed965a4208048373,656640,500x650,1.0,209.0,500.0,3328.0,0.0,CoRoT-2,2026-08-22T23:21:15.791-0700,61275.265,60.0,True
database\observations\2026-08-23\CoRoT-2\session_01\CoRoT-2260823062415.fits,science,CoRoT-2,2026-08-23,True,,29f80ccc1ece545518b86e797031fbe14e9f7e2c696ef48c891253de238028b5,656640,500x650,1.0,212.0,530.0,3333.0,0.0,CoRoT-2,2026-08-22T23:24:15.270-0700,61275.267,60.0,True
database\observations\2026-08-23\CoRoT-2\session_01\CoRoT-2260823062715.fits,science,CoRoT-2,2026-08-23,True,,dced251e39357a3ea7ad8ad28ba962e9e4bb1cc21c4a5c4b525b344ff4f2bd2a,656640,500x650,1.0,223.0,742.0,3310.0,0.0,CoRoT-2,2026-08-22T23:27:15.688-0700,61275.269,60.0,True
database\observations\2026-08-23\CoRoT-2\session_01\CoRoT-2260823063016.fits,science,CoRoT-2,2026-08-23,True,,53642133b72577d62b11bf05e2cd1a8ca436eb995d241cb2dcf5b1d75e44b8fd,656640,500x650,1.0,228.0,852.0,3418.0,0.0,CoRoT-2,2026-08-22T23:30:16.015-0700,61275.271,60.0,True
database\observations\2026-08-23\CoRoT-2\session_01\CoRoT-2260823063315.fits,science,CoRoT-2,2026-08-23,True,,4845c30b37a5c5e95e8b667596e57987fb393be48ce04960bac7962b76fc0fd4,656640,500x650,1.0,219.0,722.0,3325.0,0.0,CoRoT-2,2026-08-22T23:33:15.549-0700,61275.273,60.0,True
database\observations\2026-08-23\CoRoT-2\session_01\CoRoT-2260823063616.fits,science,CoRoT-2,2026-08-23,True,,ed55d9aaac0497cfbdfd2a91c96e49c275d751c40a64fd210c66df2c340f964f,656640,500x650,1.0,221.0,710.0,3437.0,0.0,CoRoT-2,2026-08-22T23:36:16.944-0700,61275.275,60.0,True
database\observations\2026-08-23\CoRoT-2\session_01\CoRoT-2260823063916.fits,science,CoRoT-2,2026-08-23,True,,fccf85f3052c4ffeef6c80ea10e706333a3006ca7c39fa670dd68c84a4767a5d,656640,500x650,1.0,218.0,700.0,3309.0,0.0,CoRoT-2,2026-08-22T23:39:16.377-0700,61275.277,60.0,True
database\observations\2026-08-23\CoRoT-2\session_01\CoRoT-2260823064215.fits,science,CoRoT-2,2026-08-23,True,,8be571e51c7a828ade575284e4f9bb462a041a49d96848a66067a5c96e74b430,656640,500x650,1.0,223.0,786.0,3481.0,0.0,CoRoT-2,2026-08-22T23:42:15.875-0700,61275.279,60.0,True
database\observations\2026-08-23\CoRoT-2\session_01\CoRoT-2260823064515.fits,science,CoRoT-2,2026-08-23,True,,5521880032119b8d3bfc304b3d82fadb04ad9f48d8f6eb937496d4320a293eef,656640,500x650,1.0,223.0,760.0,3458.0,0.0,CoRoT-2,2026-08-22T23:45:15.334-0700,61275.281,60.0,True
database\observations\2026-08-23\CoRoT-2\session_01\CoRoT-2260823064816.fits,science,CoRoT-2,2026-08-23,True,,67915668b72df98264a8b4bf29d4a9e5b77cd6cd9f78e4936066a3bc6b024265,656640,500x650,1.0,219.0,729.0,3259.0,0.0,CoRoT-2,2026-08-22T23:48:16.714-0700,61275.284,60.0,True
database\observations\2026-08-23\CoRoT-2\session_01\CoRoT-2260823065115.fits,science,CoRoT-2,2026-08-23,True,,643e09d01b002a263f4d6ddb26fe2011a4112d9232dfbd9539277da2531eff5c,656640,500x650,1.0,213.0,608.0,4049.0,0.0,CoRoT-2,2026-08-22T23:51:15.162-0700,61275.286,60.0,True
database\observations\2026-08-23\CoRoT-2\session_01\CoRoT-2260823065415.fits,science,CoRoT-2,2026-08-23,True,,5acc14bac41995c6d1a5659c5f05956868e0d83d198f939af032e143ba4cac35,656640,500x650,1.0,218.0,633.0,3755.0,0.0,CoRoT-2,2026-08-22T23:54:15.522-0700,61275.288,60.0,True
database\observations\2026-08-23\CoRoT-2\session_01\CoRoT-2260823065715.fits,science,CoRoT-2,2026-08-23,True,,cd43f63ddfc96b108c6a7647b9fdef1d41b6a8272b82da6dade2612fafb5f76c,656640,500x650,1.0,209.0,533.0,4095.0,6.153846153846154e-06,CoRoT-2,2026-08-22T23:57:15.977-0700,61275.29,60.0,True
database\observations\2026-08-23\CoRoT-2\session_01\CoRoT-2260823070015.fits,science,CoRoT-2,2026-08-23,True,,92e6a2017436d8dbc79a1f1620f0751239fb25aa4d4964df0b260c8b4edb09b7,656640,500x650,1.0,210.0,521.0,4095.0,1.2307692307692308e-05,CoRoT-2,2026-08-23T00:00:15.505-0700,61275.292,60.0,True
database\observations\2026-08-23\CoRoT-2\session_01\CoRoT-2260823070316.fits,science,CoRoT-2,2026-08-23,True,,629b88c62d3eb33039c2a156f60355a79fc199f185cae24bd18b943e11c37791,656640,500x650,1.0,210.0,532.0,4095.0,9.23076923076923e-06,CoRoT-2,2026-08-23T00:03:16.911-0700,61275.294,60.0,True
database\observations\2026-08-23\CoRoT-2\session_01\CoRoT-2260823070615.fits,science,CoRoT-2,2026-08-23,True,,79bf8bf44608745d12fca2958a09a5f41ea4780f5547f6a193e22822c10d22b0,656640,500x650,1.0,219.0,755.0,3428.0,0.0,CoRoT-2,2026-08-23T00:06:15.296-0700,61275.296,60.0,True
database\observations\2026-08-23\CoRoT-2\session_01\CoRoT-2260823070915.fits,science,CoRoT-2,2026-08-23,True,,0f81c5109cf97093278fcf4f2efc2c13789db53d5121776915af67c26a536f79,656640,500x650,1.0,209.0,510.0,4095.0,6.153846153846154e-06,CoRoT-2,2026-08-23T00:09:15.720-0700,61275.298,60.0,True
database\observations\2026-08-23\CoRoT-2\session_01\CoRoT-2260823071216.fits,science,CoRoT-2,2026-08-23,True,,e6d6b865d3cc980320c9c9128a9856d36c6efd30703e868f4130ddcd10de5d69,656640,500x650,1.0,209.0,493.0,4095.0,9.23076923076923e-06,CoRoT-2,2026-08-23T00:12:16.087-0700,61275.3,60.0,True
database\observations\2026-08-23\CoRoT-2\session_01\CoRoT-2260823071515.fits,science,CoRoT-2,2026-08-23,True,,b1201614a73a0c62015b1545b3cea905b95ce7122d0dd92f47d0b842da9e8143,656640,500x650,1.0,211.0,541.0,4095.0,1.2307692307692308e-05,CoRoT-2,2026-08-23T00:15:15.482-0700,61275.302,60.0,True
database\observations\2026-08-23\CoRoT-2\session_01\CoRoT-2260823071815.fits,science,CoRoT-2,2026-08-23,True,,04d3421cebdb9e0213b8bd5aba4050d6ff57ab56e3327cac643a3af3519b37fa,656640,500x650,1.0,209.0,515.0,4095.0,6.153846153846154e-06,CoRoT-2,2026-08-23T00:18:15.791-0700,61275.304,60.0,True
database\observations\2026-08-23\CoRoT-2\session_01\CoRoT-2260823072115.fits,science,CoRoT-2,2026-08-23,True,,189bf405f4bc910f764a9bb232566b106c69dff677fe86faf2db2f4df6d29c17,656640,500x650,1.0,210.0,549.0,4095.0,6.153846153846154e-06,CoRoT-2,2026-08-23T00:21:15.145-0700,61275.306,60.0,True
database\observations\2026-08-23\CoRoT-2\session_01\CoRoT-2260823072415.fits,science,CoRoT-2,2026-08-23,True,,5b4ba6385acca26b49b77ac7f9dffa36536f42ec2e3bb6f9e67162bf75342e55,656640,500x650,1.0,210.0,524.0,4095.0,1.846153846153846e-05,CoRoT-2,2026-08-23T00:24:15.594-0700,61275.309,60.0,True
database\observations\2026-08-23\CoRoT-2\session_01\CoRoT-2260823072715.fits,science,CoRoT-2,2026-08-23,True,,bd53755608a4d31ba218c6863d73dfcb8e02796f44e5cbb66fb5dfe05d22e9da,656640,500x650,1.0,209.0,511.0,4095.0,1.2307692307692308e-05,CoRoT-2,2026-08-23T00:27:15.981-0700,61275.311,60.0,True
database\observations\2026-08-23\CoRoT-2\session_01\CoRoT-2260823073015.fits,science,CoRoT-2,2026-08-23,True,,7f659fa1d941c2d60821866ac8a84050f78e4520a4481019966ef4cf46d52623,656640,500x650,1.0,209.0,509.0,4095.0,1.2307692307692308e-05,CoRoT-2,2026-08-23T00:30:15.453-0700,61275.313,60.0,True
database\observations\2026-08-23\CoRoT-2\session_01\CoRoT-2260823073315.fits,science,CoRoT-2,2026-08-23,True,,8573d3f0a86f8ee70db2d9a637715a24e86015800a779779e499a27af1f6a56b,656640,500x650,1.0,215.0,645.0,4095.0,6.153846153846154e-06,CoRoT-2,2026-08-23T00:33:15.809-0700,61275.315,60.0,True
database\observations\2026-08-23\CoRoT-2\session_01\CoRoT-2260823073615.fits,science,CoRoT-2,2026-08-23,True,,bb2bba4c1821992d2c276fb3437e247991063819fb2b26603c22eaa3d02577f6,656640,500x650,1.0,223.0,749.0,3439.0,0.0,CoRoT-2,2026-08-23T00:36:15.226-0700,61275.317,60.0,True
database\observations\2026-08-23\CoRoT-2\session_01\CoRoT-2260823073915.fits,science,CoRoT-2,2026-08-23,True,,a373fc5b617cfc81b463c7a62772b00975f2f1038638dfc4374f50384feecd3e,656640,500x650,1.0,214.0,570.0,4095.0,3.076923076923077e-06,CoRoT-2,2026-08-23T00:39:15.639-0700,61275.319,60.0,True
database\observations\2026-08-23\CoRoT-2\session_01\CoRoT-2260823074216.fits,science,CoRoT-2,2026-08-23,True,,538150ac7e7d4253db9957c5cc81cfefb3f469e84a15fbdba77bc563b54b0002,656640,500x650,1.0,217.0,661.0,3356.0,0.0,CoRoT-2,2026-08-23T00:42:16.063-0700,61275.321,60.0,True
database\observations\2026-08-23\CoRoT-2\session_01\CoRoT-2260823074515.fits,science,CoRoT-2,2026-08-23,True,,d5c024199a9b171b0c91e0db5d346f4b73434002b4d057f1f5f9299e7b1dacb9,656640,500x650,1.0,216.0,630.0,3395.0,0.0,CoRoT-2,2026-08-23T00:45:15.494-0700,61275.323,60.0,True
database\observations\2026-08-23\CoRoT-2\session_01\CoRoT-2260823074815.fits,science,CoRoT-2,2026-08-23,True,,a7c26ab30b19cb73fdc400e136dbe0153ef9c88cdf2580e48cf5de88db87ffdd,656640,500x650,1.0,214.0,599.0,3042.0,0.0,CoRoT-2,2026-08-23T00:48:15.899-0700,61275.325,60.0,True
database\observations\2026-08-23\CoRoT-2\session_01\CoRoT-2260823075115.fits,science,CoRoT-2,2026-08-23,True,,cab3e9406e54dd647e3763cc15f1a1e78a7ff6bc328263d0c7da71ae0f0ba9b7,656640,500x650,1.0,213.0,524.0,4095.0,9.23076923076923e-06,CoRoT-2,2026-08-23T00:51:15.312-0700,61275.327,60.0,True
database\observations\2026-08-23\CoRoT-2\session_01\CoRoT-2260823075415.fits,science,CoRoT-2,2026-08-23,True,,ba3572b3371b52c420ce7e29ed1f24a6345943493da0fd6a73d3ad7c5aca1ef0,656640,500x650,1.0,207.0,482.0,3697.0,0.0,CoRoT-2,2026-08-23T00:54:15.700-0700,61275.329,60.0,True
database\observations\2026-08-23\CoRoT-2\session_01\CoRoT-2260823075716.fits,science,CoRoT-2,2026-08-23,True,,66ca858bbe417ef710ce8691a06ce795d088ad4f2a96f0bfe91f58b0bf2911f8,656640,500x650,1.0,208.0,489.0,2899.0,0.0,CoRoT-2,2026-08-23T00:57:16.116-0700,61275.331,60.0,True
database\observations\2026-08-23\CoRoT-2\session_01\CoRoT-2260823080015.fits,science,CoRoT-2,2026-08-23,True,,9bd9c0076a1047e9e782a129462c0f608262c6d729d97859f170fe2c9c04ee3e,656640,500x650,1.0,208.0,483.0,3117.0,0.0,CoRoT-2,2026-08-23T01:00:15.592-0700,61275.334,60.0,True
database\observations\2026-08-23\CoRoT-2\session_01\CoRoT-2260823080315.fits,science,CoRoT-2,2026-08-23,True,,b4e8e4ab76ca9d74d4b7d29e2d2152003cb732c66f14b668792755518c2c6a27,656640,500x650,1.0,208.0,480.0,3184.0,0.0,CoRoT-2,2026-08-23T01:03:15.942-0700,61275.336,60.0,True
database\observations\2026-08-23\CoRoT-2\session_01\CoRoT-2260823080615.fits,science,CoRoT-2,2026-08-23,True,,31791ba8bb47ab697f3818b94d5a823f61e10894968cd5b8f04cdcdebe096f78,656640,500x650,1.0,208.0,473.0,3196.0,0.0,CoRoT-2,2026-08-23T01:06:15.432-0700,61275.338,60.0,True
database\observations\2026-08-23\CoRoT-2\session_01\CoRoT-2260823080915.fits,science,CoRoT-2,2026-08-23,True,,684c20a1f40e152be28d7ea80aba18249d4ab21396372eb1db2bb8269db7411b,656640,500x650,1.0,208.0,467.0,2921.0,0.0,CoRoT-2,2026-08-23T01:09:15.820-0700,61275.34,60.0,True
database\observations\2026-08-23\CoRoT-2\session_01\CoRoT-2260823081215.fits,science,CoRoT-2,2026-08-23,True,,24f9b73eb7fa556651ef5e9ee3691e1907d341d08ca7bdc1c8ee1334ba610033,656640,500x650,1.0,207.0,470.0,3195.0,0.0,CoRoT-2,2026-08-23T01:12:15.189-0700,61275.342,60.0,True
database\observations\2026-08-23\CoRoT-2\session_01\CoRoT-2260823081515.fits,science,CoRoT-2,2026-08-23,True,,593c1dcc0218fb435ddd7770fbbb2f6405e88038fef445c23807ce49c2c90779,656640,500x650,1.0,208.0,478.0,2862.0,0.0,CoRoT-2,2026-08-23T01:15:15.644-0700,61275.344,60.0,True
database\observations\2026-08-24\WASP-2\session_01\WASP-2260824045231.fits,science,WASP-2,2026-08-24,True,,48f16adbe80c4742d23ef45f27d8fac688f89d69bd764070c02368c2f1d8e433,656640,500x650,1.0,239.0,1115.0,3525.0,0.0,WASP-2,2026-08-23T21:52:31.321-0700,61276.203,60.0,True
database\observations\2026-08-24\WASP-2\session_01\WASP-2260824045415.fits,science,WASP-2,2026-08-24,True,,9c62a3ce570df01fb0d1debaa636968f94ce4d27ef57515edeb2c20af5760876,656640,500x650,1.0,243.0,1174.0,3608.0,0.0,WASP-2,2026-08-23T21:54:15.499-0700,61276.204,60.0,True
database\observations\2026-08-24\WASP-2\session_01\WASP-2260824045715.fits,science,WASP-2,2026-08-24,True,,d2b15f5390ffb6a923c4e79c702c4354a41c5806edd0668fdd94486be6181f04,656640,500x650,1.0,241.0,1164.0,3516.0,0.0,WASP-2,2026-08-23T21:57:15.947-0700,61276.206,60.0,True
database\observations\2026-08-24\WASP-2\session_01\WASP-2260824050015.fits,science,WASP-2,2026-08-24,True,,03b8c5dc8a37b828882fa5959835c194214c82c6a7a48fc3c39043d7e98fb002,656640,500x650,1.0,241.0,1169.0,3550.0,0.0,WASP-2,2026-08-23T22:00:15.372-0700,61276.209,60.0,True
database\observations\2026-08-24\WASP-2\session_01\WASP-2260824050316.fits,science,WASP-2,2026-08-24,True,,aa5372e78ea0415f7ecefa43e5b8f2169efc19a05ec7443a68ba56f80410d4f1,656640,500x650,1.0,240.0,1146.0,3632.0,0.0,WASP-2,2026-08-23T22:03:16.712-0700,61276.211,60.0,True
database\observations\2026-08-24\WASP-2\session_01\WASP-2260824050616.fits,science,WASP-2,2026-08-24,True,,66ebf28eb698c501191203c2ee0fb9f9ac2470e4fbcbde44678817cf1ae6ab71,656640,500x650,1.0,0.0,1177.0,4095.0,2.7692307692307694e-05,WASP-2,2026-08-23T22:06:16.030-0700,61276.213,60.0,True
database\observations\2026-08-24\WASP-2\session_01\WASP-2260824050915.fits,science,WASP-2,2026-08-24,True,,6faf1c50c25f6bf90b6d0cb34cdf3f92b2ef5995857bf3f59dbbabc92e5c8fb3,656640,500x650,1.0,239.0,1121.0,3493.0,0.0,WASP-2,2026-08-23T22:09:15.374-0700,61276.215,60.0,True
database\observations\2026-08-24\WASP-2\session_01\WASP-2260824051215.fits,science,WASP-2,2026-08-24,True,,25f82a2e41253a1c28fb9938c76ded6596aab571c609cb1135f85115341162bc,656640,500x650,1.0,239.0,1166.0,3590.0,0.0,WASP-2,2026-08-23T22:12:15.762-0700,61276.217,60.0,True
database\observations\2026-08-24\WASP-2\session_01\WASP-2260824051516.fits,science,WASP-2,2026-08-24,True,,becd43ac1fe131d9ffd4139efcb6d5c35de3f3e7fccdc925d728e715fb447b5f,656640,500x650,1.0,241.0,1197.0,3625.0,0.0,WASP-2,2026-08-23T22:15:16.092-0700,61276.219,60.0,True
database\observations\2026-08-24\WASP-2\session_01\WASP-2260824051815.fits,science,WASP-2,2026-08-24,True,,a6542f61f99c4394d230c79ad47d24a5b5b6dcbbf748707e4716137f8ab63e88,656640,500x650,1.0,244.0,1246.0,3610.0,0.0,WASP-2,2026-08-23T22:18:15.475-0700,61276.221,60.0,True
database\observations\2026-08-24\WASP-2\session_01\WASP-2260824052115.fits,science,WASP-2,2026-08-24,True,,8b69c2b5fc872408e5f20a505274404f817fbfc81f7a0a1c255cc5a2b7b7c166,656640,500x650,1.0,241.0,1148.0,3832.0,0.0,WASP-2,2026-08-23T22:21:15.856-0700,61276.223,60.0,True
database\observations\2026-08-24\WASP-2\session_01\WASP-2260824052415.fits,science,WASP-2,2026-08-24,True,,fe18985804a7602ced41acec84d60541f12dbd93d2de14ac4b314f1ac9e2e55e,656640,500x650,1.0,239.0,1138.0,3597.0,0.0,WASP-2,2026-08-23T22:24:15.159-0700,61276.225,60.0,True
database\observations\2026-08-24\WASP-2\session_01\WASP-2260824052715.fits,science,WASP-2,2026-08-24,True,,02d3ba4d483dfe0ee91d93070fa27cad8c2c6cb39434ad9db270d729704c9964,656640,500x650,1.0,236.0,1081.0,4095.0,1.2307692307692308e-05,WASP-2,2026-08-23T22:27:15.512-0700,61276.227,60.0,True
database\observations\2026-08-24\WASP-2\session_01\WASP-2260824053017.fits,science,WASP-2,2026-08-24,True,,d66a8f388cb1c09233da93bba85456120c7638455544390597dfcaf4834fcd7f,656640,500x650,1.0,236.0,1083.0,4095.0,3.076923076923077e-06,WASP-2,2026-08-23T22:30:17.002-0700,61276.229,60.0,True
database\observations\2026-08-24\WASP-2\session_01\WASP-2260824053316.fits,science,WASP-2,2026-08-24,True,,b3372b32e1dbd088a15f63fc5182c222de66adb0d826dfdf80d6e402530eaee0,656640,500x650,1.0,237.0,1062.0,4095.0,3.076923076923077e-06,WASP-2,2026-08-23T22:33:16.452-0700,61276.231,60.0,True
database\observations\2026-08-24\WASP-2\session_01\WASP-2260824053616.fits,science,WASP-2,2026-08-24,True,,bd0d7d447e110c3d4eb596a4e263f8913cb8a859cfcbf150bbdb3fb291f1f7ca,656640,500x650,1.0,233.0,1044.0,4095.0,1.2307692307692308e-05,WASP-2,2026-08-23T22:36:16.852-0700,61276.234,60.0,True
database\observations\2026-08-24\WASP-2\session_01\WASP-2260824053915.fits,science,WASP-2,2026-08-24,True,,a1c833ba77ec00370382fa4c7717c2ebe6106698df96a3a36810324da1b5c49f,656640,500x650,1.0,233.0,1019.0,4095.0,3.384615384615385e-05,WASP-2,2026-08-23T22:39:15.244-0700,61276.236,60.0,True
database\observations\2026-08-24\WASP-2\session_01\WASP-2260824054216.fits,science,WASP-2,2026-08-24,True,,de12a78fd0f045ebd2be4784ebc6f5c240e523549623f7ddcd18b6f7996cb71a,656640,500x650,1.0,233.0,1023.0,4095.0,2.4615384615384616e-05,WASP-2,2026-08-23T22:42:16.637-0700,61276.238,60.0,True
database\observations\2026-08-24\WASP-2\session_01\WASP-2260824054516.fits,science,WASP-2,2026-08-24,True,,7c79f0b61bea974a420165f1b4cab02e4904ef475f46f2bdb631bde628f32d27,656640,500x650,1.0,231.0,960.0,4095.0,3.076923076923077e-05,WASP-2,2026-08-23T22:45:16.148-0700,61276.24,60.0,True
database\observations\2026-08-24\WASP-2\session_01\WASP-2260824054815.fits,science,WASP-2,2026-08-24,True,,2b98a0fb81ef3b23b7d5103a1ba1627a3eb7b7438fb4c010aad0cb3cb1be8907,656640,500x650,1.0,233.0,989.0,4095.0,6.153846153846154e-06,WASP-2,2026-08-23T22:48:15.409-0700,61276.242,60.0,True
database\observations\2026-08-24\WASP-2\session_01\WASP-2260824055115.fits,science,WASP-2,2026-08-24,True,,9e07aec308f06c18b3237e6c7ac52f08f11a17fb17607e87242ea96ab654c6bc,656640,500x650,1.0,233.0,1007.0,4095.0,2.4615384615384616e-05,WASP-2,2026-08-23T22:51:15.942-0700,61276.244,60.0,True
database\observations\2026-08-24\WASP-2\session_01\WASP-2260824055415.fits,science,WASP-2,2026-08-24,True,,0293d8e1212b0ae965a297e9fa789bafad4d11b37d795c8742b4d938605b3166,656640,500x650,1.0,233.0,1002.0,4095.0,3.076923076923077e-05,WASP-2,2026-08-23T22:54:15.429-0700,61276.246,60.0,True
database\observations\2026-08-24\WASP-2\session_01\WASP-2260824055715.fits,science,WASP-2,2026-08-24,True,,9bd58c318b1fc8cf278d096c9a4d47e18603a602ad3a4bc04a313fffade31af9,656640,500x650,1.0,229.0,981.0,4095.0,4.923076923076923e-05,WASP-2,2026-08-23T22:57:15.770-0700,61276.248,60.0,True
database\observations\2026-08-24\WASP-2\session_01\WASP-2260824060015.fits,science,WASP-2,2026-08-24,True,,9cc8eb4f4385ddae8c4efbb67f9de300195db1a6768008c5e8bfe86408556e66,656640,500x650,1.0,235.0,1015.0,4095.0,4.923076923076923e-05,WASP-2,2026-08-23T23:00:15.198-0700,61276.25,60.0,True
database\observations\2026-08-24\WASP-2\session_01\WASP-2260824060315.fits,science,WASP-2,2026-08-24,True,,8c0c2a41cd216de8dd9193c6fdc9b6dd9253abcb034abdb37546f3c44c03a820,656640,500x650,1.0,246.0,1288.0,3695.0,0.0,WASP-2,2026-08-23T23:03:15.545-0700,61276.252,60.0,True
database\observations\2026-08-24\WASP-2\session_01\WASP-2260824060615.fits,science,WASP-2,2026-08-24,True,,59a660792808c16346d3195714be69e9618b11c0b535f58a4566d207ac5cad92,656640,500x650,1.0,0.0,938.0,4095.0,2.7692307692307694e-05,WASP-2,2026-08-23T23:06:15.900-0700,61276.254,60.0,True
database\observations\2026-08-24\WASP-2\session_01\WASP-2260824060915.fits,science,WASP-2,2026-08-24,True,,984502a04f206ce9e95aa20c4b84ed62443019d7f76d8eb9a55b40ce1ebfdfb4,656640,500x650,1.0,226.0,873.0,3222.0,0.0,WASP-2,2026-08-23T23:09:15.314-0700,61276.256,60.0,True
database\observations\2026-08-24\WASP-2\session_01\WASP-2260824061215.fits,science,WASP-2,2026-08-24,True,,e5be0ef2faea0588676fe827aacab78c78a99f6e1dab58d8d8eddd0aeefb77ca,656640,500x650,1.0,233.0,1001.0,3374.0,0.0,WASP-2,2026-08-23T23:12:15.788-0700,61276.259,60.0,True
database\observations\2026-08-24\WASP-2\session_01\WASP-2260824061516.fits,science,WASP-2,2026-08-24,True,,215f44f763d66888ef56ff5cec56c8b73430be07404d7b79ebb4f99bc9b0033b,656640,500x650,1.0,233.0,1004.0,3447.0,0.0,WASP-2,2026-08-23T23:15:16.138-0700,61276.261,60.0,True
database\observations\2026-08-24\WASP-2\session_01\WASP-2260824061815.fits,science,WASP-2,2026-08-24,True,,8ca9cc969b2436fd69d1dec6a22c966711fb17852ca5677704862d9658a2bd1b,656640,500x650,1.0,234.0,1074.0,3460.0,0.0,WASP-2,2026-08-23T23:18:15.403-0700,61276.263,60.0,True
database\observations\2026-08-24\WASP-2\session_01\WASP-2260824062115.fits,science,WASP-2,2026-08-24,True,,2d4d4e14616850a350884d5f69c0c4de9e0dbcd70bde5e1eba01be21f593f93a,656640,500x650,1.0,241.0,1113.0,3571.0,0.0,WASP-2,2026-08-23T23:21:15.825-0700,61276.265,60.0,True
database\observations\2026-08-24\WASP-2\session_01\WASP-2260824062415.fits,science,WASP-2,2026-08-24,True,,0b1513ebeae162919c12f26693365c5703374ab3237f3382488eab66676bd601,656640,500x650,1.0,239.0,1072.0,3443.0,0.0,WASP-2,2026-08-23T23:24:15.206-0700,61276.267,60.0,True
database\observations\2026-08-24\WASP-2\session_01\WASP-2260824062715.fits,science,WASP-2,2026-08-24,True,,4b64be42852c7910e68239e774231bfb92199c286a21bc0d354262ae6c301fdf,656640,500x650,1.0,223.0,841.0,4095.0,1.2307692307692308e-05,WASP-2,2026-08-23T23:27:15.578-0700,61276.269,60.0,True
database\observations\2026-08-24\WASP-2\session_01\WASP-2260824063016.fits,science,WASP-2,2026-08-24,True,,0934dcc5815dc89fffaff34f9170b69fcd8cca9ad52448e9115c56bb8d7aca7c,656640,500x650,1.0,220.0,774.0,4095.0,1.2307692307692308e-05,WASP-2,2026-08-23T23:30:16.047-0700,61276.271,60.0,True
database\observations\2026-08-24\WASP-2\session_01\WASP-2260824063315.fits,science,WASP-2,2026-08-24,True,,ea3586589015d2f87bc588cc99d65adb8dc365ec7240aefe388450b091953bf8,656640,500x650,1.0,212.0,625.0,4095.0,0.00012307692307692307,WASP-2,2026-08-23T23:33:15.370-0700,61276.273,60.0,True
database\observations\2026-08-24\WASP-2\session_01\WASP-2260824063615.fits,science,WASP-2,2026-08-24,True,,2ee11518c0e039977f831936a6094644f4e8047ca843e7863a2fb3ff01f00814,656640,500x650,1.0,218.0,697.0,4095.0,9.23076923076923e-05,WASP-2,2026-08-23T23:36:15.679-0700,61276.275,60.0,True
database\observations\2026-08-24\WASP-2\session_01\WASP-2260824063916.fits,science,WASP-2,2026-08-24,True,,013a07ed79394dabae36efa2a0b52e0e9cf1256d163fb44b3633a74df9e50840,656640,500x650,1.0,226.0,812.0,4095.0,5.2307692307692306e-05,WASP-2,2026-08-23T23:39:16.023-0700,61276.277,60.0,True
database\observations\2026-08-24\WASP-2\session_01\WASP-2260824064215.fits,science,WASP-2,2026-08-24,True,,0a19a711a2de212f07e09255064e83c9769cf2dcb03b578b48e87858ca2b4d3e,656640,500x650,1.0,224.0,816.0,4095.0,5.2307692307692306e-05,WASP-2,2026-08-23T23:42:15.428-0700,61276.279,60.0,True
database\observations\2026-08-24\WASP-2\session_01\WASP-2260824064516.fits,science,WASP-2,2026-08-24,True,,65d8cf57b557149e5dd25f208726c5832246755ea52be76cf6d5d705cd4a61d2,656640,500x650,1.0,235.0,1009.0,3795.0,0.0,WASP-2,2026-08-23T23:45:16.891-0700,61276.281,60.0,True
database\observations\2026-08-24\WASP-2\session_01\WASP-2260824064815.fits,science,WASP-2,2026-08-24,True,,7af86c089297bbf6c30152c124fa87af15d94a8549d91190d7ce6bc6eb36ca78,656640,500x650,1.0,230.0,907.0,3303.0,0.0,WASP-2,2026-08-23T23:48:15.312-0700,61276.284,60.0,True
database\observations\2026-08-24\WASP-2\session_01\WASP-2260824065115.fits,science,WASP-2,2026-08-24,True,,4b2de863f8384b838e7fbf377d6e956dd6b9a6e118f4990f01927a1f6543a900,656640,500x650,1.0,232.0,971.0,3501.0,0.0,WASP-2,2026-08-23T23:51:15.705-0700,61276.286,60.0,True
database\observations\2026-08-24\WASP-2\session_01\WASP-2260824065416.fits,science,WASP-2,2026-08-24,True,,16f331bdf198411177538d56c88a2c58009877c8a2652d290ed91315210e540f,656640,500x650,1.0,231.0,990.0,3389.0,0.0,WASP-2,2026-08-23T23:54:16.053-0700,61276.288,60.0,True
database\observations\2026-08-24\WASP-2\session_01\WASP-2260824065715.fits,science,WASP-2,2026-08-24,True,,a64335783d51220a54259cee41fa0c5c117721a3c80f0944c2acc06140c86bed,656640,500x650,1.0,230.0,961.0,3534.0,0.0,WASP-2,2026-08-23T23:57:15.424-0700,61276.29,60.0,True
database\observations\2026-08-24\WASP-2\session_01\WASP-2260824070015.fits,science,WASP-2,2026-08-24,True,,6274d284f55a53845f69e392e7298921a1da4f6f0c2e71c3d89e7cb9665a7775,656640,500x650,1.0,234.0,1015.0,3416.0,0.0,WASP-2,2026-08-24T00:00:15.856-0700,61276.292,60.0,True
database\observations\2026-08-24\WASP-2\session_01\WASP-2260824070315.fits,science,WASP-2,2026-08-24,True,,a45ece981ebcd9d9b4fc66ccbe33bec3cd3bf34d672d9178f653ac372dbf5949,656640,500x650,1.0,235.0,1094.0,3502.0,0.0,WASP-2,2026-08-24T00:03:15.326-0700,61276.294,60.0,True
database\observations\2026-08-24\WASP-2\session_01\WASP-2260824070615.fits,science,WASP-2,2026-08-24,True,,06fc7c11311cdc3ebd44bba5e20f4848c9b47d5c4ea6ad1dd5b3132a8e96d703,656640,500x650,1.0,237.0,1027.0,3557.0,0.0,WASP-2,2026-08-24T00:06:15.690-0700,61276.296,60.0,True
database\observations\2026-08-24\WASP-2\session_01\WASP-2260824070916.fits,science,WASP-2,2026-08-24,True,,e9bee074f350082baf2d5af14d4b1eb59836e587230559f7fc798ac6d1c34d54,656640,500x650,1.0,228.0,940.0,3851.0,0.0,WASP-2,2026-08-24T00:09:16.135-0700,61276.298,60.0,True
database\observations\2026-08-24\WASP-2\session_01\WASP-2260824071215.fits,science,WASP-2,2026-08-24,True,,15b384da35714fec0fb829818de9f4d06fda028325523a2be02b77af5e4cbd46,656640,500x650,1.0,234.0,1005.0,4095.0,6.153846153846154e-06,WASP-2,2026-08-24T00:12:15.530-0700,61276.3,60.0,True
database\observations\2026-08-24\WASP-2\session_01\WASP-2260824071515.fits,science,WASP-2,2026-08-24,True,,ef2bf551fa8510eb6d81ad1d73d59f130e28c4ecea16f1e72defffc4a62eb78a,656640,500x650,1.0,223.0,842.0,4095.0,3.384615384615385e-05,WASP-2,2026-08-24T00:15:15.898-0700,61276.302,60.0,True
database\observations\2026-08-24\WASP-2\session_01\WASP-2260824071815.fits,science,WASP-2,2026-08-24,True,,60358fbb01be0b0728b707cecef4716ac54c12106d6d1c680dc6ffc99dcb4fe6,656640,500x650,1.0,218.0,770.0,4095.0,6.461538461538462e-05,WASP-2,2026-08-24T00:18:15.311-0700,61276.304,60.0,True
database\observations\2026-08-24\WASP-2\session_01\WASP-2260824072115.fits,science,WASP-2,2026-08-24,True,,de0bc46b4b04fd5fa95fa8d2f7e6f6fd45fe80e99e5d2305faa08104fe46a613,656640,500x650,1.0,219.0,743.0,4095.0,7.076923076923076e-05,WASP-2,2026-08-24T00:21:15.686-0700,61276.306,60.0,True
database\observations\2026-08-24\WASP-2\session_01\WASP-2260824072416.fits,science,WASP-2,2026-08-24,True,,e4682732b95a193c2a5052bcf277ff846635e93d948b579bbd4feaf3d0e20843,656640,500x650,1.0,213.0,582.0,4095.0,8.923076923076924e-05,WASP-2,2026-08-24T00:24:16.019-0700,61276.309,60.0,True
database\observations\2026-08-24\WASP-2\session_01\WASP-2260824072716.fits,science,WASP-2,2026-08-24,True,,a76f6a462cd7cd56c36921ca5bafd771601058ecf6e9e88ecc0e6ab75885c0dc,656640,500x650,1.0,224.0,827.0,4095.0,5.2307692307692306e-05,WASP-2,2026-08-24T00:27:16.402-0700,61276.311,60.0,True
database\observations\2026-08-24\WASP-2\session_01\WASP-2260824073015.fits,science,WASP-2,2026-08-24,True,,a1ffd4ed5068ef45275ec06679a1b6619a9e8920b08b6e5231243db14a1e177a,656640,500x650,1.0,214.0,617.0,3109.0,0.0,WASP-2,2026-08-24T00:30:15.816-0700,61276.313,60.0,True
database\observations\2026-08-24\WASP-2\session_01\WASP-2260824073315.fits,science,WASP-2,2026-08-24,True,,04ebaa82f5dbbaa0681987e7e5d66104ba1c6e93929af94671d4da500e30e336,656640,500x650,1.0,223.0,824.0,3397.0,0.0,WASP-2,2026-08-24T00:33:15.185-0700,61276.315,60.0,True
database\observations\2026-08-24\WASP-2\session_01\WASP-2260824073615.fits,science,WASP-2,2026-08-24,True,,d7d05324c7c8bb04535f018a7eb159f9e196435ef246db66caac618d693cf4f5,656640,500x650,1.0,230.0,879.0,4095.0,1.2307692307692308e-05,WASP-2,2026-08-24T00:36:15.533-0700,61276.317,60.0,True
database\observations\2026-08-24\WASP-2\session_01\WASP-2260824073915.fits,science,WASP-2,2026-08-24,True,,61e0ca006ae5428663c2c8f6ae802f1f88f69a6a4fc086c363dbf00ef966c501,656640,500x650,1.0,213.0,629.0,4095.0,8.923076923076924e-05,WASP-2,2026-08-24T00:39:15.978-0700,61276.319,60.0,True
database\observations\2026-08-24\WASP-2\session_01\WASP-2260824074215.fits,science,WASP-2,2026-08-24,True,,3750cb0e2cbca72aece5f3795519cbd895d680a1d3acc8fee1ba9763b7605bd5,656640,500x650,1.0,213.0,604.0,4095.0,9.23076923076923e-06,WASP-2,2026-08-24T00:42:15.350-0700,61276.321,60.0,True
database\observations\2026-08-24\WASP-2\session_01\WASP-2260824074515.fits,science,WASP-2,2026-08-24,True,,65b9b380ebd527e066f3efe961e4be3facd28ba6595fa1955e114fba45387975,656640,500x650,1.0,212.0,582.0,4095.0,0.00010153846153846155,WASP-2,2026-08-24T00:45:15.661-0700,61276.323,60.0,True
database\observations\2026-08-24\WASP-2\session_01\WASP-2260824074815.fits,science,WASP-2,2026-08-24,True,,4bb0b0155a8bed54eba59fe8faff4d6ee4144077549160ead7965cd8060a35b1,656640,500x650,1.0,217.0,726.0,3214.0,0.0,WASP-2,2026-08-24T00:48:15.975-0700,61276.325,60.0,True
database\observations\2026-08-24\WASP-2\session_01\WASP-2260824075115.fits,science,WASP-2,2026-08-24,True,,eda1d3847c9d3c48fe0efb942af2377589a1442248d2d009133ac5e2932846de,656640,500x650,1.0,213.0,704.0,4095.0,8.923076923076924e-05,WASP-2,2026-08-24T00:51:15.384-0700,61276.327,60.0,True
database\observations\2026-08-24\WASP-2\session_01\WASP-2260824075416.fits,science,WASP-2,2026-08-24,True,,0bf7d89ed985487ac2e6bb7b714c99c69651ee3958bd212fe7f1abc385751801,656640,500x650,1.0,214.0,658.0,4095.0,9.846153846153846e-05,WASP-2,2026-08-24T00:54:16.831-0700,61276.329,60.0,True
database\observations\2026-08-24\WASP-2\session_01\WASP-2260824075715.fits,science,WASP-2,2026-08-24,True,,a04b51a051e96be0e5a5753c36df623f4bf8759f0cc0cbbd67ddf1fdc7eba816,656640,500x650,1.0,228.0,959.0,3553.0,0.0,WASP-2,2026-08-24T00:57:15.233-0700,61276.331,60.0,True
database\observations\2026-08-24\WASP-2\session_01\WASP-2260824080015.fits,science,WASP-2,2026-08-24,True,,39efa8fe4d7a32f0e860e2c9140804a217ebefa02d22cb869ccb9ac16b706234,656640,500x650,1.0,214.0,608.0,4095.0,0.00011384615384615384,WASP-2,2026-08-24T01:00:15.668-0700,61276.334,60.0,True
database\observations\2026-08-24\WASP-2\session_01\WASP-2260824080316.fits,science,WASP-2,2026-08-24,True,,f728e98dcfa78410bcc13080291be28e0258aac1484d04901f2da6f0eaa09c7a,656640,500x650,1.0,228.0,925.0,3537.0,0.0,WASP-2,2026-08-24T01:03:16.078-0700,61276.336,60.0,True
database\observations\2026-08-24\WASP-2\session_01\WASP-2260824080615.fits,science,WASP-2,2026-08-24,True,,81fcb4a93e105ecbf576546121e581837c46a16ed979181ca7f765287924f6ca,656640,500x650,1.0,219.0,712.0,3198.0,0.0,WASP-2,2026-08-24T01:06:15.465-0700,61276.338,60.0,True
database\observations\2026-08-24\WASP-2\session_01\WASP-2260824080915.fits,science,WASP-2,2026-08-24,True,,813b6886fec5d54de9553997995c41061b3e46aea34aa10d971d2b1e01119f9a,656640,500x650,1.0,212.0,568.0,4095.0,4.615384615384615e-05,WASP-2,2026-08-24T01:09:15.785-0700,61276.34,60.0,True
database\observations\2026-08-24\WASP-2\session_01\WASP-2260824081215.fits,science,WASP-2,2026-08-24,True,,541f26530a3952fba2773de2bee34064ecc40f8ec20960a5969ab4f14cdcb17f,656640,500x650,1.0,213.0,556.0,4095.0,9.538461538461538e-05,WASP-2,2026-08-24T01:12:15.341-0700,61276.342,60.0,True
database\observations\2026-08-24\WASP-2\session_01\WASP-2260824081515.fits,science,WASP-2,2026-08-24,True,,feaba14c5266bc8f6ffd4e0132174e37b8aec9162c0f8bf644462dd84e8e1e86,656640,500x650,1.0,218.0,657.0,4095.0,5.846153846153846e-05,WASP-2,2026-08-24T01:15:15.751-0700,61276.344,60.0,True
database\observations\2026-08-24\WASP-2\session_01\WASP-2260824081816.fits,science,WASP-2,2026-08-24,True,,7ffeeae6a30270439ec887f95139252b4fde2a4d0926eba93ab139f6854f0dad,656640,500x650,1.0,210.0,496.0,4095.0,6.153846153846154e-06,WASP-2,2026-08-24T01:18:16.150-0700,61276.346,60.0,True
database\observations\2026-08-24\WASP-2\session_01\WASP-2260824082115.fits,science,WASP-2,2026-08-24,True,,d16aba829425e2508b030463d33ddd4a4d72eb3dc1165fd780cd14588eebac78,656640,500x650,1.0,206.0,454.0,2983.0,0.0,WASP-2,2026-08-24T01:21:15.538-0700,61276.348,60.0,True
database\observations\2026-08-24\WASP-2\session_01\WASP-2260824082415.fits,science,WASP-2,2026-08-24,True,,77cbb1fe12e847e4846e31685fcec103fa4f2014eec986fbe2431cbe27b26798,656640,500x650,1.0,205.0,447.0,3057.0,0.0,WASP-2,2026-08-24T01:24:15.968-0700,61276.35,60.0,True
database\observations\2026-08-24\WASP-2\session_01\WASP-2260824082715.fits,science,WASP-2,2026-08-24,True,,5c6030c216a2328c3a8f51db8a0927ecb602ce42a9cd6a293d08edf0d42e221c,656640,500x650,1.0,207.0,492.0,2955.0,0.0,WASP-2,2026-08-24T01:27:15.273-0700,61276.352,60.0,True
database\observations\2026-08-24\WASP-2\session_01\WASP-2260824083015.fits,science,WASP-2,2026-08-24,True,,4352e30d03e2fe99257e5181a2d673b695fd6e994a8a55e097c9b14bdc427a1d,656640,500x650,1.0,208.0,466.0,2918.0,0.0,WASP-2,2026-08-24T01:30:15.718-0700,61276.354,60.0,True
database\observations\2026-08-24\WASP-2\session_01\WASP-2260824083316.fits,science,WASP-2,2026-08-24,True,,4f87d5ec53a9a7979ffb433a9a7e970fc7c80761b26433579cb332913906ca48,656640,500x650,1.0,207.0,473.0,2929.0,0.0,WASP-2,2026-08-24T01:33:16.153-0700,61276.356,60.0,True
database\observations\2026-08-24\WASP-2\session_01\WASP-2260824083615.fits,science,WASP-2,2026-08-24,True,,c21bf5187c5bf7663e120098c27bb595f02f8d4bacf41c9129492019121f1a0a,656640,500x650,1.0,208.0,487.0,4095.0,1.2307692307692308e-05,WASP-2,2026-08-24T01:36:15.447-0700,61276.359,60.0,True
database\observations\2026-08-24\WASP-2\session_01\WASP-2260824083916.fits,science,WASP-2,2026-08-24,True,,1dd9467b8af50864d5bc94cbe19e5e5adb1c2f49f0f91519aadccef2ca065afe,656640,500x650,1.0,208.0,491.0,4095.0,5.846153846153846e-05,WASP-2,2026-08-24T01:39:16.874-0700,61276.361,60.0,True
database\observations\2026-08-26\TRES-5\session_01\TRES-5260826064446.fits,science,TRES-5,2026-08-26,True,,88fcc18d6d1964cc8c1cf6ac5eff2355fdece8596a38b33c4e148afc35e08f2f,656640,500x650,1.0,209.0,530.0,4095.0,5.2307692307692306e-05,TRES-5,2026-08-25T23:44:46.938-0700,61278.281,60.0,True
database\observations\2026-08-26\TRES-5\session_01\TRES-5260826064630.fits,science,TRES-5,2026-08-26,True,,a6d801171e67a58a7785597b07886d05eb84b6957f5bedf7b1d03cc4bf1c9a33,656640,500x650,1.0,209.0,530.0,4095.0,5.2307692307692306e-05,TRES-5,2026-08-25T23:46:30.182-0700,61278.282,60.0,True
database\observations\2026-08-26\TRES-5\session_01\TRES-5260826064815.fits,science,TRES-5,2026-08-26,True,,71d1416ba06a9696a9649a36fff7a733d956f24dcaa4a5b0036df0003ec80f10,656640,500x650,1.0,210.0,529.0,4095.0,4.307692307692308e-05,TRES-5,2026-08-25T23:48:15.285-0700,61278.284,60.0,True
database\observations\2026-08-26\TRES-5\session_01\TRES-5260826065116.fits,science,TRES-5,2026-08-26,True,,2eae3ece10976137b4a3278a3e7a76f4382dda2b199aefce857890f1953ae6b6,656640,500x650,1.0,210.0,528.0,4095.0,4.307692307692308e-05,TRES-5,2026-08-25T23:51:16.826-0700,61278.286,60.0,True
database\observations\2026-08-26\TRES-5\session_01\TRES-5260826065416.fits,science,TRES-5,2026-08-26,True,,b2abff6841d1a0d6821b58f9cc65394e00cbe101ab8df42425592cb58bc2dc89,656640,500x650,1.0,210.0,529.0,4095.0,5.538461538461539e-05,TRES-5,2026-08-25T23:54:16.151-0700,61278.288,60.0,True
database\observations\2026-08-26\TRES-5\session_01\TRES-5260826065715.fits,science,TRES-5,2026-08-26,True,,25a4510ae988fac0734f2785197ca526f88b244c3146cf3549b5622774f6298c,656640,500x650,1.0,209.0,530.0,4095.0,5.846153846153846e-05,TRES-5,2026-08-25T23:57:15.561-0700,61278.29,60.0,True
database\observations\2026-08-26\TRES-5\session_01\TRES-5260826070015.fits,science,TRES-5,2026-08-26,True,,ae8837995271fbafffa7013497fbd93e966ef4bdadb2ba1f550cc6fb3f01962e,656640,500x650,1.0,207.0,530.0,4095.0,5.2307692307692306e-05,TRES-5,2026-08-26T00:00:15.915-0700,61278.292,60.0,True
database\observations\2026-08-26\TRES-5\session_01\TRES-5260826070315.fits,science,TRES-5,2026-08-26,True,,1ba58c6ba566726b57cfb621d67cb0284de2e85f81a9114bd516dd294cec6f8c,656640,500x650,1.0,209.0,530.0,4095.0,6.76923076923077e-05,TRES-5,2026-08-26T00:03:15.462-0700,61278.294,60.0,True
database\observations\2026-08-26\TRES-5\session_01\TRES-5260826070615.fits,science,TRES-5,2026-08-26,True,,26c8528b079a332870f8246e5c971ebf4df2c74e368069acfc32547a85c8af6d,656640,500x650,1.0,210.0,532.0,4095.0,4.307692307692308e-05,TRES-5,2026-08-26T00:06:15.907-0700,61278.296,60.0,True
database\observations\2026-08-26\TRES-5\session_01\TRES-5260826070915.fits,science,TRES-5,2026-08-26,True,,ab5f30d8fc5c400a3b216aaad88e9500624aba73d4a1f5f7e65bb4e747c807e6,656640,500x650,1.0,209.0,532.0,4095.0,5.538461538461539e-05,TRES-5,2026-08-26T00:09:15.178-0700,61278.298,60.0,True
database\observations\2026-08-26\TRES-5\session_01\TRES-5260826071215.fits,science,TRES-5,2026-08-26,True,,f12a58856111ce198a0a1eca949bc3ab47f627c148732fcbbdde50b81f14fa4e,656640,500x650,1.0,208.0,532.0,4095.0,6.461538461538462e-05,TRES-5,2026-08-26T00:12:15.486-0700,61278.3,60.0,True
database\observations\2026-08-26\TRES-5\session_01\TRES-5260826071516.fits,science,TRES-5,2026-08-26,True,,e36a4c7278fa0045adc3dcf98e54b3426ebb37a581ba7c3186fbfae0ecbf89f2,656640,500x650,1.0,210.0,532.0,4095.0,4.923076923076923e-05,TRES-5,2026-08-26T00:15:16.786-0700,61278.302,60.0,True
database\observations\2026-08-26\TRES-5\session_01\TRES-5260826071816.fits,science,TRES-5,2026-08-26,True,,d39cc3e132d607e05536815ff4bcc4f06a0773f2f0a9e91f42e680e84216b5a7,656640,500x650,1.0,207.0,532.0,4095.0,7.076923076923076e-05,TRES-5,2026-08-26T00:18:16.058-0700,61278.304,60.0,True
database\observations\2026-08-26\TRES-5\session_01\TRES-5260826072115.fits,science,TRES-5,2026-08-26,True,,45dcf8e48d87214e671ef5ee64941b188e34a8e7f7841cd1e1e802725a54491c,656640,500x650,1.0,210.0,533.0,4095.0,6.461538461538462e-05,TRES-5,2026-08-26T00:21:15.402-0700,61278.306,60.0,True
database\observations\2026-08-26\TRES-5\session_01\TRES-5260826072415.fits,science,TRES-5,2026-08-26,True,,393ecc4f0d549f86115acce2e761afb86191e8ccdc95300cfad63c413d11a19d,656640,500x650,1.0,210.0,533.0,4095.0,4.923076923076923e-05,TRES-5,2026-08-26T00:24:15.946-0700,61278.309,60.0,True
database\observations\2026-08-26\TRES-5\session_01\TRES-5260826072716.fits,science,TRES-5,2026-08-26,True,,8e49220b2227e107d07f6875aa1009cce6e4fa87887c93a923e480a0642c9c37,656640,500x650,1.0,209.0,534.0,4095.0,5.538461538461539e-05,TRES-5,2026-08-26T00:27:16.276-0700,61278.311,60.0,True
database\observations\2026-08-26\TRES-5\session_01\TRES-5260826073016.fits,science,TRES-5,2026-08-26,True,,776f3fa18d2c7f0b20e66d3892e4e77467554c373443d6f673a00e0a0c72fa3c,656640,500x650,1.0,210.0,534.0,4095.0,5.846153846153846e-05,TRES-5,2026-08-26T00:30:16.840-0700,61278.313,60.0,True
database\observations\2026-08-26\TRES-5\session_01\TRES-5260826073315.fits,science,TRES-5,2026-08-26,True,,3aada1650d0c8b4e5a2ce7387e3befd79708df7eef0d320cc0c2c5e11711b288,656640,500x650,1.0,209.0,534.0,4095.0,5.2307692307692306e-05,TRES-5,2026-08-26T00:33:15.153-0700,61278.315,60.0,True
database\observations\2026-08-26\TRES-5\session_01\TRES-5260826073615.fits,science,TRES-5,2026-08-26,True,,32354337674a1914fd7847c329711f98221f49abc73ce6b8c9b0a50c76f65e82,656640,500x650,1.0,209.0,532.0,4095.0,6.461538461538462e-05,TRES-5,2026-08-26T00:36:15.494-0700,61278.317,60.0,True
database\observations\2026-08-26\TRES-5\session_01\TRES-5260826073915.fits,science,TRES-5,2026-08-26,True,,79e28768e9948f20d1930a3299a64a98872e562cefbe6af7e52626ac8e312014,656640,500x650,1.0,208.0,532.0,4095.0,5.846153846153846e-05,TRES-5,2026-08-26T00:39:15.966-0700,61278.319,60.0,True
database\observations\2026-08-26\TRES-5\session_01\TRES-5260826074215.fits,science,TRES-5,2026-08-26,True,,e204113dca421041457188efa987cfc02382d1f849bedf95d2d35d7b69f6dad1,656640,500x650,1.0,210.0,532.0,4095.0,6.153846153846154e-05,TRES-5,2026-08-26T00:42:15.489-0700,61278.321,60.0,True
database\observations\2026-08-26\TRES-5\session_01\TRES-5260826074516.fits,science,TRES-5,2026-08-26,True,,c3115a1f90d1b6dd3aac639f015774e654b77fdf613a1278a993a0499e5b6fbe,656640,500x650,1.0,209.0,532.0,4095.0,6.76923076923077e-05,TRES-5,2026-08-26T00:45:16.822-0700,61278.323,60.0,True
database\observations\2026-08-26\TRES-5\session_01\TRES-5260826074815.fits,science,TRES-5,2026-08-26,True,,83cd0d05a06d6bee65d240d70d9cdc7053e0296b0c850f3378de85c4e0d9daaf,656640,500x650,1.0,209.0,533.0,4095.0,6.461538461538462e-05,TRES-5,2026-08-26T00:48:15.159-0700,61278.325,60.0,True
database\observations\2026-08-26\TRES-5\session_01\TRES-5260826075115.fits,science,TRES-5,2026-08-26,True,,91443bfc8b13f3e6bca5e6261b6137015534258783dd541114ab28c2ac8abaea,656640,500x650,1.0,209.0,531.0,4095.0,5.538461538461539e-05,TRES-5,2026-08-26T00:51:15.531-0700,61278.327,60.0,True
database\observations\2026-08-26\TRES-5\session_01\TRES-5260826075416.fits,science,TRES-5,2026-08-26,True,,fe85d26c67185c2abc6dcb82d6e5ff5c7b205371a5b965fd2372b8e4d3125d1a,656640,500x650,1.0,210.0,532.0,4095.0,5.846153846153846e-05,TRES-5,2026-08-26T00:54:16.985-0700,61278.329,60.0,True
database\observations\2026-08-26\TRES-5\session_01\TRES-5260826075716.fits,science,TRES-5,2026-08-26,True,,50bac26ca3577618aec83e2c25ef3621fd17e52ca5911a7d635ad4f94385eebc,656640,500x650,1.0,210.0,533.0,4095.0,5.846153846153846e-05,TRES-5,2026-08-26T00:57:16.437-0700,61278.331,60.0,True
database\observations\2026-08-26\TRES-5\session_01\TRES-5260826080015.fits,science,TRES-5,2026-08-26,True,,960430dac5efe0a0c324f0fb95e725f2f96f47f495d2ec601a5d8239c04ad570,656640,500x650,1.0,221.0,534.0,4095.0,6.153846153846154e-05,TRES-5,2026-08-26T01:00:15.998-0700,61278.334,60.0,True
database\observations\2026-08-26\TRES-5\session_01\TRES-5260826080315.fits,science,TRES-5,2026-08-26,True,,4ec28def4af89f2403b1e91656a0f31fab9882ac0ac52a2657ca8510df9bb55d,656640,500x650,1.0,209.0,534.0,4095.0,6.76923076923077e-05,TRES-5,2026-08-26T01:03:15.405-0700,61278.336,60.0,True
database\observations\2026-08-26\TRES-5\session_01\TRES-5260826080615.fits,science,TRES-5,2026-08-26,True,,e7379339ea4a889b2d458fd3cf83d210cbd89441dc9219fafc1a86bbb41eac5e,656640,500x650,1.0,210.0,534.0,4095.0,7.076923076923076e-05,TRES-5,2026-08-26T01:06:15.786-0700,61278.338,60.0,True
database\observations\2026-08-26\TRES-5\session_01\TRES-5260826080916.fits,science,TRES-5,2026-08-26,True,,a05d07f5246081e7cf618c94325b0094ab31043306af0a61ad937c915e153f4e,656640,500x650,1.0,209.0,534.0,4095.0,4.923076923076923e-05,TRES-5,2026-08-26T01:09:16.034-0700,61278.34,60.0,True
database\observations\2026-08-26\TRES-5\session_01\TRES-5260826081215.fits,science,TRES-5,2026-08-26,True,,56f5272d686902f561ffa8bcfb4c8176bd37b754c136463b7a24c535f17be5b5,656640,500x650,1.0,207.0,535.0,4095.0,5.2307692307692306e-05,TRES-5,2026-08-26T01:12:15.515-0700,61278.342,60.0,True
database\observations\2026-08-26\TRES-5\session_01\TRES-5260826081516.fits,science,TRES-5,2026-08-26,True,,0473531b0c52c6cdf4ba2789a218354d39005aae2cfe11fd1da25c69971fb623,656640,500x650,1.0,209.0,536.0,4095.0,6.76923076923077e-05,TRES-5,2026-08-26T01:15:16.870-0700,61278.344,60.0,True
database\observations\2026-08-26\TRES-5\session_01\TRES-5260826081815.fits,science,TRES-5,2026-08-26,True,,e61afc7be6f04b83bda11fc9ff859d262da3c21e84fad993215d24309fa26e1b,656640,500x650,1.0,209.0,536.0,4095.0,5.538461538461539e-05,TRES-5,2026-08-26T01:18:15.252-0700,61278.346,60.0,True
database\observations\2026-08-26\TRES-5\session_01\TRES-5260826082115.fits,science,TRES-5,2026-08-26,True,,186d7297312be21529a754296074f98ec944910d236164500a85e48e79337545,656640,500x650,1.0,209.0,536.0,4095.0,5.538461538461539e-05,TRES-5,2026-08-26T01:21:15.808-0700,61278.348,60.0,True
database\observations\2026-08-26\TRES-5\session_01\TRES-5260826082415.fits,science,TRES-5,2026-08-26,True,,a2f88b11f9900243227dcb9db70aa2b505ceab0fc0ebdf99ed069a347cbed102,656640,500x650,1.0,208.0,535.0,4095.0,6.461538461538462e-05,TRES-5,2026-08-26T01:24:15.183-0700,61278.35,60.0,True
database\observations\2026-08-26\TRES-5\session_01\TRES-5260826082715.fits,science,TRES-5,2026-08-26,True,,306601b42a7388f6c7e4c6be0ae2bc105a83530df760ffc86f030c42aa6f6a1a,656640,500x650,1.0,209.0,536.0,4095.0,5.846153846153846e-05,TRES-5,2026-08-26T01:27:15.586-0700,61278.352,60.0,True
database\observations\2026-08-26\TRES-5\session_01\TRES-5260826083015.fits,science,TRES-5,2026-08-26,True,,95e168703d664d0987202fa5b506f46e171f9bb80dec1cdf4bfb952f1416752c,656640,500x650,1.0,209.0,535.0,4095.0,5.846153846153846e-05,TRES-5,2026-08-26T01:30:15.930-0700,61278.354,60.0,True
database\observations\2026-08-26\TRES-5\session_01\TRES-5260826083316.fits,science,TRES-5,2026-08-26,True,,271e49d20b94babad41982fb5a17d8da7f53c219d3a02864be07a4e4a37e635c,656640,500x650,1.0,209.0,534.0,4095.0,6.461538461538462e-05,TRES-5,2026-08-26T01:33:16.321-0700,61278.356,60.0,True
database\observations\2026-08-26\TRES-5\session_01\TRES-5260826083616.fits,science,TRES-5,2026-08-26,True,,dd3d50078ebde0c31ca7518c9e4b48f9779392e47272da4d24f4964f66afd9fc,656640,500x650,1.0,209.0,534.0,4095.0,4e-05,TRES-5,2026-08-26T01:36:16.690-0700,61278.359,60.0,True
database\observations\2026-08-26\TRES-5\session_01\TRES-5260826083915.fits,science,TRES-5,2026-08-26,True,,6db9856758950e17c704b02568dbe0ae2a302616fa973ddcaa4c555e113241f5,656640,500x650,1.0,209.0,534.0,4095.0,5.846153846153846e-05,TRES-5,2026-08-26T01:39:15.949-0700,61278.361,60.0,True
database\observations\2026-08-26\TRES-5\session_01\TRES-5260826084215.fits,science,TRES-5,2026-08-26,True,,82b8ef3d4f35bbcedc072026ba356ce7f8cc50c9bb92ab5b21aa72102cf6c072,656640,500x650,1.0,209.0,533.0,4095.0,5.538461538461539e-05,TRES-5,2026-08-26T01:42:15.381-0700,61278.363,60.0,True
database\observations\2026-08-26\TRES-5\session_01\TRES-5260826084515.fits,science,TRES-5,2026-08-26,True,,a1a7cb32a777cb448539bfaf2b82ef6bc9ec4544db1beb76c7eeb0d69c7274bb,656640,500x650,1.0,209.0,532.0,4095.0,4.923076923076923e-05,TRES-5,2026-08-26T01:45:15.749-0700,61278.365,60.0,True
database\observations\2026-08-26\TRES-5\session_01\TRES-5260826084816.fits,science,TRES-5,2026-08-26,True,,5cd9b1dcf083f8f8560c65f4e6b718b6359ec4b6ddc7b0d63e407aa44236ea31,656640,500x650,1.0,208.0,533.0,4095.0,5.538461538461539e-05,TRES-5,2026-08-26T01:48:16.157-0700,61278.367,60.0,True
database\observations\2026-08-26\TRES-5\session_01\TRES-5260826085116.fits,science,TRES-5,2026-08-26,True,,b62971514ef13f2c104b887ec3e0b4396e3077bae87a6cf9f1df7bde79bf9ddd,656640,500x650,1.0,209.0,533.0,4095.0,4.923076923076923e-05,TRES-5,2026-08-26T01:51:16.477-0700,61278.369,60.0,True
database\observations\2026-08-26\TRES-5\session_01\TRES-5260826085417.fits,science,TRES-5,2026-08-26,True,,dcb366f6201aa439eede439e0216a9af72baa4b321ca9d78d346b02ca9f286c7,656640,500x650,1.0,209.0,532.0,4095.0,6.153846153846154e-05,TRES-5,2026-08-26T01:54:17.089-0700,61278.371,60.0,True
database\observations\2026-08-26\TRES-5\session_01\TRES-5260826085715.fits,science,TRES-5,2026-08-26,True,,f7ed29ac9661f48de5f0b2559c222929bf33b7000ce4bb32125c6e05ca6abff9,656640,500x650,1.0,211.0,533.0,4095.0,5.2307692307692306e-05,TRES-5,2026-08-26T01:57:15.521-0700,61278.373,60.0,True
database\observations\2026-08-26\TRES-5\session_01\TRES-5260826090015.fits,science,TRES-5,2026-08-26,True,,339df52508430bac77dea0fb9b2c37becf62c8ffdd04cd6356f45e5596a85937,656640,500x650,1.0,208.0,533.0,4095.0,4.615384615384615e-05,TRES-5,2026-08-26T02:00:15.978-0700,61278.375,60.0,True
database\observations\2026-08-26\TRES-5\session_01\TRES-5260826090315.fits,science,TRES-5,2026-08-26,True,,fb263bba8b91f8e7d0850079f49d43199c31945e5da192db2cf4dcc7278934cf,656640,500x650,1.0,210.0,533.0,4095.0,6.461538461538462e-05,TRES-5,2026-08-26T02:03:15.330-0700,61278.377,60.0,True
database\observations\2026-08-26\TRES-5\session_01\TRES-5260826090615.fits,science,TRES-5,2026-08-26,True,,79dfdcc30ff6d2aa63a702b247799d6120554ae113b421e12abbb7473a024dd1,656640,500x650,1.0,210.0,533.0,4095.0,6.461538461538462e-05,TRES-5,2026-08-26T02:06:15.712-0700,61278.379,60.0,True
database\observations\2026-08-26\TRES-5\session_01\TRES-5260826090916.fits,science,TRES-5,2026-08-26,True,,efc63d1f315dfbfc1765e6de160c7c53e6271c78afd8b774e3b3ff9254d36ce6,656640,500x650,1.0,211.0,534.0,4095.0,5.846153846153846e-05,TRES-5,2026-08-26T02:09:16.026-0700,61278.381,60.0,True
database\observations\2026-08-26\TRES-5\session_01\TRES-5260826091215.fits,science,TRES-5,2026-08-26,True,,8cc7295846e98ebe04f48f3cd8fd5071aee3f48be901aeb8689f278db9457350,656640,500x650,1.0,209.0,533.0,4095.0,4.307692307692308e-05,TRES-5,2026-08-26T02:12:15.469-0700,61278.384,60.0,True
database\observations\2026-08-26\TRES-5\session_01\TRES-5260826091515.fits,science,TRES-5,2026-08-26,True,,9b3f75d3c915ee4a5d08bedac5b5a43afff01213b13d3d755abe0ae1f563c780,656640,500x650,1.0,209.0,534.0,4095.0,4.307692307692308e-05,TRES-5,2026-08-26T02:15:15.843-0700,61278.386,60.0,True
database\observations\2026-08-26\TRES-5\session_01\TRES-5260826091815.fits,science,TRES-5,2026-08-26,True,,fa7e36e5dc12c3585afc0d4d525e8aa314b0864e9399afe081d7a3ce7875dced,656640,500x650,1.0,210.0,533.0,4095.0,5.538461538461539e-05,TRES-5,2026-08-26T02:18:15.335-0700,61278.388,60.0,True
database\observations\2026-08-26\TRES-5\session_01\TRES-5260826092115.fits,science,TRES-5,2026-08-26,True,,cbcd6665fb44ed858ddea8f28ed5a1411baecd4f76d4f0e4904cd45e04dc0b89,656640,500x650,1.0,211.0,533.0,4095.0,6.76923076923077e-05,TRES-5,2026-08-26T02:21:15.647-0700,61278.39,60.0,True
database\observations\2026-08-26\TRES-5\session_01\TRES-5260826092415.fits,science,TRES-5,2026-08-26,True,,398586345d64f594476b90d90023dda2761494e02324c5804e2d114f43e43715,656640,500x650,1.0,210.0,533.0,4095.0,4.923076923076923e-05,TRES-5,2026-08-26T02:24:15.181-0700,61278.392,60.0,True
database\observations\2026-08-26\TRES-5\session_01\TRES-5260826092715.fits,science,TRES-5,2026-08-26,True,,0a64fd1719d54ba335f4fbe4a3396bc1ef8625cca869481e7d459e5eb64f532c,656640,500x650,1.0,208.0,532.0,4095.0,6.461538461538462e-05,TRES-5,2026-08-26T02:27:15.488-0700,61278.394,60.0,True
database\observations\2026-08-26\TRES-5\session_01\TRES-5260826093016.fits,science,TRES-5,2026-08-26,True,,6932fbee0af251ae674e56a95b2275e3df9a8febb666532281a3a5fef9bbd027,656640,500x650,1.0,209.0,532.0,4095.0,5.538461538461539e-05,TRES-5,2026-08-26T02:30:16.947-0700,61278.396,60.0,True
database\observations\2026-08-26\TRES-5\session_01\TRES-5260826093315.fits,science,TRES-5,2026-08-26,True,,c017c1624836439814c5abc8a40adae9ce426f242155100ec9a9cdbe5a6ff23c,656640,500x650,1.0,208.0,531.0,4095.0,6.153846153846154e-05,TRES-5,2026-08-26T02:33:15.303-0700,61278.398,60.0,True
database\observations\2026-08-26\TRES-5\session_01\TRES-5260826093615.fits,science,TRES-5,2026-08-26,True,,29396c0de4d35b7675fc3707ccbe431726e2883992cede2f6ecbae4f088e4224,656640,500x650,1.0,209.0,532.0,4095.0,5.538461538461539e-05,TRES-5,2026-08-26T02:36:15.700-0700,61278.4,60.0,True
database\observations\2026-08-26\TRES-5\session_01\TRES-5260826093916.fits,science,TRES-5,2026-08-26,True,,6e7ee9744950571535a8e8c1b331cd4c0ee65c283fbe5ecbf3063bc772ab9a6f,656640,500x650,1.0,208.0,532.0,4095.0,4.923076923076923e-05,TRES-5,2026-08-26T02:39:16.030-0700,61278.402,60.0,True
database\observations\2026-08-26\TRES-5\session_01\TRES-5260826094215.fits,science,TRES-5,2026-08-26,True,,fb9cb9a53c9b5903f84e612ae166bb7a53efae403c652759018d573e19ea3166,656640,500x650,1.0,209.0,531.0,4095.0,4.923076923076923e-05,TRES-5,2026-08-26T02:42:15.461-0700,61278.404,60.0,True
database\observations\2026-08-26\TRES-5\session_01\TRES-5260826094515.fits,science,TRES-5,2026-08-26,True,,58f5b10af2be591483f06bae0664ba21d4ad8823e7d0c710c3a6a6ee2a5adeb3,656640,500x650,1.0,207.0,531.0,4095.0,5.538461538461539e-05,TRES-5,2026-08-26T02:45:15.817-0700,61278.406,60.0,True
database\observations\2026-08-26\TRES-5\session_01\TRES-5260826094816.fits,science,TRES-5,2026-08-26,True,,78ba8aa9043ccb9d05b10645a0c5f98aadce1d3f4bde65ec1196e5530d729cf8,656640,500x650,1.0,208.0,531.0,4095.0,5.538461538461539e-05,TRES-5,2026-08-26T02:48:16.183-0700,61278.409,60.0,True
database\observations\2026-08-26\TRES-5\session_01\TRES-5260826095115.fits,science,TRES-5,2026-08-26,True,,0ba2ec2faadd2f39efdaa1465fa5267672cf8551f921750486b34c6aba33a9ca,656640,500x650,1.0,208.0,531.0,4095.0,4.923076923076923e-05,TRES-5,2026-08-26T02:51:15.537-0700,61278.411,60.0,True
database\observations\2026-08-26\TRES-5\session_01\TRES-5260826095415.fits,science,TRES-5,2026-08-26,True,,829bb08fb44a70c19205e5c8a3d1edaf7dc1c42c328f426ccbe4d5efe23729d9,656640,500x650,1.0,209.0,530.0,4095.0,4.615384615384615e-05,TRES-5,2026-08-26T02:54:15.968-0700,61278.413,60.0,True
database\observations\2026-08-26\TRES-5\session_01\TRES-5260826095715.fits,science,TRES-5,2026-08-26,True,,a0d03624017e96ce75e46be446d8b4376420f59d7ab2bcf5b047110aab32299f,656640,500x650,1.0,207.0,531.0,4095.0,4.615384615384615e-05,TRES-5,2026-08-26T02:57:15.334-0700,61278.415,60.0,True
database\observations\2026-08-26\TRES-5\session_01\TRES-5260826100015.fits,science,TRES-5,2026-08-26,True,,b4b1638e18a4670a516a89841ccb7405d5251d8350398c8df640fa9073ce3f60,656640,500x650,1.0,209.0,530.0,4095.0,4.615384615384615e-05,TRES-5,2026-08-26T03:00:15.755-0700,61278.417,60.0,True
database\observations\2026-08-26\TRES-5\session_01\TRES-5260826100315.fits,science,TRES-5,2026-08-26,True,,d9a160dad98042b9ca2d5573d262b7ac91823f5d088d123ea10c3f36a548cce0,656640,500x650,1.0,210.0,530.0,4095.0,5.2307692307692306e-05,TRES-5,2026-08-26T03:03:15.142-0700,61278.419,60.0,True
database\observations\2026-08-26\TRES-5\session_01\TRES-5260826100615.fits,science,TRES-5,2026-08-26,True,,e12966a6d58684c04af468fff6fdb7e336247a0fc7c7575a8df3baa30558a55a,656640,500x650,1.0,209.0,529.0,4095.0,5.538461538461539e-05,TRES-5,2026-08-26T03:06:15.497-0700,61278.421,60.0,True
database\observations\2026-08-26\TRES-5\session_01\TRES-5260826100915.fits,science,TRES-5,2026-08-26,True,,b2e2d5b3cdcb54ff3cf6957fc1567cf0437d404270287d3de45229f24f885a6c,656640,500x650,1.0,209.0,529.0,4095.0,5.846153846153846e-05,TRES-5,2026-08-26T03:09:15.880-0700,61278.423,60.0,True
database\observations\2026-08-26\TRES-5\session_01\TRES-5260826101215.fits,science,TRES-5,2026-08-26,True,,385a13b1ca136f04d5828acda0e83d4433c0b428b227f807e7b690ad77069197,656640,500x650,1.0,209.0,528.0,4095.0,5.538461538461539e-05,TRES-5,2026-08-26T03:12:15.321-0700,61278.425,60.0,True
database\observations\2026-08-26\TRES-5\session_01\TRES-5260826101516.fits,science,TRES-5,2026-08-26,True,,2e9597b17145a1349ca7048ed76b4a5c60e871dbd912252db011f926ecf10102,656640,500x650,1.0,209.0,526.0,4095.0,6.461538461538462e-05,TRES-5,2026-08-26T03:15:16.712-0700,61278.427,60.0,True
database\observations\2026-08-26\TRES-5\session_01\TRES-5260826101817.fits,science,TRES-5,2026-08-26,True,,ae7e516a4df49f93df4b503c6aac8481247c3ea0ee5e05c48b9aadd2367057eb,656640,500x650,1.0,208.0,525.0,4095.0,6.153846153846154e-05,TRES-5,2026-08-26T03:18:17.153-0700,61278.429,60.0,True
database\observations\2026-08-26\TRES-5\session_01\TRES-5260826102115.fits,science,TRES-5,2026-08-26,True,,8c593b153f43efdc0c1e132b753fd83750d81ab10b0bdefaa73c967c8bf364e3,656640,500x650,1.0,210.0,524.0,4095.0,5.846153846153846e-05,TRES-5,2026-08-26T03:21:15.525-0700,61278.431,60.0,True
database\observations\2026-08-27\TRES-3\session_01\TRES-3260827053937.fits,science,TRES-3,2026-08-27,True,,1e0d13d40c4c9a5013a6ce357657a32e49430db1476e00021683f383872d96a9,656640,500x650,1.0,210.0,582.0,4095.0,8.307692307692307e-05,TRES-3,2026-08-26T22:39:37.519-0700,61279.236,60.0,True
database\observations\2026-08-27\TRES-3\session_01\TRES-3260827054215.fits,science,TRES-3,2026-08-27,True,,c230621d2e508e11a0dec4634b5dc58a6160ee173b58ee40fdfe979f0c563bf5,656640,500x650,1.0,211.0,584.0,4095.0,9.23076923076923e-05,TRES-3,2026-08-26T22:42:15.162-0700,61279.238,60.0,True
database\observations\2026-08-27\TRES-3\session_01\TRES-3260827054515.fits,science,TRES-3,2026-08-27,True,,91520419df933f2dc3a7b0a4f0e8f5cca59aa5a797d8744584e6ba5b5d1609f0,656640,500x650,1.0,209.0,588.0,4095.0,8.923076923076924e-05,TRES-3,2026-08-26T22:45:15.673-0700,61279.24,60.0,True
database\observations\2026-08-27\TRES-3\session_01\TRES-3260827054816.fits,science,TRES-3,2026-08-27,True,,f3a8737853f944689a1b01a026d098ce56c0bae1172968c59a542bf042ebfc6d,656640,500x650,1.0,209.0,589.0,4095.0,9.23076923076923e-05,TRES-3,2026-08-26T22:48:16.323-0700,61279.242,60.0,True
database\observations\2026-08-27\TRES-3\session_01\TRES-3260827055115.fits,science,TRES-3,2026-08-27,True,,a97b43215e1c331ee517f2aa371ced78faa1f7c86fde356dded319d5473b10b6,656640,500x650,1.0,210.0,589.0,4095.0,8.615384615384615e-05,TRES-3,2026-08-26T22:51:15.888-0700,61279.244,60.0,True
database\observations\2026-08-27\TRES-3\session_01\TRES-3260827055415.fits,science,TRES-3,2026-08-27,True,,7273c77d97ba9dff7b8c2b6bddcdd51139ba4ee8e685ad6c399fbe4dbfb8d4f2,656640,500x650,1.0,213.0,623.0,4095.0,5.538461538461539e-05,TRES-3,2026-08-26T22:54:15.483-0700,61279.246,60.0,True
database\observations\2026-08-27\TRES-3\session_01\TRES-3260827055716.fits,science,TRES-3,2026-08-27,True,,fb2c10a30f75ba82564bbeb428239c580231d43b9a77f73638111e8234ceb24a,656640,500x650,1.0,210.0,600.0,4095.0,7.384615384615384e-05,TRES-3,2026-08-26T22:57:16.044-0700,61279.248,60.0,True
database\observations\2026-08-27\TRES-3\session_01\TRES-3260827060015.fits,science,TRES-3,2026-08-27,True,,5237c279621e0cbb56f42b9ac8f0f5e1c032e5a1233d4bc9c050677f49ca6678,656640,500x650,1.0,210.0,600.0,4095.0,0.00010153846153846155,TRES-3,2026-08-26T23:00:15.701-0700,61279.25,60.0,True
database\observations\2026-08-27\TRES-3\session_01\TRES-3260827060315.fits,science,TRES-3,2026-08-27,True,,dbd3ee23d55f82acb3a9e1d35e0baf6b3fdb5ce380a4a791632ced64585bde7d,656640,500x650,1.0,209.0,614.0,4095.0,8e-05,TRES-3,2026-08-26T23:03:15.336-0700,61279.252,60.0,True
database\observations\2026-08-27\TRES-3\session_01\TRES-3260827060616.fits,science,TRES-3,2026-08-27,True,,c507d07a08ca5f38237c204c138298a5690960640400a9558068da0f48fe8c5b,656640,500x650,1.0,214.0,649.0,4095.0,6.461538461538462e-05,TRES-3,2026-08-26T23:06:16.031-0700,61279.254,60.0,True
database\observations\2026-08-27\TRES-3\session_01\TRES-3260827060915.fits,science,TRES-3,2026-08-27,True,,2c6cc2b7b18645d19dc95f0e579767c4e5b5ee83c8c1180fa622c958eb5234eb,656640,500x650,1.0,212.0,631.0,4095.0,5.846153846153846e-05,TRES-3,2026-08-26T23:09:15.504-0700,61279.256,60.0,True
database\observations\2026-08-27\TRES-3\session_01\TRES-3260827061215.fits,science,TRES-3,2026-08-27,True,,db158c7dcd8e6ff0185504f401095a8a5c99ba906c5487e5baf92cbc93cb9b12,656640,500x650,1.0,212.0,654.0,4095.0,8e-05,TRES-3,2026-08-26T23:12:15.171-0700,61279.259,60.0,True
database\observations\2026-08-27\TRES-3\session_01\TRES-3260827061515.fits,science,TRES-3,2026-08-27,True,,8c157610374919b021dcf920b5e2fa0779ef77e16090e30d51bc94a162cbc520,656640,500x650,1.0,210.0,621.0,4095.0,7.692307692307693e-05,TRES-3,2026-08-26T23:15:15.652-0700,61279.261,60.0,True
database\observations\2026-08-27\TRES-3\session_01\TRES-3260827061815.fits,science,TRES-3,2026-08-27,True,,62b5ac039b786560ebbd146ce1e4877445f952f644123c65b27759555e348cd3,656640,500x650,1.0,210.0,613.0,4095.0,9.538461538461538e-05,TRES-3,2026-08-26T23:18:15.200-0700,61279.263,60.0,True
database\observations\2026-08-27\TRES-3\session_01\TRES-3260827062115.fits,science,TRES-3,2026-08-27,True,,dcf79ab048d0825dd43dfcdb9b22f5c7d4d164b32beaf3e97dcd2397cad14a98,656640,500x650,1.0,210.0,611.0,4095.0,8.307692307692307e-05,TRES-3,2026-08-26T23:21:15.793-0700,61279.265,60.0,True
database\observations\2026-08-27\TRES-3\session_01\TRES-3260827062415.fits,science,TRES-3,2026-08-27,True,,4f4e905ea79b05563849a0d75b0f5c8c33669826c4b75a3ecdf433dd08e3d510,656640,500x650,1.0,212.0,616.0,4095.0,9.23076923076923e-05,TRES-3,2026-08-26T23:24:15.423-0700,61279.267,60.0,True
database\observations\2026-08-27\TRES-3\session_01\TRES-3260827062716.fits,science,TRES-3,2026-08-27,True,,b656f83593a489cd6c8fc20090f037ce27f982378e13c77d43a1bab53240944a,656640,500x650,1.0,211.0,621.0,4095.0,7.692307692307693e-05,TRES-3,2026-08-26T23:27:16.076-0700,61279.269,60.0,True
database\observations\2026-08-27\TRES-3\session_01\TRES-3260827063015.fits,science,TRES-3,2026-08-27,True,,9099edb3a4c68cbbf6dd3abddde4e5b9dc3597d8cde9a1497a9454fbc21c2c62,656640,500x650,1.0,210.0,624.0,4095.0,8.923076923076924e-05,TRES-3,2026-08-26T23:30:15.625-0700,61279.271,60.0,True
database\observations\2026-08-27\TRES-3\session_01\TRES-3260827063315.fits,science,TRES-3,2026-08-27,True,,92bb514ec6e1c8dc605260fd9fba0dbe6623818db745db81770d5e9d00aca0f7,656640,500x650,1.0,211.0,623.0,4095.0,9.846153846153846e-05,TRES-3,2026-08-26T23:33:15.391-0700,61279.273,60.0,True
database\observations\2026-08-27\TRES-3\session_01\TRES-3260827063615.fits,science,TRES-3,2026-08-27,True,,d6235982df7215e7bf42bf3b94ee34bb0d8240076fd910ced41bb5348108f35b,656640,500x650,1.0,212.0,626.0,4095.0,5.538461538461539e-05,TRES-3,2026-08-26T23:36:15.943-0700,61279.275,60.0,True
database\observations\2026-08-27\TRES-3\session_01\TRES-3260827063915.fits,science,TRES-3,2026-08-27,True,,9e6d47e8d88dec3ac9c4d2d994fe3a0c20b7b1f49347b6b77af2033958e0dafa,656640,500x650,1.0,211.0,631.0,4095.0,8e-05,TRES-3,2026-08-26T23:39:15.557-0700,61279.277,60.0,True
database\observations\2026-08-27\TRES-3\session_01\TRES-3260827064215.fits,science,TRES-3,2026-08-27,True,,1a4dc2657de47ef2e5df002909369745edb7940879a646d45778aa0fbb062fea,656640,500x650,1.0,212.0,636.0,4095.0,8.615384615384615e-05,TRES-3,2026-08-26T23:42:15.160-0700,61279.279,60.0,True
database\observations\2026-08-27\TRES-3\session_01\TRES-3260827064515.fits,science,TRES-3,2026-08-27,True,,04ed9c12d40118f45bb85081905a994099ef2f62c88d0bcb3d459802ec60b1f7,656640,500x650,1.0,214.0,639.0,4095.0,8.307692307692307e-05,TRES-3,2026-08-26T23:45:15.725-0700,61279.281,60.0,True
database\observations\2026-08-27\TRES-3\session_01\TRES-3260827064815.fits,science,TRES-3,2026-08-27,True,,4b509d34ccc6612d29e86a6f7ad75e9e3702063cc56f5724f98010b520b9fd00,656640,500x650,1.0,212.0,640.0,4095.0,8.307692307692307e-05,TRES-3,2026-08-26T23:48:15.536-0700,61279.284,60.0,True
database\observations\2026-08-27\TRES-3\session_01\TRES-3260827065116.fits,science,TRES-3,2026-08-27,True,,c085ebf3f161ed141342b619240888c6c82069098e2fcb2d8e07b4233c3649ce,656640,500x650,1.0,211.0,643.0,4095.0,7.384615384615384e-05,TRES-3,2026-08-26T23:51:16.121-0700,61279.286,60.0,True
database\observations\2026-08-27\TRES-3\session_01\TRES-3260827065416.fits,science,TRES-3,2026-08-27,True,,b227c8ae79c3c34205632c095fa9aa200ebf9fc86f454f133c83ef0e4bab7a16,656640,500x650,1.0,214.0,646.0,4095.0,7.384615384615384e-05,TRES-3,2026-08-26T23:54:16.729-0700,61279.288,60.0,True
database\observations\2026-08-27\TRES-3\session_01\TRES-3260827065715.fits,science,TRES-3,2026-08-27,True,,207232bccd1e0f139f81800096e748c4d4b462038832ded2e61dc16347711cc3,656640,500x650,1.0,212.0,649.0,4095.0,9.23076923076923e-05,TRES-3,2026-08-26T23:57:15.270-0700,61279.29,60.0,True
database\observations\2026-08-27\TRES-3\session_01\TRES-3260827070015.fits,science,TRES-3,2026-08-27,True,,730927b43e46f2f6b76a329769fc491fc3b0b936b98b1dc69d8dd7c8b4975da4,656640,500x650,1.0,212.0,652.0,4095.0,7.076923076923076e-05,TRES-3,2026-08-27T00:00:15.929-0700,61279.292,60.0,True
database\observations\2026-08-27\TRES-3\session_01\TRES-3260827070315.fits,science,TRES-3,2026-08-27,True,,70fcd39122386be3610324defac21f5a203fbb1aeffd865fab4d2d9e5bdefbcc,656640,500x650,1.0,213.0,658.0,4095.0,4.307692307692308e-05,TRES-3,2026-08-27T00:03:15.517-0700,61279.294,60.0,True
database\observations\2026-08-27\TRES-3\session_01\TRES-3260827070615.fits,science,TRES-3,2026-08-27,True,,7e6a41576295539e1e0b61d6651e061b237168dc333db9309344d27fb7a9b289,656640,500x650,1.0,212.0,659.0,4095.0,6.461538461538462e-05,TRES-3,2026-08-27T00:06:15.221-0700,61279.296,60.0,True
database\observations\2026-08-27\TRES-3\session_01\TRES-3260827070916.fits,science,TRES-3,2026-08-27,True,,f02650855abc87ed0bf213c03478cf4a455c2a3712c877aaf011b2d34698f01d,656640,500x650,1.0,214.0,663.0,4095.0,7.692307692307693e-05,TRES-3,2026-08-27T00:09:16.758-0700,61279.298,60.0,True
database\observations\2026-08-27\TRES-3\session_01\TRES-3260827071215.fits,science,TRES-3,2026-08-27,True,,a631a2489abb4d877a98476c0f7821c18523fb381197988d6344ffbd9b9cdc74,656640,500x650,1.0,214.0,668.0,4095.0,7.692307692307693e-05,TRES-3,2026-08-27T00:12:15.357-0700,61279.3,60.0,True
database\observations\2026-08-27\TRES-3\session_01\TRES-3260827071516.fits,science,TRES-3,2026-08-27,True,,693a60cd9b82c36d28af07b78a4af04b1acedb6af03cbca78541dc7774bda03d,656640,500x650,1.0,214.0,670.0,4095.0,7.076923076923076e-05,TRES-3,2026-08-27T00:15:16.088-0700,61279.302,60.0,True
database\observations\2026-08-27\TRES-3\session_01\TRES-3260827071816.fits,science,TRES-3,2026-08-27,True,,c365256f4c9639b46ab6ea238d4de6e57827bf6c4035dead084bb31d10425d55,656640,500x650,1.0,213.0,672.0,4095.0,6.153846153846154e-05,TRES-3,2026-08-27T00:18:16.716-0700,61279.304,60.0,True
database\observations\2026-08-27\TRES-3\session_01\TRES-3260827072115.fits,science,TRES-3,2026-08-27,True,,161a890624c89d6b2eb4057a4ddc3d1d2ee7b6f4f57ecd59cac907f36a45fc62,656640,500x650,1.0,215.0,677.0,4095.0,8.615384615384615e-05,TRES-3,2026-08-27T00:21:15.278-0700,61279.306,60.0,True
database\observations\2026-08-27\TRES-3\session_01\TRES-3260827072416.fits,science,TRES-3,2026-08-27,True,,9b3474796a822a2b22fd34dce847fcfd02874286206930c4d7437c36104c83a8,656640,500x650,1.0,212.0,681.0,4095.0,6.76923076923077e-05,TRES-3,2026-08-27T00:24:16.820-0700,61279.309,60.0,True
database\observations\2026-08-27\TRES-3\session_01\TRES-3260827072715.fits,science,TRES-3,2026-08-27,True,,092d7abb46b8e26043d84a70e0144d6ca76c5365ad6f7c47e48d9ef0a87ed193,656640,500x650,1.0,214.0,686.0,4095.0,7.692307692307693e-05,TRES-3,2026-08-27T00:27:15.337-0700,61279.311,60.0,True
database\observations\2026-08-27\TRES-3\session_01\TRES-3260827073015.fits,science,TRES-3,2026-08-27,True,,155476854de1e5d62c12679461391354bc573a9eebbb36369f971cf4a523d7d9,656640,500x650,1.0,215.0,689.0,4095.0,8e-05,TRES-3,2026-08-27T00:30:15.822-0700,61279.313,60.0,True
database\observations\2026-08-27\TRES-3\session_01\TRES-3260827073315.fits,science,TRES-3,2026-08-27,True,,d285db977364f6b07c2807399f91e553e2b78b12c41b14649f676bd4c1d9ff1a,656640,500x650,1.0,216.0,692.0,4095.0,7.384615384615384e-05,TRES-3,2026-08-27T00:33:15.455-0700,61279.315,60.0,True
database\observations\2026-08-27\TRES-3\session_01\TRES-3260827073616.fits,science,TRES-3,2026-08-27,True,,9b101c5c98c652d83cdae54227afafa63160f0df20f7b655f2912c9ec1bae9c2,656640,500x650,1.0,214.0,695.0,4095.0,8.307692307692307e-05,TRES-3,2026-08-27T00:36:16.028-0700,61279.317,60.0,True
database\observations\2026-08-27\TRES-3\session_01\TRES-3260827073916.fits,science,TRES-3,2026-08-27,True,,0d1b1e4f6cd39787d9461e2a37537e5ed6fc7ab4a70df0838d80a217be41c408,656640,500x650,1.0,214.0,699.0,4095.0,7.692307692307693e-05,TRES-3,2026-08-27T00:39:16.621-0700,61279.319,60.0,True
database\observations\2026-08-27\TRES-3\session_01\TRES-3260827074215.fits,science,TRES-3,2026-08-27,True,,e94bcfd496f3d8ece3e01dd9e207c747bbce09050d4eb8449abe1e7a8302cc65,656640,500x650,1.0,216.0,704.0,4095.0,6.76923076923077e-05,TRES-3,2026-08-27T00:42:15.182-0700,61279.321,60.0,True
database\observations\2026-08-27\TRES-3\session_01\TRES-3260827074516.fits,science,TRES-3,2026-08-27,True,,50ed375bba3adadbb813608831e3f1818ef37689c1b565265fa6d95ce453187f,656640,500x650,1.0,215.0,708.0,4095.0,7.384615384615384e-05,TRES-3,2026-08-27T00:45:16.778-0700,61279.323,60.0,True
database\observations\2026-08-27\TRES-3\session_01\TRES-3260827074816.fits,science,TRES-3,2026-08-27,True,,d9610d7e1b311e6eef28096ae294bc1ae2deb2860fef88a871ef06e97b593b16,656640,500x650,1.0,214.0,713.0,4095.0,4.615384615384615e-05,TRES-3,2026-08-27T00:48:16.276-0700,61279.325,60.0,True
database\observations\2026-08-27\TRES-3\session_01\TRES-3260827075115.fits,science,TRES-3,2026-08-27,True,,e6d64428c474415b6a4066b8e2bd30c454d149f442aced4e004c2d40b1e3aed8,656640,500x650,1.0,216.0,719.0,4095.0,8e-05,TRES-3,2026-08-27T00:51:15.866-0700,61279.327,60.0,True
database\observations\2026-08-27\TRES-3\session_01\TRES-3260827075415.fits,science,TRES-3,2026-08-27,True,,7d7a73e6aa6d3501bb58e4c909fc73531d15403055f332b95c7d7a48fb5bc98e,656640,500x650,1.0,215.0,722.0,4095.0,5.538461538461539e-05,TRES-3,2026-08-27T00:54:15.395-0700,61279.329,60.0,True
database\observations\2026-08-27\TRES-3\session_01\TRES-3260827075716.fits,science,TRES-3,2026-08-27,True,,e5ff84c32fe9da6082038e6ae6cbdbbbf9319af2dfbb1719081e1ed1ff48f509,656640,500x650,1.0,216.0,734.0,4095.0,4.923076923076923e-05,TRES-3,2026-08-27T00:57:16.033-0700,61279.331,60.0,True
database\observations\2026-08-27\TRES-3\session_01\TRES-3260827080016.fits,science,TRES-3,2026-08-27,True,,f4304c78f343e8879faa41477180713abaa7ac42bf30c31ba8e807b470e9f2cb,656640,500x650,1.0,217.0,738.0,4095.0,5.538461538461539e-05,TRES-3,2026-08-27T01:00:16.702-0700,61279.334,60.0,True
database\observations\2026-08-27\TRES-3\session_01\TRES-3260827080316.fits,science,TRES-3,2026-08-27,True,,09c0cb9b9d8e1955a27e2c4153a76c70166b00627504239e9df26a485025ceea,656640,500x650,1.0,215.0,741.0,4095.0,3.384615384615385e-05,TRES-3,2026-08-27T01:03:16.278-0700,61279.336,60.0,True
database\observations\2026-08-27\TRES-3\session_01\TRES-3260827080615.fits,science,TRES-3,2026-08-27,True,,df1708bae196b2e95e877b7756078021f2844df125fabf190e31ded80460b95b,656640,500x650,1.0,218.0,755.0,4095.0,6.76923076923077e-05,TRES-3,2026-08-27T01:06:15.799-0700,61279.338,60.0,True
database\observations\2026-08-27\TRES-3\session_01\TRES-3260827080915.fits,science,TRES-3,2026-08-27,True,,d97583930155b358b405bba3943c7f7d0677779a196aa8880eb2b86f93cec908,656640,500x650,1.0,217.0,762.0,4095.0,6.461538461538462e-05,TRES-3,2026-08-27T01:09:15.414-0700,61279.34,60.0,True
database\observations\2026-08-27\TRES-3\session_01\TRES-3260827081216.fits,science,TRES-3,2026-08-27,True,,d5d3fa93305a55c8fdc350545d3a79322b5b9edda2a58a719be812ef82eb28e0,656640,500x650,1.0,218.0,768.0,4095.0,5.846153846153846e-05,TRES-3,2026-08-27T01:12:16.057-0700,61279.342,60.0,True
database\observations\2026-08-27\TRES-3\session_01\TRES-3260827081515.fits,science,TRES-3,2026-08-27,True,,48b90c0da88d6fc8e0b0cece7c6b3c4ab087b3686dc441d2aacca35843a288cb,656640,500x650,1.0,216.0,769.0,4095.0,4.923076923076923e-05,TRES-3,2026-08-27T01:15:15.700-0700,61279.344,60.0,True
database\observations\2026-08-27\TRES-3\session_01\TRES-3260827081815.fits,science,TRES-3,2026-08-27,True,,4b84c2d65569b7dc8fbc33d347c05661739c82aaa73e99cb728c292d76ef2e3c,656640,500x650,1.0,219.0,773.0,4095.0,6.461538461538462e-05,TRES-3,2026-08-27T01:18:15.294-0700,61279.346,60.0,True
database\observations\2026-08-27\TRES-3\session_01\TRES-3260827082115.fits,science,TRES-3,2026-08-27,True,,e0ed7e7c45cc5b99238fcfee58ec43e3ebd1906d675e9da13f535a85ae29b8e2,656640,500x650,1.0,217.0,778.0,4095.0,6.76923076923077e-05,TRES-3,2026-08-27T01:21:15.883-0700,61279.348,60.0,True
database\observations\2026-08-27\TRES-3\session_01\TRES-3260827082415.fits,science,TRES-3,2026-08-27,True,,34a2c10294347c3f5689871da5b6f12d3a8a6d073190b856771df53b4a25a948,656640,500x650,1.0,218.0,782.0,4095.0,4.923076923076923e-05,TRES-3,2026-08-27T01:24:15.491-0700,61279.35,60.0,True
database\observations\2026-08-27\TRES-3\session_01\TRES-3260827082716.fits,science,TRES-3,2026-08-27,True,,e66010a96b96d304f97eaa910938b8f277d7efefd047a3c6b4a92d95f4c94c13,656640,500x650,1.0,218.0,786.0,4095.0,6.153846153846154e-05,TRES-3,2026-08-27T01:27:16.111-0700,61279.352,60.0,True
database\observations\2026-08-27\TRES-3\session_01\TRES-3260827083015.fits,science,TRES-3,2026-08-27,True,,b675888f8581e9327b55bb596830be1c8023a497ec692865850e0e5c3ea7ddce,656640,500x650,1.0,219.0,791.0,4095.0,4.307692307692308e-05,TRES-3,2026-08-27T01:30:15.655-0700,61279.354,60.0,True
database\observations\2026-08-27\TRES-3\session_01\TRES-3260827083315.fits,science,TRES-3,2026-08-27,True,,6682bd2aef8e7fc9de074ebeddbf81beb5b5eb29f581048286105654b4841a7e,656640,500x650,1.0,218.0,793.0,4095.0,4.923076923076923e-05,TRES-3,2026-08-27T01:33:15.186-0700,61279.356,60.0,True
database\observations\2026-08-27\TRES-3\session_01\TRES-3260827083616.fits,science,TRES-3,2026-08-27,True,,cb1dcf37e71a121416da5ee17b24a8f1a665b3cda54b07ffac938757af92bc54,656640,500x650,1.0,219.0,797.0,4095.0,4.923076923076923e-05,TRES-3,2026-08-27T01:36:16.784-0700,61279.359,60.0,True
database\observations\2026-08-27\TRES-3\session_01\TRES-3260827083915.fits,science,TRES-3,2026-08-27,True,,a1a12b91bd501c1e4da288571903f8121c49430d114ee951fa665bbd06fc09cc,656640,500x650,1.0,218.0,808.0,4095.0,4.923076923076923e-05,TRES-3,2026-08-27T01:39:15.305-0700,61279.361,60.0,True
database\observations\2026-08-27\TRES-3\session_01\TRES-3260827084215.fits,science,TRES-3,2026-08-27,True,,5704dd66e117a1b72eaa3bfdbf003503b68c2a16cbeb2cf1a99594f43893c608,656640,500x650,1.0,220.0,812.0,4095.0,3.384615384615385e-05,TRES-3,2026-08-27T01:42:15.911-0700,61279.363,60.0,True
database\observations\2026-08-27\TRES-3\session_01\TRES-3260827084515.fits,science,TRES-3,2026-08-27,True,,b6b62eba111daa1a797cf4bf29bdc255392c849943324c111c64048966f21ea1,656640,500x650,1.0,220.0,819.0,4095.0,3.384615384615385e-05,TRES-3,2026-08-27T01:45:15.564-0700,61279.365,60.0,True
database\observations\2026-08-27\TRES-3\session_01\TRES-3260827084816.fits,science,TRES-3,2026-08-27,True,,fb1a7784986334afd65adbc37adc5af4c4a2d4304a94258cc76350a31cb77f7d,656640,500x650,1.0,218.0,825.0,4095.0,3.384615384615385e-05,TRES-3,2026-08-27T01:48:16.148-0700,61279.367,60.0,True
database\observations\2026-08-27\TRES-3\session_01\TRES-3260827085115.fits,science,TRES-3,2026-08-27,True,,603cda268ce04ac4ac0b0aefe9799c53067bc29e14ca2cabeb8c159e30584358,656640,500x650,1.0,219.0,830.0,4095.0,3.076923076923077e-05,TRES-3,2026-08-27T01:51:15.763-0700,61279.369,60.0,True
database\observations\2026-08-27\TRES-3\session_01\TRES-3260827085415.fits,science,TRES-3,2026-08-27,True,,367c4291f057bd3ac9141ed1f1df4b70615b419b130f5c3287fa4f554ef5c963,656640,500x650,1.0,220.0,835.0,4095.0,4e-05,TRES-3,2026-08-27T01:54:15.355-0700,61279.371,60.0,True
database\observations\2026-08-27\TRES-3\session_01\TRES-3260827085715.fits,science,TRES-3,2026-08-27,True,,93fc05053eb3198f8f2410b460b5471e59218fab12ec299c5dd3197a7d2d3023,656640,500x650,1.0,219.0,845.0,4095.0,2.153846153846154e-05,TRES-3,2026-08-27T01:57:16.001-0700,61279.373,60.0,True
database\observations\2026-08-27\TRES-3\session_01\TRES-3260827090015.fits,science,TRES-3,2026-08-27,True,,dca4dbb448cd10585838c6683a3537d742f6a29254f804a5eb0f24933ef887ae,656640,500x650,1.0,220.0,863.0,4095.0,1.5384615384615384e-05,TRES-3,2026-08-27T02:00:15.688-0700,61279.375,60.0,True
database\observations\2026-08-27\TRES-3\session_01\TRES-3260827090316.fits,science,TRES-3,2026-08-27,True,,8ea08a4388b2e6ffc7fb4192a8909c2a5e806b65811d0b4c78604443d61c0203,656640,500x650,1.0,221.0,874.0,4095.0,2.153846153846154e-05,TRES-3,2026-08-27T02:03:16.288-0700,61279.377,60.0,True
database\observations\2026-08-27\TRES-3\session_01\TRES-3260827090617.fits,science,TRES-3,2026-08-27,True,,c961ba113d6fb1a7f65332920fddbeb17fe9b2b61c252b5e706dd1dcbad219c5,656640,500x650,1.0,222.0,883.0,4095.0,1.5384615384615384e-05,TRES-3,2026-08-27T02:06:17.095-0700,61279.379,60.0,True
database\observations\2026-08-28\Qatar-1\session_01\Qatar-1260828070036.fits,science,Qatar-1,2026-08-28,True,,394d9a131401f43832cb286d6cfdc5d058e21a59e2a5c2e4db72463be91d9db4,656640,500x650,1.0,337.0,3202.0,4095.0,1.2307692307692308e-05,Qatar-1,2026-08-28T00:00:36.825-0700,61280.292,60.0,True
database\observations\2026-08-28\Qatar-1\session_01\Qatar-1260828070315.fits,science,Qatar-1,2026-08-28,True,,fc5df50ebbf612da5e7f6fbea307726b2ec320896709245e7d66d1dddec3cd4b,656640,500x650,1.0,334.0,3176.0,4095.0,1.2307692307692308e-05,Qatar-1,2026-08-28T00:03:15.385-0700,61280.294,60.0,True
database\observations\2026-08-28\Qatar-1\session_01\Qatar-1260828070615.fits,science,Qatar-1,2026-08-28,True,,e861e2a5221c76eb939117e4a386f756c9d18b04d136522efe92d8ef2e8beb75,656640,500x650,1.0,330.0,3083.0,4095.0,9.23076923076923e-06,Qatar-1,2026-08-28T00:06:15.816-0700,61280.296,60.0,True
database\observations\2026-08-28\Qatar-1\session_01\Qatar-1260828070915.fits,science,Qatar-1,2026-08-28,True,,1d6fb48a5d418836083d1a1e363d25c276ea9a8214fd0f0a9c8c41fbada3c040,656640,500x650,1.0,320.0,2960.0,4095.0,9.23076923076923e-06,Qatar-1,2026-08-28T00:09:15.161-0700,61280.298,60.0,True
database\observations\2026-08-28\Qatar-1\session_01\Qatar-1260828071215.fits,science,Qatar-1,2026-08-28,True,,8e5b64c1066887428a16ee17d536411d4fbd8636c7c2bfccc354b46f358e060e,656640,500x650,1.0,318.0,2916.0,4095.0,9.23076923076923e-06,Qatar-1,2026-08-28T00:12:15.602-0700,61280.3,60.0,True
database\observations\2026-08-28\Qatar-1\session_01\Qatar-1260828071516.fits,science,Qatar-1,2026-08-28,True,,0bda90d8d733e4d788f0c17733ffefceba0ea825d5363c23f31ce629f48e1fb7,656640,500x650,1.0,317.0,2841.0,4095.0,9.23076923076923e-06,Qatar-1,2026-08-28T00:15:16.963-0700,61280.302,60.0,True
database\observations\2026-08-28\Qatar-1\session_01\Qatar-1260828071815.fits,science,Qatar-1,2026-08-28,True,,028d1d9ae41ec56ddabc2f7bb3a0079422fa115adc1813b518164661d3a4b3aa,656640,500x650,1.0,318.0,2825.0,4095.0,9.23076923076923e-06,Qatar-1,2026-08-28T00:18:15.526-0700,61280.304,60.0,True
database\observations\2026-08-28\Qatar-1\session_01\Qatar-1260828072115.fits,science,Qatar-1,2026-08-28,True,,89861790fe85585948061283e6db0e235f7a328e92cd9bd2ff3ff4e8e4a89d33,656640,500x650,1.0,314.0,2738.0,4095.0,9.23076923076923e-06,Qatar-1,2026-08-28T00:21:15.944-0700,61280.306,60.0,True
database\observations\2026-08-28\Qatar-1\session_01\Qatar-1260828072415.fits,science,Qatar-1,2026-08-28,True,,02f6f696e1690e6f926ba62a11abcec63b4cc3381e6a7aef6dcf5d1e1ca3c9ec,656640,500x650,1.0,309.0,2650.0,4095.0,9.23076923076923e-06,Qatar-1,2026-08-28T00:24:15.288-0700,61280.309,60.0,True
database\observations\2026-08-28\Qatar-1\session_01\Qatar-1260828072716.fits,science,Qatar-1,2026-08-28,True,,a10df9c1e29cf869c51f43137b38eaad3ade7ca0fabe58d1bfea02b1eea01d23,656640,500x650,1.0,307.0,2612.0,4095.0,9.23076923076923e-06,Qatar-1,2026-08-28T00:27:16.763-0700,61280.311,60.0,True
database\observations\2026-08-28\Qatar-1\session_01\Qatar-1260828073016.fits,science,Qatar-1,2026-08-28,True,,e83bb15697fed85ca4297ae5f2b31dc6725fd6d1571da7c9c8bd2176051f6e68,656640,500x650,1.0,302.0,2464.0,4095.0,9.23076923076923e-06,Qatar-1,2026-08-28T00:30:16.117-0700,61280.313,60.0,True
database\observations\2026-08-28\Qatar-1\session_01\Qatar-1260828073315.fits,science,Qatar-1,2026-08-28,True,,94cf84c5bd712e64d666b951acfb432a8ab164ac83de8fb19caae1af3d35d50e,656640,500x650,1.0,289.0,2269.0,4095.0,9.23076923076923e-06,Qatar-1,2026-08-28T00:33:15.719-0700,61280.315,60.0,True
database\observations\2026-08-28\Qatar-1\session_01\Qatar-1260828073616.fits,science,Qatar-1,2026-08-28,True,,41e682c67e9e9a8830371d99df3d766add7920f629e4ce1bd8e15732a2f3f01d,656640,500x650,1.0,292.0,2343.0,4095.0,9.23076923076923e-06,Qatar-1,2026-08-28T00:36:16.096-0700,61280.317,60.0,True
database\observations\2026-08-28\Qatar-1\session_01\Qatar-1260828073915.fits,science,Qatar-1,2026-08-28,True,,76e3d0500727ee7e3135ec4f45c03c4cd8a76fcaef1b530ad351379f23be9d44,656640,500x650,1.0,277.0,2135.0,4095.0,1.846153846153846e-05,Qatar-1,2026-08-28T00:39:15.552-0700,61280.319,60.0,True
database\observations\2026-08-28\Qatar-1\session_01\Qatar-1260828074216.fits,science,Qatar-1,2026-08-28,True,,dd8703ef4e0c89ca8dab60bdecf24b33e51a309d34cb98ab0b13f6210e2fe74d,656640,500x650,1.0,304.0,2563.0,4095.0,9.23076923076923e-06,Qatar-1,2026-08-28T00:42:16.279-0700,61280.321,60.0,True
database\observations\2026-08-28\Qatar-1\session_01\Qatar-1260828074515.fits,science,Qatar-1,2026-08-28,True,,f0925d13edbcffb90e5ef3b6e11926ab354f47d6947874d5a7c518bb423e5826,656640,500x650,1.0,337.0,2984.0,4095.0,9.23076923076923e-06,Qatar-1,2026-08-28T00:45:15.741-0700,61280.323,60.0,True
database\observations\2026-08-28\Qatar-1\session_01\Qatar-1260828074815.fits,science,Qatar-1,2026-08-28,True,,a1acebdef86efb3b029f42ac6b45765a0a7ed12eeeb66e26c6f4cec6f7c72ddd,656640,500x650,1.0,295.0,2297.0,4095.0,9.23076923076923e-06,Qatar-1,2026-08-28T00:48:15.179-0700,61280.325,60.0,True
database\observations\2026-08-28\Qatar-1\session_01\Qatar-1260828075116.fits,science,Qatar-1,2026-08-28,True,,e5d396bbbfb03fb8753acd1b0ea4da7d1f2186b12f2e2139d4a2c10bc46d2099,656640,500x650,1.0,334.0,3180.0,4095.0,1.2307692307692308e-05,Qatar-1,2026-08-28T00:51:16.591-0700,61280.327,60.0,True
database\observations\2026-08-28\Qatar-1\session_01\Qatar-1260828075416.fits,science,Qatar-1,2026-08-28,True,,012e4101133e6787b4dc86dcc2ce0048cce99f654e360864005fe20f8747c408,656640,500x650,1.0,334.0,3213.0,4095.0,1.2307692307692308e-05,Qatar-1,2026-08-28T00:54:16.079-0700,61280.329,60.0,True
database\observations\2026-08-28\Qatar-1\session_01\Qatar-1260828075715.fits,science,Qatar-1,2026-08-28,True,,311e7b72eab346ba02a4204ee314fb0e5b20a1f5669f8fd6ef2246cddeb3712e,656640,500x650,1.0,0.0,3333.0,4095.0,4.615384615384615e-05,Qatar-1,2026-08-28T00:57:15.496-0700,61280.331,60.0,True
database\observations\2026-08-28\Qatar-1\session_01\Qatar-1260828080016.fits,science,Qatar-1,2026-08-28,True,,fa7d5c3e4b9e7c7eba962b5c6a9be1394fae8027f8ef10be3276f66facacbf8b,656640,500x650,1.0,338.0,3181.0,4095.0,1.2307692307692308e-05,Qatar-1,2026-08-28T01:00:16.966-0700,61280.334,60.0,True
database\observations\2026-08-28\Qatar-1\session_01\Qatar-1260828080315.fits,science,Qatar-1,2026-08-28,True,,a56107008672f43c3acda76f9013c477cd9c4dbc2c1e14f39d27ef5374d76653,656640,500x650,1.0,344.0,3004.0,4095.0,9.23076923076923e-06,Qatar-1,2026-08-28T01:03:15.476-0700,61280.336,60.0,True
database\observations\2026-08-28\Qatar-1\session_01\Qatar-1260828080615.fits,science,Qatar-1,2026-08-28,True,,bf355437f9aa358f625115336f080d4991da32f38e93c55d337c37a9622a9e24,656640,500x650,1.0,339.0,3008.0,4095.0,9.23076923076923e-06,Qatar-1,2026-08-28T01:06:15.920-0700,61280.338,60.0,True
database\observations\2026-08-28\Qatar-1\session_01\Qatar-1260828080915.fits,science,Qatar-1,2026-08-28,True,,8adb7973b9a8f05b30f969c78703535899dd90a60e9b9da1a8c4f541a73cfd9d,656640,500x650,1.0,320.0,3299.0,4095.0,2.153846153846154e-05,Qatar-1,2026-08-28T01:09:15.393-0700,61280.34,60.0,True
database\observations\2026-08-28\Qatar-1\session_01\Qatar-1260828081215.fits,science,Qatar-1,2026-08-28,True,,9adf74efcf70d763fc24dfd7c02715114e1a3e96496eee78756e53aef33127ff,656640,500x650,1.0,249.0,1517.0,4095.0,2.7692307692307694e-05,Qatar-1,2026-08-28T01:12:15.875-0700,61280.342,60.0,True
database\observations\2026-08-28\Qatar-1\session_01\Qatar-1260828081515.fits,science,Qatar-1,2026-08-28,True,,d31e3ccb1f1db536f863991d6d7cdd5eb59a4187ef519e9d7a77e56e82b8190a,656640,500x650,1.0,227.0,918.0,4095.0,0.00010153846153846155,Qatar-1,2026-08-28T01:15:15.316-0700,61280.344,60.0,True
database\observations\2026-08-28\Qatar-1\session_01\Qatar-1260828081815.fits,science,Qatar-1,2026-08-28,True,,c9544df1740685b363cb525c21809cf81e0edc94bd6840823fe51e81d271b5a5,656640,500x650,1.0,220.0,831.0,4095.0,0.00010153846153846155,Qatar-1,2026-08-28T01:18:15.654-0700,61280.346,60.0,True
database\observations\2026-08-28\Qatar-1\session_01\Qatar-1260828082115.fits,science,Qatar-1,2026-08-28,True,,180c8e098c9a33bc120b3b1db1bdce370819800b86e2be87df55100c087aea4a,656640,500x650,1.0,223.0,912.0,4095.0,0.00010153846153846155,Qatar-1,2026-08-28T01:21:15.156-0700,61280.348,60.0,True
database\observations\2026-08-28\Qatar-1\session_01\Qatar-1260828082415.fits,science,Qatar-1,2026-08-28,True,,e8514842c4acbab8ad3a71c403a8d08227f9a42f12958ad1444b7d37b9a24739,656640,500x650,1.0,242.0,1445.0,4095.0,4e-05,Qatar-1,2026-08-28T01:24:15.730-0700,61280.35,60.0,True
database\observations\2026-08-28\Qatar-1\session_01\Qatar-1260828082716.fits,science,Qatar-1,2026-08-28,True,,50479bddf88c278be1a5c7c1bb69fcc96bd16f7ac049adcdfe986fc7c819231c,656640,500x650,1.0,289.0,2249.0,4095.0,9.23076923076923e-06,Qatar-1,2026-08-28T01:27:16.146-0700,61280.352,60.0,True
database\observations\2026-08-28\Qatar-1\session_01\Qatar-1260828083015.fits,science,Qatar-1,2026-08-28,True,,7f04e3b8701e7bbf41bf725d9b29b1ee4a951a18aa3c1ca50ca4498f0b7af596,656640,500x650,1.0,298.0,2483.0,4095.0,9.23076923076923e-06,Qatar-1,2026-08-28T01:30:15.449-0700,61280.354,60.0,True
database\observations\2026-08-28\Qatar-1\session_01\Qatar-1260828083315.fits,science,Qatar-1,2026-08-28,True,,96832efe6b5af9d9a841c45f6e7c20a4128a780a137bd7a57bbb301a9171df7c,656640,500x650,1.0,308.0,2627.0,4095.0,9.23076923076923e-06,Qatar-1,2026-08-28T01:33:15.885-0700,61280.356,60.0,True
database\observations\2026-08-28\Qatar-1\session_01\Qatar-1260828083615.fits,science,Qatar-1,2026-08-28,True,,dbbc40d95e5a1c91a471e11b686e8a162a923b642f407f5d63806644be85becd,656640,500x650,1.0,322.0,2924.0,4095.0,9.23076923076923e-06,Qatar-1,2026-08-28T01:36:15.361-0700,61280.359,60.0,True
database\observations\2026-08-28\Qatar-1\session_01\Qatar-1260828083915.fits,science,Qatar-1,2026-08-28,True,,be6853d5e4ef2d869840b9e1a06ac70eb9d04330a416174d18d4b0d4e1baf21b,656640,500x650,1.0,339.0,3306.0,4095.0,1.5384615384615384e-05,Qatar-1,2026-08-28T01:39:15.767-0700,61280.361,60.0,True
database\observations\2026-08-28\Qatar-1\session_01\Qatar-1260828084215.fits,science,Qatar-1,2026-08-28,True,,aeb120ad4e6794aae61431449a9e264ac4fcd0a68018359b2bded86d7a00a3fc,656640,500x650,1.0,324.0,2922.0,4095.0,9.23076923076923e-06,Qatar-1,2026-08-28T01:42:15.200-0700,61280.363,60.0,True
database\observations\2026-08-28\Qatar-1\session_01\Qatar-1260828084515.fits,science,Qatar-1,2026-08-28,True,,c73480799cc9f8de9c39daf1eefd4d4a4b903283541fc88608d9708c65a8cc38,656640,500x650,1.0,311.0,2673.0,4095.0,9.23076923076923e-06,Qatar-1,2026-08-28T01:45:15.574-0700,61280.365,60.0,True
database\observations\2026-08-28\Qatar-1\session_01\Qatar-1260828084815.fits,science,Qatar-1,2026-08-28,True,,c756118c505cdb53884e9b73b8754b538344b3805db3648f66189862c9bf1982,656640,500x650,1.0,298.0,2444.0,4095.0,9.23076923076923e-06,Qatar-1,2026-08-28T01:48:15.915-0700,61280.367,60.0,True
database\observations\2026-08-28\Qatar-1\session_01\Qatar-1260828085115.fits,science,Qatar-1,2026-08-28,True,,21b6e986b80eb33ed6c598f8c6cdb02fdebf040187c67c5b61f65add5e73fe81,656640,500x650,1.0,287.0,2126.0,4095.0,9.23076923076923e-06,Qatar-1,2026-08-28T01:51:15.242-0700,61280.369,60.0,True
database\observations\2026-08-28\Qatar-1\session_01\Qatar-1260828085415.fits,science,Qatar-1,2026-08-28,True,,3143f032667b49495930faad9eaaac3eefa911ab09c4f53af88fca0a9ab0ec59,656640,500x650,1.0,292.0,2201.0,4095.0,6.153846153846154e-06,Qatar-1,2026-08-28T01:54:15.757-0700,61280.371,60.0,True
database\observations\2026-08-28\Qatar-1\session_01\Qatar-1260828085716.fits,science,Qatar-1,2026-08-28,True,,2434074432477045afc76eb046ce14c6cffdf543c477d2f2a71107cfcb4ff52a,656640,500x650,1.0,310.0,2745.0,4095.0,9.23076923076923e-06,Qatar-1,2026-08-28T01:57:16.088-0700,61280.373,60.0,True
database\observations\2026-08-28\Qatar-1\session_01\Qatar-1260828090015.fits,science,Qatar-1,2026-08-28,True,,3f1280811c36c4e73c8842146849af40b24762dbd451eba7365feb9eb347841f,656640,500x650,1.0,352.0,3466.0,4095.0,2.7692307692307694e-05,Qatar-1,2026-08-28T02:00:15.358-0700,61280.375,60.0,True
database\observations\2026-08-28\Qatar-1\session_01\Qatar-1260828090316.fits,science,Qatar-1,2026-08-28,True,,f1055aefa8de2f48bd70c7fb65e9de9ba1d793c1414b08001d8cff13307d89a5,656640,500x650,1.0,315.0,2821.0,4095.0,9.23076923076923e-06,Qatar-1,2026-08-28T02:03:16.731-0700,61280.377,60.0,True
database\observations\2026-08-28\Qatar-1\session_01\Qatar-1260828090616.fits,science,Qatar-1,2026-08-28,True,,75ac700ce903848af6c78cd781ab5c0a6a133cf78fb0ceeaa19a10f36c203a02,656640,500x650,1.0,280.0,2066.0,4095.0,1.2307692307692308e-05,Qatar-1,2026-08-28T02:06:16.064-0700,61280.379,60.0,True
database\observations\2026-08-28\Qatar-1\session_01\Qatar-1260828090915.fits,science,Qatar-1,2026-08-28,True,,520a374d1e8a0f4eb20b2b57b085dbaa07bf134250fe265388029333e0f7c2ec,656640,500x650,1.0,258.0,1619.0,4095.0,3.692307692307692e-05,Qatar-1,2026-08-28T02:09:15.399-0700,61280.381,60.0,True
database\observations\2026-08-28\Qatar-1\session_01\Qatar-1260828091215.fits,science,Qatar-1,2026-08-28,True,,33a8c62fcb3ab0a2229567fd09f5905fa49595a6b952bef8e440578da708bcac,656640,500x650,1.0,241.0,1294.0,4095.0,6.153846153846154e-05,Qatar-1,2026-08-28T02:12:15.867-0700,61280.384,60.0,True
database\observations\2026-08-28\Qatar-1\session_01\Qatar-1260828091515.fits,science,Qatar-1,2026-08-28,True,,6e1b0ce524c7c1b91a4a8a78b819405477c33ecba7d67ba0bcaf144ae5f0b490,656640,500x650,1.0,233.0,1154.0,4095.0,8.615384615384615e-05,Qatar-1,2026-08-28T02:15:15.447-0700,61280.386,60.0,True
database\observations\2026-08-28\Qatar-1\session_01\Qatar-1260828091815.fits,science,Qatar-1,2026-08-28,True,,5cdde70a16741ed3f3e69c13122c411197b874f05587c27dded0455efff53f4a,656640,500x650,1.0,291.0,1873.0,4095.0,5.538461538461539e-05,Qatar-1,2026-08-28T02:18:15.922-0700,61280.388,60.0,True
database\observations\2026-08-28\Qatar-1\session_01\Qatar-1260828092115.fits,science,Qatar-1,2026-08-28,True,,a5fc73bb9fac6c52841378e1e5a5b126c360fe3b45cf30deda523ebcb7e04e05,656640,500x650,1.0,291.0,2268.0,4095.0,6.153846153846154e-06,Qatar-1,2026-08-28T02:21:15.248-0700,61280.39,60.0,True
database\observations\2026-08-28\Qatar-1\session_01\Qatar-1260828092416.fits,science,Qatar-1,2026-08-28,True,,6c30bb96c60161088bc4c498c001b1ff385d4c786c423170f9ae300c953fa8a8,656640,500x650,1.0,269.0,1500.0,4095.0,4e-05,Qatar-1,2026-08-28T02:24:16.776-0700,61280.392,60.0,True
database\observations\2026-08-28\Qatar-1\session_01\Qatar-1260828092716.fits,science,Qatar-1,2026-08-28,True,,b35dc717487752b8262fc2fca96c2a13008e155f126a0bdeea16df85742c6e7c,656640,500x650,1.0,274.0,1740.0,3987.0,0.0,Qatar-1,2026-08-28T02:27:16.152-0700,61280.394,60.0,True
database\observations\2026-08-28\Qatar-1\session_01\Qatar-1260828093016.fits,science,Qatar-1,2026-08-28,True,,13a722f1bea73508f720fd374bf8868dd78c5e502f35d4607504ee7de2245dd3,656640,500x650,1.0,233.0,1127.0,4095.0,8.615384615384615e-05,Qatar-1,2026-08-28T02:30:16.599-0700,61280.396,60.0,True
database\observations\2026-08-28\Qatar-1\session_01\Qatar-1260828093315.fits,science,Qatar-1,2026-08-28,True,,648425e45d857b5fde3eee1bdc81bf3999af73364f095986e9ea040a8587d9e9,656640,500x650,1.0,259.0,1705.0,4095.0,6.153846153846154e-06,Qatar-1,2026-08-28T02:33:15.449-0700,61280.398,60.0,True
database\observations\2026-08-28\Qatar-1\session_01\Qatar-1260828093615.fits,science,Qatar-1,2026-08-28,True,,bab4b5df469fb001739cc93a3746df1b33eebbe1f480c5d4760db7bf18444b5a,656640,500x650,1.0,235.0,1154.0,4095.0,4.923076923076923e-05,Qatar-1,2026-08-28T02:36:15.825-0700,61280.4,60.0,True
database\observations\2026-08-28\Qatar-1\session_01\Qatar-1260828093915.fits,science,Qatar-1,2026-08-28,True,,4aa7b965aa5a962655269f0549420926f821d7a4317b785dde6e82f59c69be2f,656640,500x650,1.0,230.0,1051.0,4095.0,8.307692307692307e-05,Qatar-1,2026-08-28T02:39:15.262-0700,61280.402,60.0,True
database\observations\2026-08-28\Qatar-1\session_01\Qatar-1260828094215.fits,science,Qatar-1,2026-08-28,True,,66bc15f5a7c5e9460bee0478b0791a650663f5e4078b1e1844ac53916076ab1f,656640,500x650,1.0,230.0,1033.0,4095.0,8.615384615384615e-05,Qatar-1,2026-08-28T02:42:15.725-0700,61280.404,60.0,True
database\observations\2026-08-28\Qatar-1\session_01\Qatar-1260828094516.fits,science,Qatar-1,2026-08-28,True,,fe7eeb67a984fb9b0582705ae4c22861ee54e14331322e618a47c4edd246037e,656640,500x650,1.0,235.0,1105.0,4095.0,8.615384615384615e-05,Qatar-1,2026-08-28T02:45:16.062-0700,61280.406,60.0,True
database\observations\2026-08-28\Qatar-1\session_01\Qatar-1260828094815.fits,science,Qatar-1,2026-08-28,True,,810f493c4fc7c4084d08c1162364f35b380ace3da46a3e9d9a1a771efe16eab9,656640,500x650,1.0,234.0,1121.0,4095.0,8.615384615384615e-05,Qatar-1,2026-08-28T02:48:15.444-0700,61280.409,60.0,True
database\observations\2026-08-28\Qatar-1\session_01\Qatar-1260828095115.fits,science,Qatar-1,2026-08-28,True,,2c33b325a47b57ac76934142f5ddddbd3c59b64d8e1462c56af21ca9b2966491,656640,500x650,1.0,257.0,1449.0,4095.0,3.076923076923077e-05,Qatar-1,2026-08-28T02:51:15.764-0700,61280.411,60.0,True
database\observations\2026-08-28\Qatar-1\session_01\Qatar-1260828095715.fits,science,Qatar-1,2026-08-28,True,,80030da4b94dc5463a3eb7b197a36ea9d59e6c543415a1cb557ec9d253046c9f,656640,500x650,1.0,260.0,1643.0,4095.0,2.7692307692307694e-05,Qatar-1,2026-08-28T02:57:15.678-0700,61280.415,60.0,True
database\observations\2026-08-28\Qatar-1\session_01\Qatar-1260828100016.fits,science,Qatar-1,2026-08-28,True,,59e3a2efb18b34b7e4ea20b033737f7c5d5455d6769dcfbca3c60a951e62bde6,656640,500x650,1.0,262.0,1756.0,4095.0,3.076923076923077e-06,Qatar-1,2026-08-28T03:00:16.120-0700,61280.417,60.0,True
database\observations\2026-08-28\Qatar-1\session_01\Qatar-1260828100315.fits,science,Qatar-1,2026-08-28,True,,ae9dd9b0675106fa81b9ac56aed15c3c0f51a798ba7b1ee5970abf1ecd67b919,656640,500x650,1.0,271.0,2035.0,4095.0,3.076923076923077e-06,Qatar-1,2026-08-28T03:03:15.673-0700,61280.419,60.0,True
database\observations\2026-08-28\Qatar-1\session_01\Qatar-1260828100616.fits,science,Qatar-1,2026-08-28,True,,d48a77692a6626746f83e00c9e46e581f3ad3d2d8c1e4baaaaeba84cb6a06e33,656640,500x650,1.0,284.0,2120.0,4095.0,6.153846153846154e-06,Qatar-1,2026-08-28T03:06:16.050-0700,61280.421,60.0,True
database\observations\2026-08-28\Qatar-1\session_01\Qatar-1260828100915.fits,science,Qatar-1,2026-08-28,True,,a8597db5003ae429846b983029bf5f2e34c5e97a74a89ebdc76efc634c0a0235,656640,500x650,1.0,305.0,2583.0,4095.0,9.23076923076923e-06,Qatar-1,2026-08-28T03:09:15.394-0700,61280.423,60.0,True
database\observations\2026-08-28\Qatar-1\session_01\Qatar-1260828101215.fits,science,Qatar-1,2026-08-28,True,,2cafd8e4c0bd9b7b681923a176343bed66ad4f30faeb42e66ca3eb6d232b3762,656640,500x650,1.0,319.0,2829.0,4095.0,9.23076923076923e-06,Qatar-1,2026-08-28T03:12:15.841-0700,61280.425,60.0,True
database\observations\2026-08-28\Qatar-1\session_01\Qatar-1260828101516.fits,science,Qatar-1,2026-08-28,True,,272355e0765c9c13e48906d542d297add0684f08a1e3ed9cd9c41324fad28436,656640,500x650,1.0,284.0,2084.0,4095.0,6.153846153846154e-06,Qatar-1,2026-08-28T03:15:16.266-0700,61280.427,60.0,True
database\observations\2026-08-28\Qatar-1\session_01\Qatar-1260828101815.fits,science,Qatar-1,2026-08-28,True,,7e4c5cebec9c04824d4b30c8e640171fc04d2eb977468f80f14187796cc8b2b7,656640,500x650,1.0,276.0,1992.0,4095.0,3.076923076923077e-06,Qatar-1,2026-08-28T03:18:15.549-0700,61280.429,60.0,True
database\observations\2026-08-28\Qatar-1\session_01\Qatar-1260828102115.fits,science,Qatar-1,2026-08-28,True,,8c237ba85e8dcbc09923b9a81257847f81148385d28b9ed7c4ea35a01e724de7,656640,500x650,1.0,266.0,1933.0,4095.0,6.153846153846154e-06,Qatar-1,2026-08-28T03:21:15.937-0700,61280.431,60.0,True
database\observations\2026-08-28\Qatar-1\session_01\Qatar-1260828102415.fits,science,Qatar-1,2026-08-28,True,,802d46e9a6d4c325c3bd6c5da6012b8f19c1e804cefb27eed81099cd972e4645,656640,500x650,1.0,264.0,1919.0,4095.0,3.076923076923077e-06,Qatar-1,2026-08-28T03:24:15.443-0700,61280.434,60.0,True
database\observations\2026-08-28\Qatar-1\session_01\Qatar-1260828102715.fits,science,Qatar-1,2026-08-28,True,,6acc83a8d9682d2c022ef20842f67d06706315880ae3ae218f288ff41392469a,656640,500x650,1.0,271.0,1812.0,4030.0,0.0,Qatar-1,2026-08-28T03:27:15.867-0700,61280.436,60.0,True
database\observations\2026-08-28\Qatar-1\session_01\Qatar-1260828103015.fits,science,Qatar-1,2026-08-28,True,,8b7627e637e07b69605cfbbf2765b216d8cbb5ec0dc10e02087353616a339c83,656640,500x650,1.0,274.0,1885.0,4038.0,0.0,Qatar-1,2026-08-28T03:30:15.357-0700,61280.438,60.0,True
database\observations\2026-08-28\Qatar-1\session_01\Qatar-1260828103315.fits,science,Qatar-1,2026-08-28,True,,02de2c6a126c53d5fa36e8d386723866c6294bcf4a2e4406e0746b6525ca4536,656640,500x650,1.0,242.0,1403.0,4095.0,3.692307692307692e-05,Qatar-1,2026-08-28T03:33:15.770-0700,61280.44,60.0,True
database\observations\2026-08-28\Qatar-1\session_01\Qatar-1260828103616.fits,science,Qatar-1,2026-08-28,True,,064cc61c507d76091bbced2bb957e6f3362305132c7205e646740ce13b9f48e7,656640,500x650,1.0,263.0,1696.0,3941.0,0.0,Qatar-1,2026-08-28T03:36:16.013-0700,61280.442,60.0,True
database\observations\2026-08-28\Qatar-1\session_01\Qatar-1260828103915.fits,science,Qatar-1,2026-08-28,True,,570fa39cdd78e8dc60444f707ee597aa2cb376b695fbeb31c90bc167f55cacff,656640,500x650,1.0,265.0,1781.0,4051.0,0.0,Qatar-1,2026-08-28T03:39:15.361-0700,61280.444,60.0,True
database\observations\2026-08-29\TRES-5\session_01\TRES-5260829055250.fits,science,TRES-5,2026-08-29,True,,c375249883fb45e43bcedbffb3af6659a102da606481f9110d94e9b16d4d4423,656640,500x650,1.0,211.0,608.0,4095.0,0.0001353846153846154,TRES-5,2026-08-28T22:52:50.942-0700,61281.245,60.0,True
database\observations\2026-08-29\TRES-5\session_01\TRES-5260829055721.fits,science,TRES-5,2026-08-29,True,,a1a729691942fe2d1d9f4644f3c9eb4c4c9b1488eee8fe8a9b58bac7b05f8318,656640,500x650,1.0,212.0,607.0,4095.0,9.538461538461538e-05,TRES-5,2026-08-28T22:57:21.979-0700,61281.248,60.0,True
database\observations\2026-08-29\TRES-5\session_01\TRES-5260829060207.fits,science,TRES-5,2026-08-29,True,,ac9725ad29f02c1f07730d749e25c6770c50306ca20fe9b60e962f106ab59e67,656640,500x650,1.0,212.0,606.0,4095.0,8.307692307692307e-05,TRES-5,2026-08-28T23:02:07.961-0700,61281.251,60.0,True
database\observations\2026-08-29\TRES-5\session_01\TRES-5260829060706.fits,science,TRES-5,2026-08-29,True,,3c15af843683276a86a606e58e81bd2f7fe5b0d077e9b0ac9ee4f594a2a16209,656640,500x650,1.0,212.0,610.0,4095.0,8.307692307692307e-05,TRES-5,2026-08-28T23:07:06.017-0700,61281.255,60.0,True
database\observations\2026-08-29\TRES-5\session_01\TRES-5260829060851.fits,science,TRES-5,2026-08-29,True,,31125f9771848d6d80b126ffce3a6cbc65bc6d6be63c73c74b8c86b00ba821e9,656640,500x650,1.0,213.0,611.0,4095.0,7.076923076923076e-05,TRES-5,2026-08-28T23:08:51.200-0700,61281.256,60.0,True
database\observations\2026-08-29\TRES-5\session_01\TRES-5260829061035.fits,science,TRES-5,2026-08-29,True,,72149660c30aaf973482d9f2914500c418887eda3909a62f983f16736ae3d6ea,656640,500x650,1.0,212.0,611.0,4095.0,8.923076923076924e-05,TRES-5,2026-08-28T23:10:35.381-0700,61281.257,60.0,True
database\observations\2026-08-29\TRES-5\session_01\TRES-5260829061219.fits,science,TRES-5,2026-08-29,True,,2cf3b1efbc99af05c1de0e0f9fc7e6585250827264c883e62402901cbad175b4,656640,500x650,1.0,212.0,610.0,4095.0,9.846153846153846e-05,TRES-5,2026-08-28T23:12:19.532-0700,61281.259,60.0,True
database\observations\2026-08-29\TRES-5\session_01\TRES-5260829061402.fits,science,TRES-5,2026-08-29,True,,9385b93289e0da016a6ae684d51a2c48abb450d5a8d60f1813f1f9a5db34fe43,656640,500x650,1.0,212.0,610.0,4095.0,9.23076923076923e-05,TRES-5,2026-08-28T23:14:02.685-0700,61281.26,60.0,True
database\observations\2026-08-29\TRES-5\session_01\TRES-5260829061546.fits,science,TRES-5,2026-08-29,True,,77f7fab4673e57d0c89b5f480846dc8a520abb1266cbc380e1962c89c6eae6fb,656640,500x650,1.0,211.0,610.0,4095.0,8.307692307692307e-05,TRES-5,2026-08-28T23:15:46.847-0700,61281.261,60.0,True
database\observations\2026-08-29\TRES-5\session_01\TRES-5260829061815.fits,science,TRES-5,2026-08-29,True,,30b1d135a5ac4828bc9794df697cf792edce57d940c17dda32fb079deead3296,656640,500x650,1.0,211.0,609.0,4095.0,7.692307692307693e-05,TRES-5,2026-08-28T23:18:15.305-0700,61281.263,60.0,True
database\observations\2026-08-29\TRES-5\session_01\TRES-5260829062115.fits,science,TRES-5,2026-08-29,True,,ce1b02e640a3957681f962130e20e8a3c44d248896359e14a6720a06b165a8b8,656640,500x650,1.0,211.0,608.0,4095.0,7.692307692307693e-05,TRES-5,2026-08-28T23:21:15.772-0700,61281.265,60.0,True
database\observations\2026-08-29\TRES-5\session_01\TRES-5260829062415.fits,science,TRES-5,2026-08-29,True,,a75b0ad396706b289b7a199de0bba5650fe64fae18d9aead6cd3dfc0ea276548,656640,500x650,1.0,212.0,608.0,4095.0,8.307692307692307e-05,TRES-5,2026-08-28T23:24:15.338-0700,61281.267,60.0,True
database\observations\2026-08-29\TRES-5\session_01\TRES-5260829062715.fits,science,TRES-5,2026-08-29,True,,46a3ccfc9c5f0606a1cacc5893ad8183e810430952687b154a5aa4cf3e647c2f,656640,500x650,1.0,210.0,607.0,4095.0,6.461538461538462e-05,TRES-5,2026-08-28T23:27:15.729-0700,61281.269,60.0,True
database\observations\2026-08-29\TRES-5\session_01\TRES-5260829063015.fits,science,TRES-5,2026-08-29,True,,90918ed415b4432a292a5efcfa1b3605d56c62a577e40a70f4d87eedde7dcab9,656640,500x650,1.0,213.0,606.0,4095.0,8e-05,TRES-5,2026-08-28T23:30:15.212-0700,61281.271,60.0,True
database\observations\2026-08-29\TRES-5\session_01\TRES-5260829063315.fits,science,TRES-5,2026-08-29,True,,ff31c3022e28d7473bc91dc19c39973b11a3eef6008f2278ebb5d15f5696b339,656640,500x650,1.0,211.0,607.0,4095.0,7.692307692307693e-05,TRES-5,2026-08-28T23:33:15.700-0700,61281.273,60.0,True
database\observations\2026-08-29\TRES-5\session_01\TRES-5260829063616.fits,science,TRES-5,2026-08-29,True,,5a7e6547d856d43ad5640cc0721d617f398c3986a6d6b011c3d7b24f9491a6dd,656640,500x650,1.0,212.0,610.0,4095.0,6.461538461538462e-05,TRES-5,2026-08-28T23:36:16.131-0700,61281.275,60.0,True
database\observations\2026-08-29\TRES-5\session_01\TRES-5260829063915.fits,science,TRES-5,2026-08-29,True,,084776a420b05a52e78a9d179cfd30b8d55e51707d9c8d71366caf85f607b10f,656640,500x650,1.0,213.0,609.0,4095.0,7.384615384615384e-05,TRES-5,2026-08-28T23:39:15.551-0700,61281.277,60.0,True
database\observations\2026-08-29\TRES-5\session_01\TRES-5260829064216.fits,science,TRES-5,2026-08-29,True,,1d4fc076f7f33dd296d3f98878a284f5e9f4805ad68ad8458581f33d947f111b,656640,500x650,1.0,211.0,609.0,4095.0,8e-05,TRES-5,2026-08-28T23:42:16.888-0700,61281.279,60.0,True
database\observations\2026-08-29\TRES-5\session_01\TRES-5260829064515.fits,science,TRES-5,2026-08-29,True,,18e6ba651034e6d46579edeabe0be35ed2f72c3ec0fdfb2b13df9b053142f638,656640,500x650,1.0,211.0,609.0,4095.0,7.384615384615384e-05,TRES-5,2026-08-28T23:45:15.161-0700,61281.281,60.0,True
database\observations\2026-08-29\TRES-5\session_01\TRES-5260829064815.fits,science,TRES-5,2026-08-29,True,,3120e842c1831082df04ac737e7afc50a103d69b20e7e3823cf9db9b223dd6a0,656640,500x650,1.0,213.0,609.0,4095.0,6.461538461538462e-05,TRES-5,2026-08-28T23:48:15.637-0700,61281.284,60.0,True
database\observations\2026-08-29\TRES-5\session_01\TRES-5260829065115.fits,science,TRES-5,2026-08-29,True,,e7ceb6c2118733324511923b1f6b89947d2637e8cc75d13b81143d886e568c46,656640,500x650,1.0,213.0,612.0,4095.0,7.076923076923076e-05,TRES-5,2026-08-28T23:51:15.957-0700,61281.286,60.0,True
database\observations\2026-08-29\TRES-5\session_01\TRES-5260829065415.fits,science,TRES-5,2026-08-29,True,,e838f50250af6ada2b7d2c0e8b44ee273c0f5f5d7240a1d2f0e916c73fe607da,656640,500x650,1.0,212.0,614.0,4095.0,8e-05,TRES-5,2026-08-28T23:54:15.369-0700,61281.288,60.0,True
database\observations\2026-08-29\TRES-5\session_01\TRES-5260829065715.fits,science,TRES-5,2026-08-29,True,,9e3482da09ca8f0fd99e3362839bfebfaba1e3e2c0c614f5032ba23a7a07435e,656640,500x650,1.0,212.0,614.0,4095.0,7.384615384615384e-05,TRES-5,2026-08-28T23:57:15.811-0700,61281.29,60.0,True
database\observations\2026-08-29\TRES-5\session_01\TRES-5260829070015.fits,science,TRES-5,2026-08-29,True,,ad31e6f3eb702fefd17004135e339b174c5d88ab3b32f41ff3e6222c32b14024,656640,500x650,1.0,212.0,616.0,4095.0,7.076923076923076e-05,TRES-5,2026-08-29T00:00:15.243-0700,61281.292,60.0,True
database\observations\2026-08-29\TRES-5\session_01\TRES-5260829070315.fits,science,TRES-5,2026-08-29,True,,7f19548628a53ef535c935f5bfcb8520e0788a7ef8bf385785f75d3ba4e56451,656640,500x650,1.0,213.0,618.0,4095.0,7.384615384615384e-05,TRES-5,2026-08-29T00:03:15.751-0700,61281.294,60.0,True
database\observations\2026-08-29\TRES-5\session_01\TRES-5260829070615.fits,science,TRES-5,2026-08-29,True,,46a77c73b96dce2dc64c87be82c0857f27ab8fc694c89514b92ca945c6d2f09a,656640,500x650,1.0,212.0,620.0,4095.0,7.692307692307693e-05,TRES-5,2026-08-29T00:06:15.168-0700,61281.296,60.0,True
database\observations\2026-08-29\TRES-5\session_01\TRES-5260829070915.fits,science,TRES-5,2026-08-29,True,,9fd7192473ac41caa9fbb26e85640b7c08886ca7a5dd3b70a59d53efe5a3eb05,656640,500x650,1.0,213.0,620.0,4095.0,7.692307692307693e-05,TRES-5,2026-08-29T00:09:15.569-0700,61281.298,60.0,True
database\observations\2026-08-29\TRES-5\session_01\TRES-5260829071215.fits,science,TRES-5,2026-08-29,True,,fdaf840086a11eb0e2d6b80ee4913aa6977a07d07a9bd26b4d65c3bcbc4681b0,656640,500x650,1.0,212.0,623.0,4095.0,7.692307692307693e-05,TRES-5,2026-08-29T00:12:15.980-0700,61281.3,60.0,True
database\observations\2026-08-29\TRES-5\session_01\TRES-5260829071516.fits,science,TRES-5,2026-08-29,True,,0bb8975e1468d187a0e19551c55af39bce28fc68419a7a93e76f9a48a64264ef,656640,500x650,1.0,213.0,625.0,4095.0,6.76923076923077e-05,TRES-5,2026-08-29T00:15:16.498-0700,61281.302,60.0,True
database\observations\2026-08-29\TRES-5\session_01\TRES-5260829071815.fits,science,TRES-5,2026-08-29,True,,497514808c2d3e0ec9408e10dd78afefb72a8455182f894f2c4831a5fa97d9f3,656640,500x650,1.0,213.0,626.0,4095.0,7.384615384615384e-05,TRES-5,2026-08-29T00:18:15.850-0700,61281.304,60.0,True
database\observations\2026-08-29\TRES-5\session_01\TRES-5260829072115.fits,science,TRES-5,2026-08-29,True,,775d88a1bf793583eb8d746c6bbeda4c5f40bc45a05e9dba3c803d8e9140f598,656640,500x650,1.0,212.0,626.0,4095.0,7.384615384615384e-05,TRES-5,2026-08-29T00:21:15.178-0700,61281.306,60.0,True
database\observations\2026-08-29\TRES-5\session_01\TRES-5260829072415.fits,science,TRES-5,2026-08-29,True,,58219c155e2437de4f9e4ffce27726a60a034eb33daf994e658faa5466b47749,656640,500x650,1.0,214.0,627.0,4095.0,7.384615384615384e-05,TRES-5,2026-08-29T00:24:15.633-0700,61281.309,60.0,True
database\observations\2026-08-29\TRES-5\session_01\TRES-5260829072716.fits,science,TRES-5,2026-08-29,True,,57946121596d742fb3f31c816a1feacba7107b9c69f837a8c69841d833da2833,656640,500x650,1.0,213.0,628.0,4095.0,8e-05,TRES-5,2026-08-29T00:27:16.103-0700,61281.311,60.0,True
database\observations\2026-08-29\TRES-5\session_01\TRES-5260829073016.fits,science,TRES-5,2026-08-29,True,,1dffa43fbc18a8e734fc9834dae320f650970af1ad3b5a63a8b4b6ba750f62fd,656640,500x650,1.0,213.0,629.0,4095.0,8.615384615384615e-05,TRES-5,2026-08-29T00:30:16.518-0700,61281.313,60.0,True
database\observations\2026-08-29\TRES-5\session_01\TRES-5260829073315.fits,science,TRES-5,2026-08-29,True,,e5e842343dc68225f9174b2288e34610ac5789dbbd8bcdda53560979499147e9,656640,500x650,1.0,212.0,629.0,4095.0,7.692307692307693e-05,TRES-5,2026-08-29T00:33:15.964-0700,61281.315,60.0,True
database\observations\2026-08-29\TRES-5\session_01\TRES-5260829073615.fits,science,TRES-5,2026-08-29,True,,8361e8465fa5b2f260b2dca7a28e6b6b28782dac8c1b221aa0489183b1379a43,656640,500x650,1.0,212.0,630.0,4095.0,7.692307692307693e-05,TRES-5,2026-08-29T00:36:15.339-0700,61281.317,60.0,True
database\observations\2026-08-29\TRES-5\session_01\TRES-5260829073915.fits,science,TRES-5,2026-08-29,True,,c59a3cc48ceef6f13b82cc13120b605784371c2fa0c485ad60eb6b260b8956e5,656640,500x650,1.0,213.0,632.0,4095.0,7.384615384615384e-05,TRES-5,2026-08-29T00:39:15.722-0700,61281.319,60.0,True
database\observations\2026-08-29\TRES-5\session_01\TRES-5260829074217.fits,science,TRES-5,2026-08-29,True,,5ca5a58c49972be88a10b806f1c1a7b1e2a1d94b89fba69b7f7598f47c1db07c,656640,500x650,1.0,212.0,633.0,4095.0,7.384615384615384e-05,TRES-5,2026-08-29T00:42:17.091-0700,61281.321,60.0,True
database\observations\2026-08-29\TRES-5\session_01\TRES-5260829074515.fits,science,TRES-5,2026-08-29,True,,e2e63cc7bf64b8fe016ed036514e52db9d37573722e82f70571ae2c89ed8d1dd,656640,500x650,1.0,213.0,633.0,4095.0,7.692307692307693e-05,TRES-5,2026-08-29T00:45:15.537-0700,61281.323,60.0,True
database\observations\2026-08-29\TRES-5\session_01\TRES-5260829074815.fits,science,TRES-5,2026-08-29,True,,0772c98ba9cadc8a620781d62852d0e64bd820dcb6be488dcfa849623d6494b2,656640,500x650,1.0,213.0,633.0,4095.0,7.076923076923076e-05,TRES-5,2026-08-29T00:48:15.862-0700,61281.325,60.0,True
database\observations\2026-08-29\TRES-5\session_01\TRES-5260829075115.fits,science,TRES-5,2026-08-29,True,,8d3f7623a1e323b331acff0e6b033554a8b50454b4ec33afe0f65a01be823512,656640,500x650,1.0,213.0,636.0,4095.0,6.76923076923077e-05,TRES-5,2026-08-29T00:51:15.293-0700,61281.327,60.0,True
database\observations\2026-08-29\TRES-5\session_01\TRES-5260829075415.fits,science,TRES-5,2026-08-29,True,,84c2162990b57b88db2e2a27c66ae7c367813ec44751c23d4fe9989d0cf21ec6,656640,500x650,1.0,213.0,636.0,4095.0,7.076923076923076e-05,TRES-5,2026-08-29T00:54:15.677-0700,61281.329,60.0,True
database\observations\2026-08-29\TRES-5\session_01\TRES-5260829075716.fits,science,TRES-5,2026-08-29,True,,b9d6e40fc95e745c84917e75b9ca8841b505571ca7dfed948af24bda5a0aab0e,656640,500x650,1.0,212.0,633.0,4095.0,6.153846153846154e-05,TRES-5,2026-08-29T00:57:16.066-0700,61281.331,60.0,True
database\observations\2026-08-29\TRES-5\session_01\TRES-5260829080015.fits,science,TRES-5,2026-08-29,True,,a5ff11ae7b6d6525db32725424651cfd536ef9e1e4076deeb6bc997d9a94887c,656640,500x650,1.0,213.0,636.0,4095.0,7.384615384615384e-05,TRES-5,2026-08-29T01:00:15.420-0700,61281.334,60.0,True
database\observations\2026-08-29\TRES-5\session_01\TRES-5260829080315.fits,science,TRES-5,2026-08-29,True,,1e0c41937c49aba6ddcd893e2a94521fc50123d750579a2df6ec9940e3d494ab,656640,500x650,1.0,212.0,636.0,4095.0,7.384615384615384e-05,TRES-5,2026-08-29T01:03:15.854-0700,61281.336,60.0,True
database\observations\2026-08-29\TRES-5\session_01\TRES-5260829080615.fits,science,TRES-5,2026-08-29,True,,68e6bc2d709211ddc78f696bd35aa88246e8911fee7ce823736cb1f755a30711,656640,500x650,1.0,211.0,639.0,4095.0,7.384615384615384e-05,TRES-5,2026-08-29T01:06:15.282-0700,61281.338,60.0,True
database\observations\2026-08-29\TRES-5\session_01\TRES-5260829080915.fits,science,TRES-5,2026-08-29,True,,eeded7fc829aa7c719bd9e32b13ba3ebe550808cdc2779ba3ee469ace8baa7f7,656640,500x650,1.0,213.0,641.0,4095.0,6.76923076923077e-05,TRES-5,2026-08-29T01:09:15.663-0700,61281.34,60.0,True
database\observations\2026-08-29\TRES-5\session_01\TRES-5260829081216.fits,science,TRES-5,2026-08-29,True,,01f50b1e7da4076c0394f0ec348bb270e1c9edf3dbaa6a44d4cd764e5ba29590,656640,500x650,1.0,212.0,641.0,4095.0,7.076923076923076e-05,TRES-5,2026-08-29T01:12:16.129-0700,61281.342,60.0,True
database\observations\2026-08-29\TRES-5\session_01\TRES-5260829081515.fits,science,TRES-5,2026-08-29,True,,e9eb30632698c5c6ff2eb5a999953cbd74459851ea6ae19f1fbc97584fc23e87,656640,500x650,1.0,212.0,642.0,4095.0,7.076923076923076e-05,TRES-5,2026-08-29T01:15:15.528-0700,61281.344,60.0,True
database\observations\2026-08-29\TRES-5\session_01\TRES-5260829081815.fits,science,TRES-5,2026-08-29,True,,1c6f44dd8b77b2fad6568f6f8d44dbb06f7a392ad65f2f0513d36694bcafa6b3,656640,500x650,1.0,214.0,644.0,4095.0,6.461538461538462e-05,TRES-5,2026-08-29T01:18:15.920-0700,61281.346,60.0,True
database\observations\2026-08-29\TRES-5\session_01\TRES-5260829082115.fits,science,TRES-5,2026-08-29,True,,adffec431ff81b640623b9e3df3edaa3d65e8b1cc37c7576e7303ee71607b28a,656640,500x650,1.0,212.0,645.0,4095.0,7.076923076923076e-05,TRES-5,2026-08-29T01:21:15.467-0700,61281.348,60.0,True
database\observations\2026-08-29\TRES-5\session_01\TRES-5260829082415.fits,science,TRES-5,2026-08-29,True,,3bcf3fde9dea00d35e6302f7c1b8a689b91a8197fb043abcb86b43056e62f187,656640,500x650,1.0,214.0,646.0,4095.0,7.076923076923076e-05,TRES-5,2026-08-29T01:24:15.856-0700,61281.35,60.0,True
database\observations\2026-08-29\TRES-5\session_01\TRES-5260829082715.fits,science,TRES-5,2026-08-29,True,,3c631f5850e0601e8e4cd35cc50deadd0216fdb3eadb20ad09a7847f36592923,656640,500x650,1.0,212.0,651.0,4095.0,8.307692307692307e-05,TRES-5,2026-08-29T01:27:15.404-0700,61281.352,60.0,True
database\observations\2026-08-29\TRES-5\session_01\TRES-5260829083016.fits,science,TRES-5,2026-08-29,True,,7e404985d4c4bf1e5b547487b7e750287f04c2cab261fca96ab3c791c6716ab3,656640,500x650,1.0,213.0,651.0,4095.0,7.384615384615384e-05,TRES-5,2026-08-29T01:30:16.906-0700,61281.354,60.0,True
database\observations\2026-08-29\TRES-5\session_01\TRES-5260829083315.fits,science,TRES-5,2026-08-29,True,,4024cd6e05ab40888f63e6b90f4268ac01f3b4e13e130451409937619e439149,656640,500x650,1.0,213.0,652.0,4095.0,7.076923076923076e-05,TRES-5,2026-08-29T01:33:15.277-0700,61281.356,60.0,True
database\observations\2026-08-29\TRES-5\session_01\TRES-5260829083615.fits,science,TRES-5,2026-08-29,True,,c43d3f0a829c6dbbb578c24bb632d77e90de0c6886441e556632d325623f693b,656640,500x650,1.0,212.0,649.0,4095.0,7.076923076923076e-05,TRES-5,2026-08-29T01:36:15.754-0700,61281.359,60.0,True
database\observations\2026-08-29\TRES-5\session_01\TRES-5260829083915.fits,science,TRES-5,2026-08-29,True,,3273a4d6bd6f1ea15dbc90f1a84c963c03723b07ba2bfe2cab27a2ac5c131a65,656640,500x650,1.0,211.0,648.0,4095.0,7.076923076923076e-05,TRES-5,2026-08-29T01:39:15.249-0700,61281.361,60.0,True
database\observations\2026-08-29\TRES-5\session_01\TRES-5260829084215.fits,science,TRES-5,2026-08-29,True,,7f6a9595aaf456fae669b969f73f761bab5037a30ec7b0ad587409b9083a5fa3,656640,500x650,1.0,213.0,651.0,4095.0,7.076923076923076e-05,TRES-5,2026-08-29T01:42:15.643-0700,61281.363,60.0,True
database\observations\2026-08-29\TRES-5\session_01\TRES-5260829084516.fits,science,TRES-5,2026-08-29,True,,42059a6ed1c74742f79654dacc8c597209d0b2d0822e5892123f16a8ae74457e,656640,500x650,1.0,213.0,655.0,4095.0,6.76923076923077e-05,TRES-5,2026-08-29T01:45:16.078-0700,61281.365,60.0,True
database\observations\2026-08-29\TRES-5\session_01\TRES-5260829084815.fits,science,TRES-5,2026-08-29,True,,f7db90a1a246909ffe65f8c85489b8a16991ba2e40c0c302e48453432be4d38b,656640,500x650,1.0,214.0,661.0,4095.0,6.461538461538462e-05,TRES-5,2026-08-29T01:48:15.461-0700,61281.367,60.0,True
database\observations\2026-08-29\TRES-5\session_01\TRES-5260829085115.fits,science,TRES-5,2026-08-29,True,,660ab1bdea48018a42a55c23abf009b113705d20badeb96b87f738964c4ce2e4,656640,500x650,1.0,214.0,661.0,4095.0,8e-05,TRES-5,2026-08-29T01:51:15.906-0700,61281.369,60.0,True
database\observations\2026-08-29\TRES-5\session_01\TRES-5260829085415.fits,science,TRES-5,2026-08-29,True,,66903825ea78b4fcdcc5789869239255938214c86b18d9be05b94272831c8c69,656640,500x650,1.0,213.0,662.0,4095.0,6.76923076923077e-05,TRES-5,2026-08-29T01:54:15.345-0700,61281.371,60.0,True
database\observations\2026-08-29\TRES-5\session_01\TRES-5260829085715.fits,science,TRES-5,2026-08-29,True,,a263d28e6628ae99b9295a10ad10e2f51204b42e761941bdec16658bfbe176b5,656640,500x650,1.0,213.0,661.0,4095.0,6.76923076923077e-05,TRES-5,2026-08-29T01:57:15.871-0700,61281.373,60.0,True
database\observations\2026-08-29\TRES-5\session_01\TRES-5260829090015.fits,science,TRES-5,2026-08-29,True,,9191136b3098e0e4f7570650ac39d23b7179e45acccaf55f4d06383341899e3b,656640,500x650,1.0,213.0,663.0,4095.0,7.384615384615384e-05,TRES-5,2026-08-29T02:00:15.275-0700,61281.375,60.0,True
database\observations\2026-08-29\TRES-5\session_01\TRES-5260829090315.fits,science,TRES-5,2026-08-29,True,,2c861c925f402a7fcc296e75a535031d7194352b10991098fe6669c2ace525cf,656640,500x650,1.0,214.0,665.0,4095.0,8.615384615384615e-05,TRES-5,2026-08-29T02:03:15.642-0700,61281.377,60.0,True
database\observations\2026-08-29\TRES-5\session_01\TRES-5260829090617.fits,science,TRES-5,2026-08-29,True,,482bf02b0dc675df17f59aaffe3289baea6febc4cecfe89c0fa9610aec547413,656640,500x650,1.0,216.0,669.0,4095.0,8.307692307692307e-05,TRES-5,2026-08-29T02:06:17.119-0700,61281.379,60.0,True
database\observations\2026-08-29\TRES-5\session_01\TRES-5260829090915.fits,science,TRES-5,2026-08-29,True,,cb4bc31eb27b365a931d4912599d54fca8a52a08f06cb19789404ac46ec95837,656640,500x650,1.0,214.0,669.0,4095.0,7.076923076923076e-05,TRES-5,2026-08-29T02:09:15.603-0700,61281.381,60.0,True
database\observations\2026-08-29\TRES-5\session_01\TRES-5260829091216.fits,science,TRES-5,2026-08-29,True,,3fcf81575d3cbc2f5afca74cfedcaaa8e6f1a0ffee2910be2a01bd729f986e80,656640,500x650,1.0,214.0,668.0,4095.0,6.461538461538462e-05,TRES-5,2026-08-29T02:12:16.082-0700,61281.384,60.0,True
database\observations\2026-08-29\TRES-5\session_01\TRES-5260829091516.fits,science,TRES-5,2026-08-29,True,,761afef7de3dbbf10f40a8fab47bcedf680776341654269263d1739f0c1c820c,656640,500x650,1.0,213.0,666.0,4095.0,8e-05,TRES-5,2026-08-29T02:15:16.553-0700,61281.386,60.0,True
database\observations\2026-08-29\TRES-5\session_01\TRES-5260829091817.fits,science,TRES-5,2026-08-29,True,,6e70547f9e48ca4beb83e6ed61082acfa9ce388f1806b8568bb993424dac22dc,656640,500x650,1.0,214.0,667.0,4095.0,7.692307692307693e-05,TRES-5,2026-08-29T02:18:17.035-0700,61281.388,60.0,True
database\observations\2026-08-29\TRES-5\session_01\TRES-5260829092115.fits,science,TRES-5,2026-08-29,True,,870363062a487a7f9f9da73e042a9e647e385f64fb1778a144a5fa4684308087,656640,500x650,1.0,213.0,667.0,4095.0,6.153846153846154e-05,TRES-5,2026-08-29T02:21:15.391-0700,61281.39,60.0,True
database\observations\2026-08-29\TRES-5\session_01\TRES-5260829092415.fits,science,TRES-5,2026-08-29,True,,16e62d5bfc21b782dca3cb4d1324572fe126338e7ce521c690791aa53364963c,656640,500x650,1.0,214.0,668.0,4095.0,8.923076923076924e-05,TRES-5,2026-08-29T02:24:15.733-0700,61281.392,60.0,True
database\observations\2026-08-29\TRES-5\session_01\TRES-5260829092716.fits,science,TRES-5,2026-08-29,True,,ff27978692471f10a763e8e5c78aec4b60ea6a3458e6084274bb7ac96438b433,656640,500x650,1.0,214.0,668.0,4095.0,7.692307692307693e-05,TRES-5,2026-08-29T02:27:16.120-0700,61281.394,60.0,True
database\observations\2026-08-29\TRES-5\session_01\TRES-5260829093015.fits,science,TRES-5,2026-08-29,True,,413d730f8d8b8458ff9edfc7ac768e700d4db1a7e69cb5bcb4f155fd67d0f1a5,656640,500x650,1.0,215.0,670.0,4095.0,7.076923076923076e-05,TRES-5,2026-08-29T02:30:15.547-0700,61281.396,60.0,True
database\observations\2026-08-30\CoRoT-2\session_01\CoRoT-2260830031836.fits,science,CoRoT-2,2026-08-30,True,,6da472e4ed6a9c8b4bd4cb873f5af8b19e75c371c52ef24f6045968655994f18,656640,500x650,1.0,204.0,420.0,3241.0,0.0,CoRoT-2,2026-08-29T20:18:36.985-0700,61282.138,60.0,True
database\observations\2026-08-30\CoRoT-2\session_01\CoRoT-2260830032115.fits,science,CoRoT-2,2026-08-30,True,,08605972a9f542f62972e93098602a843ca63ba614cc1a26e5af96e7b7b0469e,656640,500x650,1.0,205.0,428.0,3290.0,0.0,CoRoT-2,2026-08-29T20:21:15.622-0700,61282.14,60.0,True
database\observations\2026-08-30\CoRoT-2\session_01\CoRoT-2260830032417.fits,science,CoRoT-2,2026-08-30,True,,b43b8c46695f10b8138fd3a598d1607d3c2bf9dc6f5b48eeb95edfe2c8198a15,656640,500x650,1.0,205.0,426.0,3290.0,0.0,CoRoT-2,2026-08-29T20:24:17.067-0700,61282.142,60.0,True
database\observations\2026-08-30\CoRoT-2\session_01\CoRoT-2260830032716.fits,science,CoRoT-2,2026-08-30,True,,3eb53f72a0b5f319d4e6df58dbf252943140897d42dfccab0cfb8c29932c0eb4,656640,500x650,1.0,205.0,441.0,3269.0,0.0,CoRoT-2,2026-08-29T20:27:16.462-0700,61282.144,60.0,True
database\observations\2026-08-30\CoRoT-2\session_01\CoRoT-2260830033015.fits,science,CoRoT-2,2026-08-30,True,,06e1232a2d34e7f716a86eac97b883b98fa3cedf755be4c992d39dcd7a44abb0,656640,500x650,1.0,206.0,457.0,3306.0,0.0,CoRoT-2,2026-08-29T20:30:15.898-0700,61282.146,60.0,True
database\observations\2026-08-30\CoRoT-2\session_01\CoRoT-2260830033315.fits,science,CoRoT-2,2026-08-30,True,,a66d2d9ae9a238f0fdb4fbc03cf4a33e0b6f64af2af96e09af9cc99e39aec32a,656640,500x650,1.0,207.0,469.0,3258.0,0.0,CoRoT-2,2026-08-29T20:33:15.404-0700,61282.148,60.0,True
database\observations\2026-08-30\CoRoT-2\session_01\CoRoT-2260830033616.fits,science,CoRoT-2,2026-08-30,True,,40cae64f1c0eef0ac4754a32212bdb4abb1aba44e060862966eded060787aeac,656640,500x650,1.0,208.0,468.0,3307.0,0.0,CoRoT-2,2026-08-29T20:36:16.805-0700,61282.15,60.0,True
database\observations\2026-08-30\CoRoT-2\session_01\CoRoT-2260830033916.fits,science,CoRoT-2,2026-08-30,True,,acf71433c5c883cc6634071daff94254d938114c18063d239c51ab8ccb7ecb1b,656640,500x650,1.0,208.0,515.0,3323.0,0.0,CoRoT-2,2026-08-29T20:39:16.321-0700,61282.152,60.0,True
database\observations\2026-08-30\CoRoT-2\session_01\CoRoT-2260830034215.fits,science,CoRoT-2,2026-08-30,True,,78c1ac4c64f9c7e1532ba0b701df41bbaeb943e69379390fbe93baba840079be,656640,500x650,1.0,210.0,538.0,3326.0,0.0,CoRoT-2,2026-08-29T20:42:15.761-0700,61282.154,60.0,True
database\observations\2026-08-30\CoRoT-2\session_01\CoRoT-2260830034515.fits,science,CoRoT-2,2026-08-30,True,,8efc944201ce7b691ef47dc6bf37e872ef35ce256373c6ba847c88e901014294,656640,500x650,1.0,212.0,553.0,3350.0,0.0,CoRoT-2,2026-08-29T20:45:15.139-0700,61282.156,60.0,True
database\observations\2026-08-30\CoRoT-2\session_01\CoRoT-2260830034816.fits,science,CoRoT-2,2026-08-30,True,,589b563e4be1696ee789ddf43b99a34184dafd96f7c4f1dfd3b7ff08040295a0,656640,500x650,1.0,211.0,561.0,3356.0,0.0,CoRoT-2,2026-08-29T20:48:16.590-0700,61282.159,60.0,True
database\observations\2026-08-30\CoRoT-2\session_01\CoRoT-2260830035116.fits,science,CoRoT-2,2026-08-30,True,,ad6dbf8e9b925433acadbd58b55117fb61050aa20388e933fc777fc019b5e697,656640,500x650,1.0,212.0,580.0,3279.0,0.0,CoRoT-2,2026-08-29T20:51:16.173-0700,61282.161,60.0,True
database\observations\2026-08-30\CoRoT-2\session_01\CoRoT-2260830035415.fits,science,CoRoT-2,2026-08-30,True,,d73a7c771cd61a38c988fa9479782111e8b4c37614952683fe0eaea9a96994f4,656640,500x650,1.0,212.0,583.0,3362.0,0.0,CoRoT-2,2026-08-29T20:54:15.552-0700,61282.163,60.0,True
database\observations\2026-08-30\CoRoT-2\session_01\CoRoT-2260830035716.fits,science,CoRoT-2,2026-08-30,True,,345a9e700edf1ad646e061368f87cb59b7348118c9847d69de58ecb825ceef69,656640,500x650,1.0,213.0,595.0,3226.0,0.0,CoRoT-2,2026-08-29T20:57:16.158-0700,61282.165,60.0,True
database\observations\2026-08-30\CoRoT-2\session_01\CoRoT-2260830040015.fits,science,CoRoT-2,2026-08-30,True,,4f5ace7d84d4694f69eaa54ca6ed66c35888cc9660b602570e11274c60ec76c6,656640,500x650,1.0,213.0,592.0,3376.0,0.0,CoRoT-2,2026-08-29T21:00:15.706-0700,61282.167,60.0,True
database\observations\2026-08-30\CoRoT-2\session_01\CoRoT-2260830040316.fits,science,CoRoT-2,2026-08-30,True,,71a93a2fa67b3a218ed712bf224b89c760f7ba25d0e25578fc019a9e6d49a655,656640,500x650,1.0,212.0,613.0,3380.0,0.0,CoRoT-2,2026-08-29T21:03:16.188-0700,61282.169,60.0,True
database\observations\2026-08-30\CoRoT-2\session_01\CoRoT-2260830040615.fits,science,CoRoT-2,2026-08-30,True,,6dae5703e536163fb081261aa40ad7b0bda7d960767c8a029f4ae25100db6006,656640,500x650,1.0,213.0,611.0,3243.0,0.0,CoRoT-2,2026-08-29T21:06:15.717-0700,61282.171,60.0,True
database\observations\2026-08-30\CoRoT-2\session_01\CoRoT-2260830040916.fits,science,CoRoT-2,2026-08-30,True,,5e0694a648c064c155558703bc3695201f5aa65b6a6d742f4ceb9674649f54cc,656640,500x650,1.0,216.0,676.0,3414.0,0.0,CoRoT-2,2026-08-29T21:09:16.244-0700,61282.173,60.0,True
database\observations\2026-08-30\CoRoT-2\session_01\CoRoT-2260830041215.fits,science,CoRoT-2,2026-08-30,True,,b75d4a67dad95316afe32c000c4596ca91bf2ba33cfc58cfb0b711f0beb7d453,656640,500x650,1.0,219.0,720.0,3414.0,0.0,CoRoT-2,2026-08-29T21:12:15.764-0700,61282.175,60.0,True
database\observations\2026-08-30\CoRoT-2\session_01\CoRoT-2260830041515.fits,science,CoRoT-2,2026-08-30,True,,25236b919a7843839f8baf334e982dc0298b7dd2e2ff4f418dde817f990346a2,656640,500x650,1.0,221.0,769.0,3361.0,0.0,CoRoT-2,2026-08-29T21:15:15.280-0700,61282.177,60.0,True
database\observations\2026-08-30\CoRoT-2\session_01\CoRoT-2260830041816.fits,science,CoRoT-2,2026-08-30,True,,fcfdcbd5b9b9986f6dfbf26f437ed37b8f39a0cc76e774aac6593e72dd26a30f,656640,500x650,1.0,223.0,837.0,3490.0,0.0,CoRoT-2,2026-08-29T21:18:16.584-0700,61282.179,60.0,True
database\observations\2026-08-30\CoRoT-2\session_01\CoRoT-2260830042116.fits,science,CoRoT-2,2026-08-30,True,,73ad140999dd1d2609d3c21a23959c984c63206ec6bfbd68cfe6ca42b2fb70e8,656640,500x650,1.0,227.0,906.0,3532.0,0.0,CoRoT-2,2026-08-29T21:21:16.025-0700,61282.181,60.0,True
database\observations\2026-08-30\CoRoT-2\session_01\CoRoT-2260830042415.fits,science,CoRoT-2,2026-08-30,True,,505daa9402946648d9537c9587f8e500ee8857b19d30f4da4cbc1d43f24dfdf6,656640,500x650,1.0,230.0,962.0,3525.0,0.0,CoRoT-2,2026-08-29T21:24:15.466-0700,61282.184,60.0,True
database\observations\2026-08-30\CoRoT-2\session_01\CoRoT-2260830042715.fits,science,CoRoT-2,2026-08-30,True,,f13fbe7cce55718acc0daf67d60e91f4abba3a3ec542472be2a2af7fdff57494,656640,500x650,1.0,232.0,993.0,3566.0,0.0,CoRoT-2,2026-08-29T21:27:15.806-0700,61282.186,60.0,True
database\observations\2026-08-30\CoRoT-2\session_01\CoRoT-2260830043015.fits,science,CoRoT-2,2026-08-30,True,,241bff9550c7e77035483a62898c33af6f4fb0e18c85d42bdaff8074e07e0a6e,656640,500x650,1.0,233.0,1007.0,3575.0,0.0,CoRoT-2,2026-08-29T21:30:15.285-0700,61282.188,60.0,True
database\observations\2026-08-30\CoRoT-2\session_01\CoRoT-2260830043316.fits,science,CoRoT-2,2026-08-30,True,,3b348c530141bdea633a6ceb90f417152b98c519757876e117edb165160ddcf4,656640,500x650,1.0,234.0,1033.0,3588.0,0.0,CoRoT-2,2026-08-29T21:33:16.662-0700,61282.19,60.0,True
database\observations\2026-08-30\CoRoT-2\session_01\CoRoT-2260830043616.fits,science,CoRoT-2,2026-08-30,True,,e432381aa979e6e4e759b299a1517f184dcc2b4fb28c0c00f0c1556f42703909,656640,500x650,1.0,234.0,1068.0,3607.0,0.0,CoRoT-2,2026-08-29T21:36:16.130-0700,61282.192,60.0,True
database\observations\2026-08-30\CoRoT-2\session_01\CoRoT-2260830043916.fits,science,CoRoT-2,2026-08-30,True,,99ce218288745d1c2d001cb71d79c3ce8931eb02fb4f24ebdd759da7c952e5c1,656640,500x650,1.0,239.0,1101.0,3618.0,0.0,CoRoT-2,2026-08-29T21:39:16.588-0700,61282.194,60.0,True
database\observations\2026-08-30\CoRoT-2\session_01\CoRoT-2260830044216.fits,science,CoRoT-2,2026-08-30,True,,0da83fe8fa72f022b64a91a3c73cc21f47c5d4a27842a9ed202fbc7a92f47920,656640,500x650,1.0,238.0,1150.0,3636.0,0.0,CoRoT-2,2026-08-29T21:42:16.043-0700,61282.196,60.0,True
database\observations\2026-08-30\CoRoT-2\session_01\CoRoT-2260830044515.fits,science,CoRoT-2,2026-08-30,True,,b58b2410e63039cce65aaacc61f49821d63eb4a08aa2901045d4dec3608066d7,656640,500x650,1.0,240.0,1169.0,3657.0,0.0,CoRoT-2,2026-08-29T21:45:15.396-0700,61282.198,60.0,True
database\observations\2026-08-30\CoRoT-2\session_01\CoRoT-2260830044815.fits,science,CoRoT-2,2026-08-30,True,,19e6c489714dc5bfd101fdf7ca8184647cd1e882c188d3a61adf05926f813658,656640,500x650,1.0,242.0,1204.0,3674.0,0.0,CoRoT-2,2026-08-29T21:48:15.835-0700,61282.2,60.0,True
database\observations\2026-08-30\CoRoT-2\session_01\CoRoT-2260830045115.fits,science,CoRoT-2,2026-08-30,True,,24a8897ed2e67022d95681f89a7a458c2e42026ad450530bdaa35a6b9c917302,656640,500x650,1.0,244.0,1237.0,3684.0,0.0,CoRoT-2,2026-08-29T21:51:15.168-0700,61282.202,60.0,True
database\observations\2026-08-30\CoRoT-2\session_01\CoRoT-2260830045415.fits,science,CoRoT-2,2026-08-30,True,,2407aeb78bd0cda7b13f5fd8d38a928c0a4b636b59b1383aed3b0281736b59ea,656640,500x650,1.0,243.0,1255.0,3703.0,0.0,CoRoT-2,2026-08-29T21:54:15.581-0700,61282.204,60.0,True
database\observations\2026-08-30\CoRoT-2\session_01\CoRoT-2260830045716.fits,science,CoRoT-2,2026-08-30,True,,79502bd8882c5def05775aed97e99bcc779edd3778989ee14c7441026bbdae53,656640,500x650,1.0,247.0,1295.0,3714.0,0.0,CoRoT-2,2026-08-29T21:57:16.045-0700,61282.206,60.0,True
database\observations\2026-08-30\CoRoT-2\session_01\CoRoT-2260830050015.fits,science,CoRoT-2,2026-08-30,True,,123bab6f0f45b6bce160eaa577c5630242a6623ee6cc3fd45d18263d6b7022b0,656640,500x650,1.0,247.0,1346.0,3748.0,0.0,CoRoT-2,2026-08-29T22:00:15.458-0700,61282.209,60.0,True
database\observations\2026-08-30\CoRoT-2\session_01\CoRoT-2260830050315.fits,science,CoRoT-2,2026-08-30,True,,76e5bf6a354d2ac03c611163088b752bb0e978bd1bb68f9999292ee12eb5f094,656640,500x650,1.0,250.0,1360.0,3750.0,0.0,CoRoT-2,2026-08-29T22:03:15.941-0700,61282.211,60.0,True
database\observations\2026-08-30\CoRoT-2\session_01\CoRoT-2260830050615.fits,science,CoRoT-2,2026-08-30,True,,4b0c4e403c426e47a9d41e973fc4658a6306b35d032d80f3dfb0b44618f35083,656640,500x650,1.0,246.0,1336.0,3728.0,0.0,CoRoT-2,2026-08-29T22:06:15.552-0700,61282.213,60.0,True
database\observations\2026-08-30\CoRoT-2\session_01\CoRoT-2260830050915.fits,science,CoRoT-2,2026-08-30,True,,04de8f79532b7d4927cb74b608c962b04336c0a51038829bdb596d91553a255b,656640,500x650,1.0,245.0,1309.0,3728.0,0.0,CoRoT-2,2026-08-29T22:09:15.990-0700,61282.215,60.0,True
database\observations\2026-08-30\CoRoT-2\session_01\CoRoT-2260830051216.fits,science,CoRoT-2,2026-08-30,True,,de67dc7306131747028bd32f39450fd8de1b79b4070c9d0d8b3b6e45dfa5db68,656640,500x650,1.0,246.0,1313.0,3726.0,0.0,CoRoT-2,2026-08-29T22:12:16.403-0700,61282.217,60.0,True
database\observations\2026-08-30\CoRoT-2\session_01\CoRoT-2260830051515.fits,science,CoRoT-2,2026-08-30,True,,ddf2f82db6b220c8bc762afe91505380613967af5c067c85e7fb25f9ded5ed8d,656640,500x650,1.0,247.0,1330.0,3733.0,0.0,CoRoT-2,2026-08-29T22:15:15.707-0700,61282.219,60.0,True
database\observations\2026-08-30\CoRoT-2\session_01\CoRoT-2260830051815.fits,science,CoRoT-2,2026-08-30,True,,47203020558b5bb7ae37e96595479bbad905370a89374ef8dfae023aabf9c5fb,656640,500x650,1.0,246.0,1308.0,3723.0,0.0,CoRoT-2,2026-08-29T22:18:15.171-0700,61282.221,60.0,True
database\observations\2026-08-30\CoRoT-2\session_01\CoRoT-2260830052115.fits,science,CoRoT-2,2026-08-30,True,,ae5e0cb573323f8519dcca37f065fb1f30debf200d4bad592f542e11bccb04f0,656640,500x650,1.0,245.0,1289.0,3723.0,0.0,CoRoT-2,2026-08-29T22:21:15.636-0700,61282.223,60.0,True
database\observations\2026-08-30\CoRoT-2\session_01\CoRoT-2260830052416.fits,science,CoRoT-2,2026-08-30,True,,f9918bf80c218c6708fa4d5758e2fe3b8a8d660599ff499866c6eb104db4d92e,656640,500x650,1.0,243.0,1249.0,3693.0,0.0,CoRoT-2,2026-08-29T22:24:16.144-0700,61282.225,60.0,True
database\observations\2026-08-30\CoRoT-2\session_01\CoRoT-2260830052715.fits,science,CoRoT-2,2026-08-30,True,,c6a193d5f12b620ac6134d607e0a8aac3194dd3c7cbf9fa24fc855681ca56b09,656640,500x650,1.0,242.0,1228.0,3695.0,0.0,CoRoT-2,2026-08-29T22:27:15.577-0700,61282.227,60.0,True
database\observations\2026-08-30\CoRoT-2\session_01\CoRoT-2260830053015.fits,science,CoRoT-2,2026-08-30,True,,368090d119cd8b0bcad94cf0203a684ae80fde70240b02f2daefd70e85cb110b,656640,500x650,1.0,239.0,1185.0,3664.0,0.0,CoRoT-2,2026-08-29T22:30:15.935-0700,61282.229,60.0,True
database\observations\2026-08-30\CoRoT-2\session_01\CoRoT-2260830053315.fits,science,CoRoT-2,2026-08-30,True,,dc5df95ce89b722d700e83de2df1a4808d87a9a31959b5ea07ba4cc5b7f5617d,656640,500x650,1.0,236.0,1135.0,3640.0,0.0,CoRoT-2,2026-08-29T22:33:15.423-0700,61282.231,60.0,True
database\observations\2026-08-30\CoRoT-2\session_01\CoRoT-2260830053615.fits,science,CoRoT-2,2026-08-30,True,,3fa6779084482f0374f65856701802e27897e6ff36c86e0ba675b956e81677b4,656640,500x650,1.0,237.0,1075.0,3611.0,0.0,CoRoT-2,2026-08-29T22:36:15.917-0700,61282.234,60.0,True
database\observations\2026-08-30\CoRoT-2\session_01\CoRoT-2260830053916.fits,science,CoRoT-2,2026-08-30,True,,839a99f3cf04413240a07934a2667532d7884963fde37888341122d236a9216f,656640,500x650,1.0,235.0,1038.0,3595.0,0.0,CoRoT-2,2026-08-29T22:39:16.312-0700,61282.236,60.0,True
database\observations\2026-08-30\CoRoT-2\session_01\CoRoT-2260830054215.fits,science,CoRoT-2,2026-08-30,True,,ce84fd90d576140d86d05fd181cfd8b053de8c93ed9048c8e2faf6b15e08d3c2,656640,500x650,1.0,232.0,998.0,3569.0,0.0,CoRoT-2,2026-08-29T22:42:15.764-0700,61282.238,60.0,True
database\observations\2026-08-30\CoRoT-2\session_01\CoRoT-2260830054517.fits,science,CoRoT-2,2026-08-30,True,,16db39f9264ce87c329abab80f1518c31747cef4b935e0be7cfe04a8dcc83199,656640,500x650,1.0,221.0,813.0,3716.0,0.0,CoRoT-2,2026-08-29T22:45:17.026-0700,61282.24,60.0,True
database\observations\2026-08-30\CoRoT-2\session_01\CoRoT-2260830054816.fits,science,CoRoT-2,2026-08-30,True,,e9bda65635d5eccb35e166cca9d2386d9ad02420ad6a530300604c10090d7e25,656640,500x650,1.0,215.0,669.0,4095.0,6.153846153846154e-06,CoRoT-2,2026-08-29T22:48:16.444-0700,61282.242,60.0,True
database\observations\2026-08-30\CoRoT-2\session_01\CoRoT-2260830055116.fits,science,CoRoT-2,2026-08-30,True,,24ad21bc9dacf76f21780af11b19477ea69c62e9e4e1b3c5fa2cca8404f28ffd,656640,500x650,1.0,210.0,582.0,4095.0,1.2307692307692308e-05,CoRoT-2,2026-08-29T22:51:16.829-0700,61282.244,60.0,True
database\observations\2026-08-30\CoRoT-2\session_01\CoRoT-2260830055415.fits,science,CoRoT-2,2026-08-30,True,,5e3e70051dd23751752cf4772e0057e4640936d0ce4185cbe64d6a38e611e85e,656640,500x650,1.0,210.0,573.0,4095.0,2.4615384615384616e-05,CoRoT-2,2026-08-29T22:54:15.274-0700,61282.246,60.0,True
database\observations\2026-08-30\CoRoT-2\session_01\CoRoT-2260830055715.fits,science,CoRoT-2,2026-08-30,True,,7db7a589cd6d50a7750bb78cc4e5bb119ab8bdadd2d5e69585e324cf71d746f2,656640,500x650,1.0,224.0,874.0,3529.0,0.0,CoRoT-2,2026-08-29T22:57:15.694-0700,61282.248,60.0,True
database\observations\2026-08-30\CoRoT-2\session_01\CoRoT-2260830060015.fits,science,CoRoT-2,2026-08-30,True,,221f04f53c7324778336909c120f5753c8c8ab7b0f887e85a8cb6c51bd98e8f4,656640,500x650,1.0,224.0,842.0,3498.0,0.0,CoRoT-2,2026-08-29T23:00:15.152-0700,61282.25,60.0,True
database\observations\2026-08-30\CoRoT-2\session_01\CoRoT-2260830060315.fits,science,CoRoT-2,2026-08-30,True,,735ba1ce8c79b42f082a3c202fd64e0c843e8442a03f544b1a51c919872726e2,656640,500x650,1.0,210.0,580.0,4095.0,1.5384615384615384e-05,CoRoT-2,2026-08-29T23:03:15.625-0700,61282.252,60.0,True
database\observations\2026-08-30\CoRoT-2\session_01\CoRoT-2260830060616.fits,science,CoRoT-2,2026-08-30,True,,d50cc00c818778048b0b2343383abe5ce70eba2f8326b7e015ecda6b0a495002,656640,500x650,1.0,210.0,570.0,4095.0,9.23076923076923e-06,CoRoT-2,2026-08-29T23:06:16.047-0700,61282.254,60.0,True
database\observations\2026-08-30\CoRoT-2\session_01\CoRoT-2260830060916.fits,science,CoRoT-2,2026-08-30,True,,e1b21f718cfddc64af01619c8ec96b37a05dd2697f359c7049e4cc37c1bab9bb,656640,500x650,1.0,212.0,576.0,4095.0,1.5384615384615384e-05,CoRoT-2,2026-08-29T23:09:16.488-0700,61282.256,60.0,True
database\observations\2026-08-30\CoRoT-2\session_01\CoRoT-2260830061215.fits,science,CoRoT-2,2026-08-30,True,,681859c9ba92b39b066d1dbc05b54009b01d784c0309622f4c5f401999471b47,656640,500x650,1.0,213.0,631.0,4095.0,9.23076923076923e-06,CoRoT-2,2026-08-29T23:12:15.933-0700,61282.259,60.0,True
database\observations\2026-08-30\CoRoT-2\session_01\CoRoT-2260830061516.fits,science,CoRoT-2,2026-08-30,True,,dc714423bad65b4988e8a42731d1b8924ec33c62cc0b925b91a6691c316bbdef,656640,500x650,1.0,218.0,695.0,4095.0,3.076923076923077e-06,CoRoT-2,2026-08-29T23:15:16.314-0700,61282.261,60.0,True
database\observations\2026-08-30\CoRoT-2\session_01\CoRoT-2260830061815.fits,science,CoRoT-2,2026-08-30,True,,a644048229ce3b2c6fcdc47d65bf890df245bdc8cf8bcb479f43aa9a9942cf2c,656640,500x650,1.0,237.0,1059.0,3581.0,0.0,CoRoT-2,2026-08-29T23:18:15.885-0700,61282.263,60.0,True
database\observations\2026-08-30\CoRoT-2\session_01\CoRoT-2260830062115.fits,science,CoRoT-2,2026-08-30,True,,69fb72b553cc55d6a21980366138bf9d2ea68b9fe2f0f1938a963c99ff0f35cf,656640,500x650,1.0,236.0,1036.0,3520.0,0.0,CoRoT-2,2026-08-29T23:21:15.278-0700,61282.265,60.0,True
database\observations\2026-08-30\CoRoT-2\session_01\CoRoT-2260830062415.fits,science,CoRoT-2,2026-08-30,True,,9cac08c14b426895c8c3d0b30a9884e9416a7d9ab534776e57de6b83e49a4b69,656640,500x650,1.0,237.0,1092.0,3589.0,0.0,CoRoT-2,2026-08-29T23:24:15.748-0700,61282.267,60.0,True
database\observations\2026-08-30\CoRoT-2\session_01\CoRoT-2260830062716.fits,science,CoRoT-2,2026-08-30,True,,378fda5436775827092bc9101aea000f82eb6c64da78d20e940d85b4ecb58dcc,656640,500x650,1.0,261.0,1595.0,3875.0,0.0,CoRoT-2,2026-08-29T23:27:16.159-0700,61282.269,60.0,True
database\observations\2026-08-30\CoRoT-2\session_01\CoRoT-2260830063015.fits,science,CoRoT-2,2026-08-30,True,,fb8e78ba3141e182b34218fe69c6f5fb8aefc8913838e1647448b7b7d70ff732,656640,500x650,1.0,271.0,1837.0,3978.0,0.0,CoRoT-2,2026-08-29T23:30:15.481-0700,61282.271,60.0,True
database\observations\2026-08-30\CoRoT-2\session_01\CoRoT-2260830063315.fits,science,CoRoT-2,2026-08-30,True,,e21b27d486e3a44a95185e4cfa77e18b2a2f143989a4a9ea7a6bac8f6ae9025c,656640,500x650,1.0,249.0,1316.0,3717.0,0.0,CoRoT-2,2026-08-29T23:33:15.944-0700,61282.273,60.0,True
database\observations\2026-08-30\CoRoT-2\session_01\CoRoT-2260830063615.fits,science,CoRoT-2,2026-08-30,True,,23ab79852f5bf9b790a4181741fa3173c96ad1c75774159b606e8759fae7c088,656640,500x650,1.0,251.0,1362.0,3753.0,0.0,CoRoT-2,2026-08-29T23:36:15.342-0700,61282.275,60.0,True
database\observations\2026-08-30\CoRoT-2\session_01\CoRoT-2260830063915.fits,science,CoRoT-2,2026-08-30,True,,8d614d32698e371f7f816254536c6f7f083a736b9d38f9b12b82ff777517af4b,656640,500x650,1.0,255.0,1491.0,3814.0,0.0,CoRoT-2,2026-08-29T23:39:15.783-0700,61282.277,60.0,True
database\observations\2026-08-30\CoRoT-2\session_01\CoRoT-2260830064217.fits,science,CoRoT-2,2026-08-30,True,,a2fc8ccbf3c783e359b56d30ad6fad71c99fdb3d4feb097abe6ff1269c671671,656640,500x650,1.0,255.0,1484.0,3809.0,0.0,CoRoT-2,2026-08-29T23:42:17.149-0700,61282.279,60.0,True
database\observations\2026-08-30\CoRoT-2\session_01\CoRoT-2260830064515.fits,science,CoRoT-2,2026-08-30,True,,13bd319e5b206aa48477b126be740d5bf3666012158810ede45206b6eb37e58b,656640,500x650,1.0,252.0,1430.0,3791.0,0.0,CoRoT-2,2026-08-29T23:45:15.619-0700,61282.281,60.0,True
database\observations\2026-08-30\CoRoT-2\session_01\CoRoT-2260830064816.fits,science,CoRoT-2,2026-08-30,True,,dafd4db9cfb4662a0ccf0f7f7615b8099952756763cb4be513dc0d3371897bf0,656640,500x650,1.0,247.0,1321.0,3728.0,0.0,CoRoT-2,2026-08-29T23:48:16.017-0700,61282.284,60.0,True
database\observations\2026-08-30\CoRoT-2\session_01\CoRoT-2260830065115.fits,science,CoRoT-2,2026-08-30,True,,3f62016eaccaba2215abf9218a25a0572340c858274d58ba505f9582ad317c05,656640,500x650,1.0,245.0,1269.0,3706.0,0.0,CoRoT-2,2026-08-29T23:51:15.541-0700,61282.286,60.0,True
database\observations\2026-08-30\CoRoT-2\session_01\CoRoT-2260830065417.fits,science,CoRoT-2,2026-08-30,True,,3e807ab4dda95316915d2398df4f22dd43e33453403f4db63a7b430cf790b1d0,656640,500x650,1.0,232.0,984.0,3548.0,0.0,CoRoT-2,2026-08-29T23:54:17.032-0700,61282.288,60.0,True
database\observations\2026-08-30\CoRoT-2\session_01\CoRoT-2260830065715.fits,science,CoRoT-2,2026-08-30,True,,196452d50f6447454833890f0933c683a96d39ac714816ae6bb259de50ddde89,656640,500x650,1.0,239.0,1203.0,3697.0,0.0,CoRoT-2,2026-08-29T23:57:15.526-0700,61282.29,60.0,True
database\observations\2026-08-30\CoRoT-2\session_01\CoRoT-2260830070016.fits,science,CoRoT-2,2026-08-30,True,,2b61cb1506fb1762bbb0068aaf0c75ebad7873fc1acdf4d6ea650de0487341c2,656640,500x650,1.0,227.0,892.0,3467.0,0.0,CoRoT-2,2026-08-30T00:00:16.085-0700,61282.292,60.0,True
database\observations\2026-08-30\CoRoT-2\session_01\CoRoT-2260830070316.fits,science,CoRoT-2,2026-08-30,True,,76bb070d49bfd96ce8c606d41188ccd10bcfec7d55e2602a5b7bf90ce9a632b6,656640,500x650,1.0,236.0,1092.0,3610.0,0.0,CoRoT-2,2026-08-30T00:03:16.619-0700,61282.294,60.0,True
database\observations\2026-08-30\CoRoT-2\session_01\CoRoT-2260830070616.fits,science,CoRoT-2,2026-08-30,True,,1cf34e01df25112271fe39819f8108eb488a6937ae3a4b3547268bb68c2d93e3,656640,500x650,1.0,234.0,997.0,3567.0,0.0,CoRoT-2,2026-08-30T00:06:16.057-0700,61282.296,60.0,True
database\observations\2026-08-30\CoRoT-2\session_01\CoRoT-2260830070915.fits,science,CoRoT-2,2026-08-30,True,,e6334ea8d49a27ad8eeb61c9b2a7837883e516565799180aec02969e049ebdd0,656640,500x650,1.0,232.0,1036.0,3599.0,0.0,CoRoT-2,2026-08-30T00:09:15.495-0700,61282.298,60.0,True
database\observations\2026-08-30\CoRoT-2\session_01\CoRoT-2260830071522.fits,science,CoRoT-2,2026-08-30,True,,3ee1c6fb88a08977b89b330e6caf971a59f137f0db40b797c182292df72d85a1,656640,500x650,1.0,241.0,1181.0,3659.0,0.0,CoRoT-2,2026-08-30T00:15:22.839-0700,61282.302,60.0,True
database\observations\2026-08-30\CoRoT-2\session_01\CoRoT-2260830072013.fits,science,CoRoT-2,2026-08-30,True,,98ce658de75b64d73d373d7c0ebe0f5135fe13df8df69a7b6aa2583217e53d57,656640,500x650,1.0,232.0,1045.0,3595.0,0.0,CoRoT-2,2026-08-30T00:20:13.959-0700,61282.306,60.0,True
database\observations\2026-08-30\CoRoT-2\session_01\CoRoT-2260830072504.fits,science,CoRoT-2,2026-08-30,True,,20e7c1eec82c3cd09c5b3bcf6afb8014a7c622defdd99721edc3cc7b647eb9c7,656640,500x650,1.0,238.0,1143.0,3654.0,0.0,CoRoT-2,2026-08-30T00:25:04.028-0700,61282.309,60.0,True
database\observations\2026-08-30\CoRoT-2\session_01\CoRoT-2260830072648.fits,science,CoRoT-2,2026-08-30,True,,cd494979c081aae28ecb506282bbf8a4365ecaf1f63c87fbeadb78a6df7e9dab,656640,500x650,1.0,237.0,1123.0,3629.0,0.0,CoRoT-2,2026-08-30T00:26:48.134-0700,61282.31,60.0,True
database\observations\2026-08-30\CoRoT-2\session_01\CoRoT-2260830073321.fits,science,CoRoT-2,2026-08-30,True,,e75a11401463155c39681bef15b6a36678fe48750aee0d480a16073280221d1c,656640,500x650,1.0,234.0,1041.0,3597.0,0.0,CoRoT-2,2026-08-30T00:33:21.527-0700,61282.315,60.0,True
database\observations\2026-08-30\CoRoT-2\session_01\CoRoT-2260830073506.fits,science,CoRoT-2,2026-08-30,True,,549c92ef28d15b847231084a508afeb0a854c683de9b7054810f0adf0aa908d3,656640,500x650,1.0,234.0,1062.0,3596.0,0.0,CoRoT-2,2026-08-30T00:35:06.686-0700,61282.316,60.0,True
database\observations\2026-08-30\CoRoT-2\session_01\CoRoT-2260830074141.fits,science,CoRoT-2,2026-08-30,True,,357eebf2587e056cff5e7da79841a1588da129629c633b25be169a4b44a1ae5e,656640,500x650,1.0,221.0,762.0,3452.0,0.0,CoRoT-2,2026-08-30T00:41:41.037-0700,61282.321,60.0,True
database\observations\2026-08-30\CoRoT-2\session_01\CoRoT-2260830074325.fits,science,CoRoT-2,2026-08-30,True,,dd4b57323d91d1acb7dcc0eb7239689ff7c50b2a4c1ca53b42d798422c52fdd8,656640,500x650,1.0,221.0,747.0,3433.0,0.0,CoRoT-2,2026-08-30T00:43:25.229-0700,61282.322,60.0,True
database\observations\2026-08-30\CoRoT-2\session_01\CoRoT-2260830074813.fits,science,CoRoT-2,2026-08-30,True,,d927e9b675ef8f35de2bc8b0158cebd1dfe9d8b624ddb88ee81cac62180b4bf5,656640,500x650,1.0,228.0,923.0,3523.0,0.0,CoRoT-2,2026-08-30T00:48:13.286-0700,61282.325,60.0,True
database\observations\2026-08-31\TRES-3\session_01\TRES-3260831034710.fits,science,TRES-3,2026-08-31,True,,f504402293aff570c49314ca488ad9ec220b58cecd3b194a7fec6f30bbc075f1,656640,500x650,1.0,205.0,462.0,4095.0,1.846153846153846e-05,TRES-3,2026-08-30T20:47:10.252-0700,61283.158,60.0,True
database\observations\2026-08-31\TRES-3\session_01\TRES-3260831034855.fits,science,TRES-3,2026-08-31,True,,9d8bd374d3d0f0cf04cb3439919008afcdb44917d63ddcfd6d2652b77d31c269,656640,500x650,1.0,205.0,473.0,4095.0,1.2307692307692308e-05,TRES-3,2026-08-30T20:48:55.498-0700,61283.159,60.0,True
database\observations\2026-08-31\TRES-3\session_01\TRES-3260831035040.fits,science,TRES-3,2026-08-31,True,,67a38ae7fe10baa30418812b1130a4cf21f32a89eea831acd77d7fb916ed6769,656640,500x650,1.0,206.0,455.0,4095.0,1.846153846153846e-05,TRES-3,2026-08-30T20:50:40.690-0700,61283.16,60.0,True
database\observations\2026-08-31\TRES-3\session_01\TRES-3260831035224.fits,science,TRES-3,2026-08-31,True,,0a04296aeb3d0c7a95ad7b6cf2d824b9afea4d16cdf4738afea70120e0b909e9,656640,500x650,1.0,205.0,452.0,4095.0,1.846153846153846e-05,TRES-3,2026-08-30T20:52:24.056-0700,61283.161,60.0,True
database\observations\2026-08-31\TRES-3\session_01\TRES-3260831035416.fits,science,TRES-3,2026-08-31,True,,fca5b6dd4a2c6cc5ef781e03e82588eef111c36a7154758b75e25a844cd1fecc,656640,500x650,1.0,206.0,453.0,4095.0,9.23076923076923e-06,TRES-3,2026-08-30T20:54:16.367-0700,61283.163,60.0,True
database\observations\2026-08-31\TRES-3\session_01\TRES-3260831035715.fits,science,TRES-3,2026-08-31,True,,7c523c1a2500e6af81cb6f2c4bfd768f0bd907c55417d9d91dcf98fec7e3bb4e,656640,500x650,1.0,206.0,462.0,4095.0,3.076923076923077e-06,TRES-3,2026-08-30T20:57:15.802-0700,61283.165,60.0,True
database\observations\2026-08-31\TRES-3\session_01\TRES-3260831040015.fits,science,TRES-3,2026-08-31,True,,5f772a99cdc9eb4ee249727602f54aba4d9a435f8797572082b618babfe19426,656640,500x650,1.0,205.0,442.0,4095.0,5.2307692307692306e-05,TRES-3,2026-08-30T21:00:15.337-0700,61283.167,60.0,True
database\observations\2026-08-31\TRES-3\session_01\TRES-3260831040315.fits,science,TRES-3,2026-08-31,True,,b17c95f51b0e7e491fe63d79c98f2440b514c21a80ad19c44d1e8644a53b8c24,656640,500x650,1.0,204.0,440.0,4095.0,5.2307692307692306e-05,TRES-3,2026-08-30T21:03:15.811-0700,61283.169,60.0,True
database\observations\2026-08-31\TRES-3\session_01\TRES-3260831040615.fits,science,TRES-3,2026-08-31,True,,3ddaee1597f5bc3adcd177f8c19cb9f2cdcba546429fc252806f6d92dbacd93a,656640,500x650,1.0,207.0,462.0,4095.0,1.846153846153846e-05,TRES-3,2026-08-30T21:06:15.261-0700,61283.171,60.0,True
database\observations\2026-08-31\TRES-3\session_01\TRES-3260831040916.fits,science,TRES-3,2026-08-31,True,,d606438e6911ed589420c5c9f2d6943474d0b0b71e541fedebe8b3073f797190,656640,500x650,1.0,209.0,552.0,3314.0,0.0,TRES-3,2026-08-30T21:09:16.729-0700,61283.173,60.0,True
database\observations\2026-08-31\TRES-3\session_01\TRES-3260831041215.fits,science,TRES-3,2026-08-31,True,,898dde2daf4367abc08543429b73f31e5ae58845757b1e42f4be10302ab9b0e4,656640,500x650,1.0,211.0,550.0,3360.0,0.0,TRES-3,2026-08-30T21:12:15.178-0700,61283.175,60.0,True
database\observations\2026-08-31\TRES-3\session_01\TRES-3260831041515.fits,science,TRES-3,2026-08-31,True,,12b4be5eadcfef3d3c67db7390a3ea6d3138d445f9a826b4ce162ede4a2bd974,656640,500x650,1.0,216.0,640.0,3380.0,0.0,TRES-3,2026-08-30T21:15:15.622-0700,61283.177,60.0,True
database\observations\2026-08-31\TRES-3\session_01\TRES-3260831041816.fits,science,TRES-3,2026-08-31,True,,62cd3096681f71d7ea1944b421c7fa7772ed21e490c2b0a45724d0e99dabf8c4,656640,500x650,1.0,218.0,706.0,3348.0,0.0,TRES-3,2026-08-30T21:18:16.052-0700,61283.179,60.0,True
database\observations\2026-08-31\TRES-3\session_01\TRES-3260831042115.fits,science,TRES-3,2026-08-31,True,,741c63bb2e9e39edc013b3c473d55eb23a54c80350520d617aba5d78b1660ebc,656640,500x650,1.0,214.0,644.0,3244.0,0.0,TRES-3,2026-08-30T21:21:15.484-0700,61283.181,60.0,True
database\observations\2026-08-31\TRES-3\session_01\TRES-3260831042415.fits,science,TRES-3,2026-08-31,True,,7a320146e208126cf9af9d0260555fbc7c52136216386011d73effaf2889012d,656640,500x650,1.0,0.0,756.0,4095.0,2.7692307692307694e-05,TRES-3,2026-08-30T21:24:15.870-0700,61283.184,60.0,True
database\observations\2026-08-31\TRES-3\session_01\TRES-3260831042715.fits,science,TRES-3,2026-08-31,True,,37e06f311d915cc9c4622a55805c591254a8b4929ab467d4e0481c0a94c5462b,656640,500x650,1.0,222.0,768.0,3444.0,0.0,TRES-3,2026-08-30T21:27:15.319-0700,61283.186,60.0,True
database\observations\2026-08-31\TRES-3\session_01\TRES-3260831043015.fits,science,TRES-3,2026-08-31,True,,ca9d1d64ce21831ea913cc12c30541b90291e405766d92e6d6fc14a006e7825b,656640,500x650,1.0,216.0,687.0,3244.0,0.0,TRES-3,2026-08-30T21:30:15.736-0700,61283.188,60.0,True
database\observations\2026-08-31\TRES-3\session_01\TRES-3260831043315.fits,science,TRES-3,2026-08-31,True,,a0ff3fd6b26d24c318bf375135e6b8e3d4781a1075121fa2510bc8f15024077a,656640,500x650,1.0,215.0,621.0,3258.0,0.0,TRES-3,2026-08-30T21:33:15.152-0700,61283.19,60.0,True
database\observations\2026-08-31\TRES-3\session_01\TRES-3260831043616.fits,science,TRES-3,2026-08-31,True,,1f0b956915ffdc6bfd2ed17c01c4137cf3669fbe6448892e3135a3cfc7db463a,656640,500x650,1.0,212.0,607.0,3220.0,0.0,TRES-3,2026-08-30T21:36:16.638-0700,61283.192,60.0,True
database\observations\2026-08-31\TRES-3\session_01\TRES-3260831043917.fits,science,TRES-3,2026-08-31,True,,c921df3751a73425bf5042b2bd6eeb1a5fe37e7e12d4c5bf4701a08dec104c85,656640,500x650,1.0,214.0,630.0,3231.0,0.0,TRES-3,2026-08-30T21:39:17.030-0700,61283.194,60.0,True
database\observations\2026-08-31\TRES-3\session_01\TRES-3260831044215.fits,science,TRES-3,2026-08-31,True,,bfdc9bb7de95bdcbecf3b4e7c57a433b5f74704f4fc8bb4782cb89e7c58cb277,656640,500x650,1.0,213.0,620.0,3323.0,0.0,TRES-3,2026-08-30T21:42:15.335-0700,61283.196,60.0,True
database\observations\2026-08-31\TRES-3\session_01\TRES-3260831044516.fits,science,TRES-3,2026-08-31,True,,a596f47cb3cbc3f0f132634ee2bd16e44e0c3b51e9377116bcfae4b08dff1be7,656640,500x650,1.0,218.0,687.0,3303.0,0.0,TRES-3,2026-08-30T21:45:16.722-0700,61283.198,60.0,True
database\observations\2026-08-31\TRES-3\session_01\TRES-3260831044816.fits,science,TRES-3,2026-08-31,True,,dacfddfc8ae539f1ce51b1fc25189f28c141c71c93a071475cec1dca562f568b,656640,500x650,1.0,214.0,592.0,4095.0,1.846153846153846e-05,TRES-3,2026-08-30T21:48:16.133-0700,61283.2,60.0,True
database\observations\2026-08-31\TRES-3\session_01\TRES-3260831045115.fits,science,TRES-3,2026-08-31,True,,82e3b2f7933bb541f85607997f488a696a243ff2e65674ddbc017b9a0d3074e2,656640,500x650,1.0,212.0,604.0,3891.0,0.0,TRES-3,2026-08-30T21:51:15.464-0700,61283.202,60.0,True
database\observations\2026-08-31\TRES-3\session_01\TRES-3260831045415.fits,science,TRES-3,2026-08-31,True,,03352e763e7cd52b9121a9433104a888329dcca27a50314b9680b214f45ecb18,656640,500x650,1.0,216.0,646.0,3372.0,0.0,TRES-3,2026-08-30T21:54:15.990-0700,61283.204,60.0,True
database\observations\2026-08-31\TRES-3\session_01\TRES-3260831045716.fits,science,TRES-3,2026-08-31,True,,c4ba733fe99078b80e8f7444836dcf5f11a990acb28928bb1a4e7f232c51ed8c,656640,500x650,1.0,215.0,658.0,3991.0,0.0,TRES-3,2026-08-30T21:57:16.489-0700,61283.206,60.0,True
database\observations\2026-08-31\TRES-3\session_01\TRES-3260831050016.fits,science,TRES-3,2026-08-31,True,,b4bd7817bc29c30005e24b67a2c717aa8f5a2a488890cbdf8e17d43e04b3e2ef,656640,500x650,1.0,216.0,655.0,3398.0,0.0,TRES-3,2026-08-30T22:00:16.959-0700,61283.209,60.0,True
database\observations\2026-08-31\TRES-3\session_01\TRES-3260831050315.fits,science,TRES-3,2026-08-31,True,,df2859b5b8f6d78b70948b154c12c79a66f0a9c727d037653e22561e3efe4168,656640,500x650,1.0,218.0,720.0,3441.0,0.0,TRES-3,2026-08-30T22:03:15.463-0700,61283.211,60.0,True
database\observations\2026-08-31\TRES-3\session_01\TRES-3260831050615.fits,science,TRES-3,2026-08-31,True,,f126965a4366ac0b51c45c7370909f1909d1bf2ba1bfb11ed3eea1029d4325c2,656640,500x650,1.0,222.0,809.0,3485.0,0.0,TRES-3,2026-08-30T22:06:15.997-0700,61283.213,60.0,True
database\observations\2026-08-31\TRES-3\session_01\TRES-3260831050915.fits,science,TRES-3,2026-08-31,True,,0aa2a9dc4c2e1fa1c337dcf9bc9ee3adf735cfc1fb8dbb02e33e54b51a0387da,656640,500x650,1.0,226.0,828.0,3478.0,0.0,TRES-3,2026-08-30T22:09:15.477-0700,61283.215,60.0,True
database\observations\2026-08-31\TRES-3\session_01\TRES-3260831051216.fits,science,TRES-3,2026-08-31,True,,5efb092f988e6e2cd92e3d1b36832501fdb488402b89b1588c47e108f096ff2d,656640,500x650,1.0,224.0,850.0,3500.0,0.0,TRES-3,2026-08-30T22:12:16.148-0700,61283.217,60.0,True
database\observations\2026-08-31\TRES-3\session_01\TRES-3260831051515.fits,science,TRES-3,2026-08-31,True,,6d85ec005872beaaa2377ed10aa4aaecb244ed4e13e908b3b8876ed75b5769b8,656640,500x650,1.0,226.0,885.0,3518.0,0.0,TRES-3,2026-08-30T22:15:15.559-0700,61283.219,60.0,True
database\observations\2026-08-31\TRES-3\session_01\TRES-3260831051816.fits,science,TRES-3,2026-08-31,True,,cbeb6008dcc4c12b4e94c67752c52f69fd8602da4e2d3ce97cae724f3684a078,656640,500x650,1.0,226.0,877.0,3403.0,0.0,TRES-3,2026-08-30T22:18:16.014-0700,61283.221,60.0,True
database\observations\2026-08-31\TRES-3\session_01\TRES-3260831052116.fits,science,TRES-3,2026-08-31,True,,5f554c86cc232a3c815eb2917084a375ae124e81c5ebddac5e2c48247a8419a4,656640,500x650,1.0,227.0,883.0,3510.0,0.0,TRES-3,2026-08-30T22:21:16.461-0700,61283.223,60.0,True
database\observations\2026-08-31\TRES-3\session_01\TRES-3260831052416.fits,science,TRES-3,2026-08-31,True,,f1e3b2a4ba95e0fbc88890d3d006def2ef0dac6f92e6e4fb4849ebe2569036eb,656640,500x650,1.0,0.0,785.0,4095.0,2.7692307692307694e-05,TRES-3,2026-08-30T22:24:16.882-0700,61283.225,60.0,True
database\observations\2026-08-31\TRES-3\session_01\TRES-3260831052715.fits,science,TRES-3,2026-08-31,True,,51bd71bfafd6d2ea4eb296ae3f1a26b17276d5d499e169a324a4945818693b5f,656640,500x650,1.0,219.0,719.0,3442.0,0.0,TRES-3,2026-08-30T22:27:15.396-0700,61283.227,60.0,True
database\observations\2026-08-31\TRES-3\session_01\TRES-3260831053016.fits,science,TRES-3,2026-08-31,True,,209295a875a572ad06ac7f686db74ef20377e0d705206e1eb78977c020782e46,656640,500x650,1.0,212.0,604.0,4095.0,2.4615384615384616e-05,TRES-3,2026-08-30T22:30:16.960-0700,61283.229,60.0,True
database\observations\2026-08-31\TRES-3\session_01\TRES-3260831053316.fits,science,TRES-3,2026-08-31,True,,1864e66eb2e5467f5466ebde80ba73db9cfcd77dc76d1ef006d85f166df9a30c,656640,500x650,1.0,216.0,657.0,4095.0,6.153846153846154e-06,TRES-3,2026-08-30T22:33:16.350-0700,61283.231,60.0,True
database\observations\2026-08-31\TRES-3\session_01\TRES-3260831053616.fits,science,TRES-3,2026-08-31,True,,a3a3e335f9723741dacbc662a436e00396520da294510b3f9bc0613aecefe9b5,656640,500x650,1.0,216.0,679.0,4095.0,3.076923076923077e-06,TRES-3,2026-08-30T22:36:16.718-0700,61283.234,60.0,True
database\observations\2026-08-31\TRES-3\session_01\TRES-3260831053915.fits,science,TRES-3,2026-08-31,True,,6861685cf7549e7bdbdc54ea2bf23f868f3bf304250191f71be0614d3a1a829d,656640,500x650,1.0,218.0,713.0,4095.0,3.076923076923077e-06,TRES-3,2026-08-30T22:39:15.145-0700,61283.236,60.0,True
database\observations\2026-08-31\TRES-3\session_01\TRES-3260831054215.fits,science,TRES-3,2026-08-31,True,,c35113d225df19d282cfa86b1d50f416aa5f4caf74f1652d6db9e2daa5758db4,656640,500x650,1.0,217.0,687.0,4095.0,3.076923076923077e-06,TRES-3,2026-08-30T22:42:15.497-0700,61283.238,60.0,True
database\observations\2026-08-31\TRES-3\session_01\TRES-3260831054516.fits,science,TRES-3,2026-08-31,True,,4b7e260dfd0948e03b70af679460bc0adf4cf5e82902da65e508a02553d7b308,656640,500x650,1.0,217.0,713.0,4095.0,3.076923076923077e-06,TRES-3,2026-08-30T22:45:16.038-0700,61283.24,60.0,True
database\observations\2026-08-31\TRES-3\session_01\TRES-3260831054815.fits,science,TRES-3,2026-08-31,True,,a76ca0923c954389b8154bb86976e4f473edf1b59555eab57ace418312e22baf,656640,500x650,1.0,218.0,733.0,3773.0,0.0,TRES-3,2026-08-30T22:48:15.509-0700,61283.242,60.0,True
database\observations\2026-08-31\TRES-3\session_01\TRES-3260831055116.fits,science,TRES-3,2026-08-31,True,,6328e61f6e872eeaf8f2cf0281e9b42f16a27e189e6d6ad30e58ef73020f3af2,656640,500x650,1.0,217.0,708.0,3701.0,0.0,TRES-3,2026-08-30T22:51:16.062-0700,61283.244,60.0,True
database\observations\2026-08-31\TRES-3\session_01\TRES-3260831055415.fits,science,TRES-3,2026-08-31,True,,e1db69e857f38bb11450fe44cbea15b356dab2188c82a4b39382deab5bacfae3,656640,500x650,1.0,218.0,752.0,3460.0,0.0,TRES-3,2026-08-30T22:54:15.471-0700,61283.246,60.0,True
database\observations\2026-08-31\TRES-3\session_01\TRES-3260831055715.fits,science,TRES-3,2026-08-31,True,,9437de041ca91499d1b7fa96d82a1ac726ac1762328d4f24bb4d8e6481ecc05d,656640,500x650,1.0,219.0,738.0,3450.0,0.0,TRES-3,2026-08-30T22:57:15.940-0700,61283.248,60.0,True
database\observations\2026-08-31\TRES-3\session_01\TRES-3260831060015.fits,science,TRES-3,2026-08-31,True,,e2e3ef4d130aa689785a7048de0cf09e2c85b6652180509f770aa0775f539c05,656640,500x650,1.0,223.0,854.0,3511.0,0.0,TRES-3,2026-08-30T23:00:15.350-0700,61283.25,60.0,True
database\observations\2026-08-31\TRES-3\session_01\TRES-3260831060315.fits,science,TRES-3,2026-08-31,True,,d21ec79745bc44739447f53745143b94d6c6a23eccf00f3169b14271ebb339c2,656640,500x650,1.0,218.0,744.0,3982.0,0.0,TRES-3,2026-08-30T23:03:15.761-0700,61283.252,60.0,True
database\observations\2026-08-31\TRES-3\session_01\TRES-3260831060616.fits,science,TRES-3,2026-08-31,True,,2349a3d8e0fd3eda76ce2d0bd33909cc9df5f8e9924452f5c018562607f94a98,656640,500x650,1.0,216.0,715.0,3423.0,0.0,TRES-3,2026-08-30T23:06:16.314-0700,61283.254,60.0,True
database\observations\2026-08-31\TRES-3\session_01\TRES-3260831060916.fits,science,TRES-3,2026-08-31,True,,4d12f96565ab0133366f2aa358cea26247ddfd502ce62e9102a8016a6e14a43b,656640,500x650,1.0,209.0,559.0,4095.0,5.846153846153846e-05,TRES-3,2026-08-30T23:09:16.737-0700,61283.256,60.0,True
database\observations\2026-08-31\TRES-3\session_01\TRES-3260831061215.fits,science,TRES-3,2026-08-31,True,,06ba1ea18d608a79b364cfd9e9b204df850d01fea04f5af41b267db6530c995f,656640,500x650,1.0,208.0,540.0,4095.0,6.153846153846154e-05,TRES-3,2026-08-30T23:12:15.238-0700,61283.259,60.0,True
database\observations\2026-08-31\TRES-3\session_01\TRES-3260831061515.fits,science,TRES-3,2026-08-31,True,,d9ddfd7b40b969bab7de94bae7e2c778ddd51ef7bfb0d34351bdf41c98c81df0,656640,500x650,1.0,212.0,590.0,4095.0,2.7692307692307694e-05,TRES-3,2026-08-30T23:15:15.681-0700,61283.261,60.0,True
database\observations\2026-08-31\TRES-3\session_01\TRES-3260831061815.fits,science,TRES-3,2026-08-31,True,,3b702dea18cdcffc52396e538429b330ded0cc5e0ae41bebaf0d7a78cc998852,656640,500x650,1.0,211.0,596.0,4095.0,1.5384615384615384e-05,TRES-3,2026-08-30T23:18:15.175-0700,61283.263,60.0,True
database\observations\2026-08-31\TRES-3\session_01\TRES-3260831062115.fits,science,TRES-3,2026-08-31,True,,53506a29ea0f0fe79923ddce4f9bf63048ed1b0b43fa108c087083746df97e75,656640,500x650,1.0,210.0,522.0,4095.0,7.384615384615384e-05,TRES-3,2026-08-30T23:21:15.626-0700,61283.265,60.0,True
database\observations\2026-08-31\TRES-3\session_01\TRES-3260831062415.fits,science,TRES-3,2026-08-31,True,,c71b7c2d2d69a12092cccd78337076d406b4bf8835f53c51d6a2dda455797e99,656640,500x650,1.0,207.0,505.0,4095.0,9.23076923076923e-05,TRES-3,2026-08-30T23:24:15.191-0700,61283.267,60.0,True
database\observations\2026-08-31\TRES-3\session_01\TRES-3260831062715.fits,science,TRES-3,2026-08-31,True,,daca7117aad60278c09e6138bcb077befdc834e5c6cf96a3ab608197a213c1a0,656640,500x650,1.0,206.0,502.0,4095.0,5.2307692307692306e-05,TRES-3,2026-08-30T23:27:15.594-0700,61283.269,60.0,True
database\observations\2026-08-31\TRES-3\session_01\TRES-3260831063016.fits,science,TRES-3,2026-08-31,True,,7d36b6bc09b66bc6676d42ff16f6b9a24ae5558d163357ce919e52d148a614b0,656640,500x650,1.0,208.0,501.0,4095.0,8.615384615384615e-05,TRES-3,2026-08-30T23:30:16.942-0700,61283.271,60.0,True
database\observations\2026-08-31\TRES-3\session_01\TRES-3260831063315.fits,science,TRES-3,2026-08-31,True,,ed47f6324cdd20cd148fea67f7dccebb62d4c3936c806d700650acc2d25b93a7,656640,500x650,1.0,207.0,500.0,4095.0,8.615384615384615e-05,TRES-3,2026-08-30T23:33:15.418-0700,61283.273,60.0,True
database\observations\2026-08-31\TRES-3\session_01\TRES-3260831063615.fits,science,TRES-3,2026-08-31,True,,ff3ec471ef28a74cbae3c06f12f8805bdb4f043e25205a1d7ab5df1c3c7f95ae,656640,500x650,1.0,210.0,501.0,4095.0,6.461538461538462e-05,TRES-3,2026-08-30T23:36:15.848-0700,61283.275,60.0,True
database\observations\2026-08-31\TRES-3\session_01\TRES-3260831063915.fits,science,TRES-3,2026-08-31,True,,736065ec894b4fab6febc69bc8386751a25a4ec847329dffccc8172155801aea,656640,500x650,1.0,208.0,503.0,4095.0,8.615384615384615e-05,TRES-3,2026-08-30T23:39:15.368-0700,61283.277,60.0,True
database\observations\2026-08-31\TRES-3\session_01\TRES-3260831064215.fits,science,TRES-3,2026-08-31,True,,95061d48a83ea51bdee9c77c7cbe9286407d9721b772bfefb7cbdfc737b30ee9,656640,500x650,1.0,205.0,506.0,4095.0,8e-05,TRES-3,2026-08-30T23:42:15.812-0700,61283.279,60.0,True
database\observations\2026-08-31\TRES-3\session_01\TRES-3260831064515.fits,science,TRES-3,2026-08-31,True,,00d6df5d3dc940c6c6e8d295d6a89b6287e273086f5cc7b602a510a72166b847,656640,500x650,1.0,207.0,508.0,4095.0,8.307692307692307e-05,TRES-3,2026-08-30T23:45:15.260-0700,61283.281,60.0,True
database\observations\2026-08-31\TRES-3\session_01\TRES-3260831064815.fits,science,TRES-3,2026-08-31,True,,6b33509d2b461b9708dae72d85a5e4c569ca868744c81f95e8ea06c7ba3cd470,656640,500x650,1.0,207.0,510.0,4095.0,8.615384615384615e-05,TRES-3,2026-08-30T23:48:15.712-0700,61283.284,60.0,True
database\observations\2026-08-31\TRES-3\session_01\TRES-3260831065115.fits,science,TRES-3,2026-08-31,True,,030a22872b4bd7f77dced9a39c986db72f251cce60fca9d8f6045d61c6c6a48b,656640,500x650,1.0,207.0,511.0,4095.0,7.076923076923076e-05,TRES-3,2026-08-30T23:51:15.179-0700,61283.286,60.0,True
database\observations\2026-08-31\TRES-3\session_01\TRES-3260831065415.fits,science,TRES-3,2026-08-31,True,,564bc6080846e7f13ccecc88f0174dcb148e051c7ff15c8fe34ee33dfbf6067e,656640,500x650,1.0,206.0,515.0,4095.0,8e-05,TRES-3,2026-08-30T23:54:15.590-0700,61283.288,60.0,True
database\observations\2026-08-31\TRES-3\session_01\TRES-3260831065716.fits,science,TRES-3,2026-08-31,True,,1cf090d33cba2a190a9926a43ee781e855382bbb0cdb61f1275f361e00d93294,656640,500x650,1.0,209.0,520.0,4095.0,7.076923076923076e-05,TRES-3,2026-08-30T23:57:16.940-0700,61283.29,60.0,True
database\observations\2026-08-31\TRES-3\session_01\TRES-3260831070015.fits,science,TRES-3,2026-08-31,True,,d097def13c9fe50867ec9b78e65c25370d81ac8900aed5e57f07e7ac9e5c9556,656640,500x650,1.0,208.0,521.0,4095.0,5.846153846153846e-05,TRES-3,2026-08-31T00:00:15.403-0700,61283.292,60.0,True
database\observations\2026-08-31\TRES-3\session_01\TRES-3260831070315.fits,science,TRES-3,2026-08-31,True,,5bda0095ca9f67229d489e2909a4a58cb5b2c4e0fa07f508b2af455521b8d420,656640,500x650,1.0,208.0,521.0,4095.0,9.23076923076923e-05,TRES-3,2026-08-31T00:03:15.979-0700,61283.294,60.0,True
database\observations\2026-08-31\TRES-3\session_01\TRES-3260831070615.fits,science,TRES-3,2026-08-31,True,,7d42f928e889ba138fb4146e3ec7b79905294a2fccef15c365df719ee50c073f,656640,500x650,1.0,208.0,524.0,4095.0,7.692307692307693e-05,TRES-3,2026-08-31T00:06:15.432-0700,61283.296,60.0,True
database\observations\2026-08-31\TRES-3\session_01\TRES-3260831070915.fits,science,TRES-3,2026-08-31,True,,9c082e67f4203f5baad81a4c4d3d1df87b8fce35ac3220d8c4f37c40b8fc929d,656640,500x650,1.0,208.0,527.0,4095.0,6.76923076923077e-05,TRES-3,2026-08-31T00:09:15.183-0700,61283.298,60.0,True
database\observations\2026-09-01\TRES-5\session_01\TRES-5260901050038.fits,science,TRES-5,2026-09-01,True,,46c99131c265c3ebac5f2c9fe54139f810c6dfc4c1613c96574c2f1f09cdf2b5,656640,500x650,1.0,208.0,491.0,4095.0,5.846153846153846e-05,TRES-5,2026-08-31T22:00:38.463-0700,61284.209,60.0,True
database\observations\2026-09-01\TRES-5\session_01\TRES-5260901050316.fits,science,TRES-5,2026-09-01,True,,f8fb3651a301944cbc92c42ae438e8c8d7eafb638441c45ae394caf59e29374d,656640,500x650,1.0,208.0,485.0,4095.0,6.76923076923077e-05,TRES-5,2026-08-31T22:03:16.101-0700,61284.211,60.0,True
database\observations\2026-09-01\TRES-5\session_01\TRES-5260901050615.fits,science,TRES-5,2026-09-01,True,,0645ae1f3eb1dec9654db85c3b629015512e4f01088c0c50417837519c602eb5,656640,500x650,1.0,205.0,486.0,4095.0,6.153846153846154e-05,TRES-5,2026-08-31T22:06:15.402-0700,61284.213,60.0,True
database\observations\2026-09-01\TRES-5\session_01\TRES-5260901050915.fits,science,TRES-5,2026-09-01,True,,bcfe489623748973271775d77cdd858e785cc9ec0effc9ab372a0c0a4b736889,656640,500x650,1.0,205.0,493.0,4095.0,4.923076923076923e-05,TRES-5,2026-08-31T22:09:15.809-0700,61284.215,60.0,True
database\observations\2026-09-01\TRES-5\session_01\TRES-5260901051215.fits,science,TRES-5,2026-09-01,True,,9df35c4b693318fc3ab5c90f5cfc70afc42ca8cf306c07dfc5d5b03cd87c20a4,656640,500x650,1.0,207.0,499.0,4095.0,6.153846153846154e-05,TRES-5,2026-08-31T22:12:15.242-0700,61284.217,60.0,True
database\observations\2026-09-01\TRES-5\session_01\TRES-5260901051515.fits,science,TRES-5,2026-09-01,True,,eef068ae744e1641b984ecf5d7bf84d2dd844e56b0702f228b7725af08fc27fa,656640,500x650,1.0,211.0,585.0,4095.0,6.153846153846154e-06,TRES-5,2026-08-31T22:15:15.609-0700,61284.219,60.0,True
database\observations\2026-09-01\TRES-5\session_01\TRES-5260901051816.fits,science,TRES-5,2026-09-01,True,,73c7fdce226a3f0c89cbeab90d1137f992808ab47b7bf68ee328d0ab5d5e112a,656640,500x650,1.0,207.0,551.0,4095.0,4.307692307692308e-05,TRES-5,2026-08-31T22:18:16.067-0700,61284.221,60.0,True
database\observations\2026-09-01\TRES-5\session_01\TRES-5260901052115.fits,science,TRES-5,2026-09-01,True,,e3efdc69a22fd66e379cd68b1254bbef027efa42363a963e7df2f7d637740bf1,656640,500x650,1.0,206.0,469.0,4095.0,9.23076923076923e-05,TRES-5,2026-08-31T22:21:15.437-0700,61284.223,60.0,True
database\observations\2026-09-01\TRES-5\session_01\TRES-5260901052415.fits,science,TRES-5,2026-09-01,True,,a361ed8ffd868d53bbf8b909ea3e993b54ddd833af607231fb8a34f0ae61bce8,656640,500x650,1.0,206.0,474.0,4095.0,8.923076923076924e-05,TRES-5,2026-08-31T22:24:15.888-0700,61284.225,60.0,True
database\observations\2026-09-01\TRES-5\session_01\TRES-5260901052716.fits,science,TRES-5,2026-09-01,True,,7309b17f2a9cb05a2bdc214d662f37f28d006b1ce000274f56b0079953b12233,656640,500x650,1.0,209.0,546.0,4095.0,6.153846153846154e-05,TRES-5,2026-08-31T22:27:16.284-0700,61284.227,60.0,True
database\observations\2026-09-01\TRES-5\session_01\TRES-5260901053015.fits,science,TRES-5,2026-09-01,True,,f5c22f86b430b2c75d505354d2886ee1f1fbaffffcb87511703dfe17e57a8af0,656640,500x650,1.0,209.0,553.0,4095.0,3.692307692307692e-05,TRES-5,2026-08-31T22:30:15.759-0700,61284.229,60.0,True
database\observations\2026-09-01\TRES-5\session_01\TRES-5260901053316.fits,science,TRES-5,2026-09-01,True,,f32bbda7776427206addd7ac9f538278352dd7f69fbf492efd16e97b739c4561,656640,500x650,1.0,212.0,602.0,4095.0,1.5384615384615384e-05,TRES-5,2026-08-31T22:33:16.046-0700,61284.231,60.0,True
database\observations\2026-09-01\TRES-5\session_01\TRES-5260901053615.fits,science,TRES-5,2026-09-01,True,,47be72b0b5510bad2db9aeba08042bcd0074d115891aa3c21419c36eea5f84fd,656640,500x650,1.0,212.0,605.0,4095.0,1.2307692307692308e-05,TRES-5,2026-08-31T22:36:15.477-0700,61284.234,60.0,True
database\observations\2026-09-01\TRES-5\session_01\TRES-5260901053916.fits,science,TRES-5,2026-09-01,True,,e863be0613583db1c341545ec33979b580eb3ccdebaf352a00c3dea1ae7c2816,656640,500x650,1.0,209.0,534.0,4095.0,5.2307692307692306e-05,TRES-5,2026-08-31T22:39:16.007-0700,61284.236,60.0,True
database\observations\2026-09-01\TRES-5\session_01\TRES-5260901054215.fits,science,TRES-5,2026-09-01,True,,8a302c435e8f18c26d8898979d038ecaeddae190d0173bcb1b9c44d82e25c91a,656640,500x650,1.0,206.0,471.0,4095.0,0.00011076923076923077,TRES-5,2026-08-31T22:42:15.410-0700,61284.238,60.0,True
database\observations\2026-09-01\TRES-5\session_01\TRES-5260901054516.fits,science,TRES-5,2026-09-01,True,,42d77e207f4f7d115451fc00f049798d08b2a8b8f6a00a13d57e3f087f3718f5,656640,500x650,1.0,205.0,453.0,4095.0,0.00012615384615384615,TRES-5,2026-08-31T22:45:16.706-0700,61284.24,60.0,True
database\observations\2026-09-01\TRES-5\session_01\TRES-5260901054817.fits,science,TRES-5,2026-09-01,True,,3fa3ccd19fa9037e8da360001fbc0cc7400040814175bca5b2dfc6fffc3cbd50,656640,500x650,1.0,204.0,453.0,4095.0,0.00012615384615384615,TRES-5,2026-08-31T22:48:17.082-0700,61284.242,60.0,True
database\observations\2026-09-01\TRES-5\session_01\TRES-5260901055115.fits,science,TRES-5,2026-09-01,True,,423ef2e69bd6aa3d9237bdbf4d033b31467360dbcd65273cbc9279cb65295649,656640,500x650,1.0,206.0,454.0,4095.0,0.00011384615384615384,TRES-5,2026-08-31T22:51:15.516-0700,61284.244,60.0,True
database\observations\2026-09-01\TRES-5\session_01\TRES-5260901055415.fits,science,TRES-5,2026-09-01,True,,7bacba7668703893093ff80e0d4bd3fcf6c8f26a5d1157d1e9f614bf39c1ddec,656640,500x650,1.0,205.0,455.0,4095.0,0.00011692307692307692,TRES-5,2026-08-31T22:54:15.828-0700,61284.246,60.0,True
database\observations\2026-09-01\TRES-5\session_01\TRES-5260901055716.fits,science,TRES-5,2026-09-01,True,,cb6bfbd996879482cd0c54beb5416a260b4ce946841acc09ca4e16eff21f2fc5,656640,500x650,1.0,206.0,454.0,4095.0,0.00012,TRES-5,2026-08-31T22:57:16.309-0700,61284.248,60.0,True
database\observations\2026-09-01\TRES-5\session_01\TRES-5260901060015.fits,science,TRES-5,2026-09-01,True,,49e02db82b618ea6fbf9106e7c9e5a8a137f2052444e6a60e0b21564680e8483,656640,500x650,1.0,205.0,453.0,4095.0,0.00011076923076923077,TRES-5,2026-08-31T23:00:15.818-0700,61284.25,60.0,True
database\observations\2026-09-01\TRES-5\session_01\TRES-5260901060315.fits,science,TRES-5,2026-09-01,True,,f33bac8551ebcd710e1638ec619628d3df9f0de76e4e912fe6f8a560e58f247c,656640,500x650,1.0,202.0,455.0,4095.0,0.0001076923076923077,TRES-5,2026-08-31T23:03:15.197-0700,61284.252,60.0,True
database\observations\2026-09-01\TRES-5\session_01\TRES-5260901060615.fits,science,TRES-5,2026-09-01,True,,24280dcb76fd006be9743a57b8866b6836143bc4cf2dcc3087db670ed2fcfa64,656640,500x650,1.0,205.0,456.0,4095.0,0.00011384615384615384,TRES-5,2026-08-31T23:06:15.643-0700,61284.254,60.0,True
database\observations\2026-09-01\TRES-5\session_01\TRES-5260901060916.fits,science,TRES-5,2026-09-01,True,,6cb05212384fa83560f57a73596e9a2ed299430d4ec6b0c0edf858eb26e05dca,656640,500x650,1.0,207.0,456.0,4095.0,0.00014153846153846153,TRES-5,2026-08-31T23:09:16.056-0700,61284.256,60.0,True
database\observations\2026-09-01\TRES-5\session_01\TRES-5260901061215.fits,science,TRES-5,2026-09-01,True,,44e79e95fdccf6cc08716a97298354d33737cd3b5da3cd5cb94d083e3ce442da,656640,500x650,1.0,205.0,456.0,4095.0,0.00012615384615384615,TRES-5,2026-08-31T23:12:15.444-0700,61284.259,60.0,True
database\observations\2026-09-01\TRES-5\session_01\TRES-5260901061515.fits,science,TRES-5,2026-09-01,True,,8e4298e58d62f5894e301e13f73403a3888e0f6c85d96bab20b7b8420dae73cc,656640,500x650,1.0,206.0,457.0,4095.0,0.00011692307692307692,TRES-5,2026-08-31T23:15:15.835-0700,61284.261,60.0,True
database\observations\2026-09-01\TRES-5\session_01\TRES-5260901061815.fits,science,TRES-5,2026-09-01,True,,241d35a54bac93a18be6632c76b0d9bdd614745f52df9a30024e5386032b5752,656640,500x650,1.0,204.0,458.0,4095.0,0.00011692307692307692,TRES-5,2026-08-31T23:18:15.219-0700,61284.263,60.0,True
database\observations\2026-09-01\TRES-5\session_01\TRES-5260901062115.fits,science,TRES-5,2026-09-01,True,,dc64c027e3d1fd9c2d755264c9ebe078e37c57a5dcc94e732fc802ae65899682,656640,500x650,1.0,205.0,458.0,4095.0,0.00012307692307692307,TRES-5,2026-08-31T23:21:15.654-0700,61284.265,60.0,True
database\observations\2026-09-01\TRES-5\session_01\TRES-5260901062416.fits,science,TRES-5,2026-09-01,True,,739a558ae3312832a36b7fb94a7b65e0df4405f7a98a0019f094bd4a81099df7,656640,500x650,1.0,206.0,458.0,4095.0,0.00011692307692307692,TRES-5,2026-08-31T23:24:16.078-0700,61284.267,60.0,True
database\observations\2026-09-01\TRES-5\session_01\TRES-5260901062715.fits,science,TRES-5,2026-09-01,True,,3aeee2cbdbbec4b174ad1d0968e41d099fe485e723288284bfabbb4ab4401878,656640,500x650,1.0,205.0,459.0,4095.0,0.00011384615384615384,TRES-5,2026-08-31T23:27:15.489-0700,61284.269,60.0,True
database\observations\2026-09-01\TRES-5\session_01\TRES-5260901063015.fits,science,TRES-5,2026-09-01,True,,b10d41bd873a7533c623c3b97a44a79a5463442a592a0f62ad85341d1f1bfb43,656640,500x650,1.0,205.0,459.0,4095.0,0.0001323076923076923,TRES-5,2026-08-31T23:30:15.919-0700,61284.271,60.0,True
database\observations\2026-09-01\TRES-5\session_01\TRES-5260901063315.fits,science,TRES-5,2026-09-01,True,,e8e5ce5b254f42ca4150b05e75745d99f46de046e9f83ee2e1e61b618c7bba9f,656640,500x650,1.0,204.0,459.0,4095.0,0.00012307692307692307,TRES-5,2026-08-31T23:33:15.289-0700,61284.273,60.0,True
database\observations\2026-09-01\TRES-5\session_01\TRES-5260901063615.fits,science,TRES-5,2026-09-01,True,,d946daedeecedc23c06bb49d216130bdbf1792c71e1e901c45688fee426dd72e,656640,500x650,1.0,205.0,460.0,4095.0,0.00011692307692307692,TRES-5,2026-08-31T23:36:15.686-0700,61284.275,60.0,True
database\observations\2026-09-01\TRES-5\session_01\TRES-5260901063916.fits,science,TRES-5,2026-09-01,True,,ffdba0add9a09fbd8da537e5c8390ff32e461990dfb25c4fa91170bc88a2c56f,656640,500x650,1.0,205.0,461.0,4095.0,0.00012,TRES-5,2026-08-31T23:39:16.065-0700,61284.277,60.0,True
database\observations\2026-09-01\TRES-5\session_01\TRES-5260901064215.fits,science,TRES-5,2026-09-01,True,,999f5d26f0e723131f789b66702d644c19539eedcd667fd2900155548c04dcf3,656640,500x650,1.0,205.0,461.0,4095.0,0.00010153846153846155,TRES-5,2026-08-31T23:42:15.426-0700,61284.279,60.0,True
database\observations\2026-09-01\TRES-5\session_01\TRES-5260901064516.fits,science,TRES-5,2026-09-01,True,,b68a0974300dbe51a1173a6ce486b726bb9f51378e074fcb439e3be7b98cada4,656640,500x650,1.0,206.0,461.0,4095.0,0.00012615384615384615,TRES-5,2026-08-31T23:45:16.939-0700,61284.281,60.0,True
database\observations\2026-09-01\TRES-5\session_01\TRES-5260901064815.fits,science,TRES-5,2026-09-01,True,,8ba123812b4ae1e36596469ce79a9a27d623381926da2f363f81c62010bd9ab6,656640,500x650,1.0,205.0,462.0,4095.0,0.00012307692307692307,TRES-5,2026-08-31T23:48:15.440-0700,61284.284,60.0,True
database\observations\2026-09-01\TRES-5\session_01\TRES-5260901065116.fits,science,TRES-5,2026-09-01,True,,4971812b8358fd617d4b120913114626f0e6a376da47fba96324919f7068dc93,656640,500x650,1.0,205.0,462.0,4095.0,0.00012923076923076923,TRES-5,2026-08-31T23:51:16.998-0700,61284.286,60.0,True
database\observations\2026-09-01\TRES-5\session_01\TRES-5260901065416.fits,science,TRES-5,2026-09-01,True,,07feb8d31f5bd277c1749e8aa6e56196fcf22891dd1d904d297ccae804655760,656640,500x650,1.0,206.0,462.0,4095.0,0.00012,TRES-5,2026-08-31T23:54:16.579-0700,61284.288,60.0,True
database\observations\2026-09-01\TRES-5\session_01\TRES-5260901065716.fits,science,TRES-5,2026-09-01,True,,3272443053567dcc142b79e631ac64e5819d2410bcaec0e2ffe3375b0c223527,656640,500x650,1.0,205.0,462.0,4095.0,0.00012307692307692307,TRES-5,2026-08-31T23:57:16.013-0700,61284.29,60.0,True
database\observations\2026-09-01\TRES-5\session_01\TRES-5260901070016.fits,science,TRES-5,2026-09-01,True,,df943d15cf155776758bd88677d9ad076942b2c7b3cdbb6adf7415251499e8eb,656640,500x650,1.0,205.0,461.0,4095.0,0.00010153846153846155,TRES-5,2026-09-01T00:00:16.416-0700,61284.292,60.0,True
database\observations\2026-09-01\TRES-5\session_01\TRES-5260901070315.fits,science,TRES-5,2026-09-01,True,,cb809f7795c778648b6bbb8abe4661943927e782034f55b84eb65cf9eee1d8b1,656640,500x650,1.0,205.0,461.0,4095.0,0.00012923076923076923,TRES-5,2026-09-01T00:03:15.860-0700,61284.294,60.0,True
database\observations\2026-09-01\TRES-5\session_01\TRES-5260901070615.fits,science,TRES-5,2026-09-01,True,,7b7c65636d756fc97b2ee965d316ab525481b31773b4d3bd7ab3f23ceb0a08e3,656640,500x650,1.0,205.0,461.0,4095.0,9.846153846153846e-05,TRES-5,2026-09-01T00:06:15.288-0700,61284.296,60.0,True
database\observations\2026-09-01\TRES-5\session_01\TRES-5260901070915.fits,science,TRES-5,2026-09-01,True,,f108e82d10e696048643eb1191ac2dca49407e7f0324005058bfb816bf87412e,656640,500x650,1.0,206.0,461.0,4095.0,0.00011692307692307692,TRES-5,2026-09-01T00:09:15.655-0700,61284.298,60.0,True
database\observations\2026-09-01\TRES-5\session_01\TRES-5260901071215.fits,science,TRES-5,2026-09-01,True,,a28e50ae97589b67e158fbb1998c12a4e0408fbf8103a99688d82a931ab6ffc5,656640,500x650,1.0,205.0,460.0,4095.0,0.00013846153846153847,TRES-5,2026-09-01T00:12:15.223-0700,61284.3,60.0,True
database\observations\2026-09-01\TRES-5\session_01\TRES-5260901071515.fits,science,TRES-5,2026-09-01,True,,e8c9060bb10f70154f6b31f9917fb771e1f47810218387c03eca10753ef91e49,656640,500x650,1.0,0.0,461.0,4095.0,0.0001476923076923077,TRES-5,2026-09-01T00:15:15.634-0700,61284.302,60.0,True
database\observations\2026-09-01\TRES-5\session_01\TRES-5260901071817.fits,science,TRES-5,2026-09-01,True,,597145871fa0c7b68b87786b45967def08ad65c40d67918af4380c7827d70ae1,656640,500x650,1.0,207.0,460.0,4095.0,0.00012,TRES-5,2026-09-01T00:18:17.004-0700,61284.304,60.0,True
database\observations\2026-09-01\TRES-5\session_01\TRES-5260901072115.fits,science,TRES-5,2026-09-01,True,,de198057dafb180a89fdd79c6c8851384a44ca3887b1390ca22232b58eeb1fd6,656640,500x650,1.0,206.0,460.0,4095.0,0.00013846153846153847,TRES-5,2026-09-01T00:21:15.502-0700,61284.306,60.0,True
database\observations\2026-09-01\TRES-5\session_01\TRES-5260901072416.fits,science,TRES-5,2026-09-01,True,,6232c006c53700df5351981bce8117c9741c7c5fdf484549c7a33d829abdd970,656640,500x650,1.0,204.0,461.0,4095.0,0.00012,TRES-5,2026-09-01T00:24:16.035-0700,61284.309,60.0,True
database\observations\2026-09-01\TRES-5\session_01\TRES-5260901072715.fits,science,TRES-5,2026-09-01,True,,8a1695e8000ab32b1bbc78c6d7b59bfb67a18f38daeb8fb1b2bd337c53df290f,656640,500x650,1.0,204.0,460.0,4095.0,0.00012615384615384615,TRES-5,2026-09-01T00:27:15.413-0700,61284.311,60.0,True
database\observations\2026-09-01\TRES-5\session_01\TRES-5260901073015.fits,science,TRES-5,2026-09-01,True,,cefc1ae43f682763c1ba39c0d14124030a63d82a776c30b8646a8f6dd5039796,656640,500x650,1.0,204.0,460.0,4095.0,0.00014153846153846153,TRES-5,2026-09-01T00:30:15.790-0700,61284.313,60.0,True
database\observations\2026-09-01\TRES-5\session_01\TRES-5260901073315.fits,science,TRES-5,2026-09-01,True,,7f9cd8648e8cf5de9f1b2b4a37ba0852c7aaa991f4118d8596bd8c9621e146c6,656640,500x650,1.0,206.0,460.0,4095.0,0.00012923076923076923,TRES-5,2026-09-01T00:33:15.372-0700,61284.315,60.0,True
database\observations\2026-09-01\TRES-5\session_01\TRES-5260901073616.fits,science,TRES-5,2026-09-01,True,,7f62d50ba16655b393f5d13c4fda3e30d32bd6c7c09f25ccb082ac9887e9b496,656640,500x650,1.0,206.0,460.0,4095.0,0.00012,TRES-5,2026-09-01T00:36:16.756-0700,61284.317,60.0,True
database\observations\2026-09-01\TRES-5\session_01\TRES-5260901073915.fits,science,TRES-5,2026-09-01,True,,c30b14aa35ba6b96cc5b5528ebbe02c799d3aa2b9636588ef99d466341cde2eb,656640,500x650,1.0,204.0,461.0,4095.0,0.00011076923076923077,TRES-5,2026-09-01T00:39:15.234-0700,61284.319,60.0,True
database\observations\2026-09-01\TRES-5\session_01\TRES-5260901074215.fits,science,TRES-5,2026-09-01,True,,512d2243466c9355cb82b87454ba55ba97ad65ea3b9993d35dd49058c690ac7e,656640,500x650,1.0,205.0,460.0,4095.0,0.00012615384615384615,TRES-5,2026-09-01T00:42:15.613-0700,61284.321,60.0,True
database\observations\2026-09-01\TRES-5\session_01\TRES-5260901074516.fits,science,TRES-5,2026-09-01,True,,0faaf97a92fd52ce06edefd67e8ca347ff9045c852a04d386398d1247cbcc857,656640,500x650,1.0,204.0,460.0,4095.0,0.00012307692307692307,TRES-5,2026-09-01T00:45:16.047-0700,61284.323,60.0,True
database\observations\2026-09-01\TRES-5\session_01\TRES-5260901074815.fits,science,TRES-5,2026-09-01,True,,8dd343addb4daa96cf7e49988999bfe37616b668893e4ad9bd0024c5c2a0214a,656640,500x650,1.0,203.0,460.0,4095.0,0.0001476923076923077,TRES-5,2026-09-01T00:48:15.566-0700,61284.325,60.0,True
database\observations\2026-09-01\TRES-5\session_01\TRES-5260901075115.fits,science,TRES-5,2026-09-01,True,,f30cec8be81d0ca14cb0e8794fb51e4e8916b55b12a6ba8e3f08441410871bf9,656640,500x650,1.0,205.0,460.0,4095.0,0.00016615384615384615,TRES-5,2026-09-01T00:51:15.969-0700,61284.327,60.0,True
database\observations\2026-09-01\TRES-5\session_01\TRES-5260901075415.fits,science,TRES-5,2026-09-01,True,,fbe2cac988da313f472227fc2b01dc919bcabe31a44d7d36ae7e1b3562a48958,656640,500x650,1.0,204.0,460.0,4095.0,0.0001353846153846154,TRES-5,2026-09-01T00:54:15.373-0700,61284.329,60.0,True
database\observations\2026-09-01\TRES-5\session_01\TRES-5260901075715.fits,science,TRES-5,2026-09-01,True,,782ff1d04394c3411ff3899133b672ca9fdcd9202e9205a295fbe42f3230f464,656640,500x650,1.0,206.0,459.0,4095.0,0.00012923076923076923,TRES-5,2026-09-01T00:57:15.770-0700,61284.331,60.0,True
database\observations\2026-09-01\TRES-5\session_01\TRES-5260901080015.fits,science,TRES-5,2026-09-01,True,,2b441fc36821ad99c5ccac404590b689717e5e80a45c80dd8ee60e16cd692086,656640,500x650,1.0,205.0,459.0,4095.0,0.00015692307692307693,TRES-5,2026-09-01T01:00:15.175-0700,61284.334,60.0,True
database\observations\2026-09-01\TRES-5\session_01\TRES-5260901080315.fits,science,TRES-5,2026-09-01,True,,55a5c46dcfef2af42625f98ce41e1b18accbc5803c7d355ece3148b2b66bb510,656640,500x650,1.0,204.0,459.0,4095.0,0.00012,TRES-5,2026-09-01T01:03:15.604-0700,61284.336,60.0,True
database\observations\2026-09-01\TRES-5\session_01\TRES-5260901080616.fits,science,TRES-5,2026-09-01,True,,2524629f4d16c3f57cc1a3622c34756761581ab974ef317530f70b5e7a166292,656640,500x650,1.0,204.0,460.0,4095.0,0.00011692307692307692,TRES-5,2026-09-01T01:06:16.015-0700,61284.338,60.0,True
database\observations\2026-09-01\TRES-5\session_01\TRES-5260901080916.fits,science,TRES-5,2026-09-01,True,,33802556f58aa9068a75084952dddcb71637df59923c1f80ecafbf03dff8a3b8,656640,500x650,1.0,206.0,461.0,4095.0,0.00013846153846153847,TRES-5,2026-09-01T01:09:16.386-0700,61284.34,60.0,True
database\observations\2026-09-01\TRES-5\session_01\TRES-5260901081215.fits,science,TRES-5,2026-09-01,True,,4fab79029c4352d49b283a4479e6ad6d960afc9d7b6d49d02ca6e74beb0190a7,656640,500x650,1.0,204.0,462.0,4095.0,0.00012307692307692307,TRES-5,2026-09-01T01:12:15.774-0700,61284.342,60.0,True
database\observations\2026-09-01\TRES-5\session_01\TRES-5260901081515.fits,science,TRES-5,2026-09-01,True,,668dcb3218c99b47653228a37b63851b50936282eee4e7f681246af931cc6bce,656640,500x650,1.0,0.0,462.0,4095.0,0.0001753846153846154,TRES-5,2026-09-01T01:15:15.201-0700,61284.344,60.0,True
database\observations\2026-09-01\TRES-5\session_01\TRES-5260901081815.fits,science,TRES-5,2026-09-01,True,,018d602953a948ef5d96d14538f63180ac6cf4787363502557bcd032f681379a,656640,500x650,1.0,205.0,462.0,4095.0,0.0001446153846153846,TRES-5,2026-09-01T01:18:15.653-0700,61284.346,60.0,True
database\observations\2026-09-01\TRES-5\session_01\TRES-5260901082116.fits,science,TRES-5,2026-09-01,True,,3029fd8ef1cc35e382890df7f514e7412f482a34fe1979d6b18c0a2d2302abe2,656640,500x650,1.0,203.0,462.0,4095.0,0.00012923076923076923,TRES-5,2026-09-01T01:21:16.147-0700,61284.348,60.0,True
database\observations\2026-09-01\TRES-5\session_01\TRES-5260901082415.fits,science,TRES-5,2026-09-01,True,,7bf681887b1390b199137fc0d7c01ea64f7a3d972e797a713e5c451997dd6349,656640,500x650,1.0,205.0,462.0,4095.0,0.0001353846153846154,TRES-5,2026-09-01T01:24:15.598-0700,61284.35,60.0,True
database\observations\2026-09-01\TRES-5\session_01\TRES-5260901082715.fits,science,TRES-5,2026-09-01,True,,0a7baeac345c8e9107c75ab28a1dd05ffafef645f9641870eef3fd63a3d824cf,656640,500x650,1.0,204.0,462.0,4095.0,0.00013846153846153847,TRES-5,2026-09-01T01:27:15.858-0700,61284.352,60.0,True
database\observations\2026-09-01\TRES-5\session_01\TRES-5260901083015.fits,science,TRES-5,2026-09-01,True,,a0ce68443f2d8e37c585fb814873270ec63b401cf85cedd77becbbfd88ee9dab,656640,500x650,1.0,203.0,462.0,4095.0,0.0001353846153846154,TRES-5,2026-09-01T01:30:15.361-0700,61284.354,60.0,True
database\observations\2026-09-01\TRES-5\session_01\TRES-5260901083315.fits,science,TRES-5,2026-09-01,True,,e6c7b1e8eb60584eea46db2c30a51b7ee042a87d275ff291e7f005d6d20ab302,656640,500x650,1.0,205.0,463.0,4095.0,0.0001476923076923077,TRES-5,2026-09-01T01:33:15.782-0700,61284.356,60.0,True
database\observations\2026-09-01\TRES-5\session_01\TRES-5260901083616.fits,science,TRES-5,2026-09-01,True,,b3c731ed465b8dc1d1a504b22a21fbddd6767e668713e6cf3bb4f402c250c02d,656640,500x650,1.0,204.0,463.0,4095.0,0.00012,TRES-5,2026-09-01T01:36:16.076-0700,61284.359,60.0,True
database\observations\2026-09-01\TRES-5\session_01\TRES-5260901083915.fits,science,TRES-5,2026-09-01,True,,3d7ae6ad45de3e759ec4696003dc3998815a262e9e849d7281e3b35fffcd553c,656640,500x650,1.0,204.0,463.0,4095.0,0.0001446153846153846,TRES-5,2026-09-01T01:39:15.461-0700,61284.361,60.0,True
database\observations\2026-09-04\TRES-5\session_01\TRES-5260904041043.fits,science,TRES-5,2026-09-04,True,,0b159ab9f7d64c27b4d8f9825de2045568e3cfeeca517ffa4a19ecd2742f38b6,656640,500x650,1.0,205.0,394.0,4095.0,0.00016615384615384615,TRES-5,2026-09-03T21:10:43.762-0700,61287.174,60.0,True
database\observations\2026-09-04\TRES-5\session_01\TRES-5260904041229.fits,science,TRES-5,2026-09-04,True,,85331e3d21f3dbda6b8975ab1e309344bcf5641f5455142599c8dfeeb3add60e,656640,500x650,1.0,204.0,394.0,4095.0,0.00012307692307692307,TRES-5,2026-09-03T21:12:29.912-0700,61287.175,60.0,True
database\observations\2026-09-04\TRES-5\session_01\TRES-5260904041515.fits,science,TRES-5,2026-09-04,True,,5a967f01c42efa273e52187b8514782acab3ae8aaee7383a862c7c560c5aa64a,656640,500x650,1.0,204.0,394.0,4095.0,9.846153846153846e-05,TRES-5,2026-09-03T21:15:15.673-0700,61287.177,60.0,True
database\observations\2026-09-04\TRES-5\session_01\TRES-5260904041817.fits,science,TRES-5,2026-09-04,True,,7914d2f1d57ddb02182c03532f646669186f56802b87a3eaf73df744e9bce6a6,656640,500x650,1.0,202.0,394.0,4095.0,0.00011076923076923077,TRES-5,2026-09-03T21:18:17.080-0700,61287.179,60.0,True
database\observations\2026-09-04\TRES-5\session_01\TRES-5260904042115.fits,science,TRES-5,2026-09-04,True,,f30eeb88435ee95cc7d5cf89d70274027a76e60a8ab58bb0c2fd4213a2f4aeea,656640,500x650,1.0,207.0,395.0,4095.0,0.00011692307692307692,TRES-5,2026-09-03T21:21:15.406-0700,61287.181,60.0,True
database\observations\2026-09-04\TRES-5\session_01\TRES-5260904042415.fits,science,TRES-5,2026-09-04,True,,0f44191523793081d8153ac7932b1c7c55d3ff4b7fc9a02e4f1e8b4638c1e446,656640,500x650,1.0,203.0,395.0,4095.0,9.23076923076923e-05,TRES-5,2026-09-03T21:24:15.892-0700,61287.184,60.0,True
database\observations\2026-09-04\TRES-5\session_01\TRES-5260904042715.fits,science,TRES-5,2026-09-04,True,,eb9f6390fb9fb1d838b5ebffb5a27fdeff7445ccb7b1c7711c76124c0797f88e,656640,500x650,1.0,203.0,396.0,4095.0,8.307692307692307e-05,TRES-5,2026-09-03T21:27:15.222-0700,61287.186,60.0,True
database\observations\2026-09-04\TRES-5\session_01\TRES-5260904043015.fits,science,TRES-5,2026-09-04,True,,82f937879ee1218ac1cfc9a7ab0c7dcade34e63aa8224a34ecf1621745e4c681,656640,500x650,1.0,203.0,396.0,4095.0,9.23076923076923e-05,TRES-5,2026-09-03T21:30:15.587-0700,61287.188,60.0,True
database\observations\2026-09-04\TRES-5\session_01\TRES-5260904043316.fits,science,TRES-5,2026-09-04,True,,d7a10ea603719d377df9bca490df1b50e8e0ba657d60fbf0cfe1672e946723cc,656640,500x650,1.0,202.0,396.0,4095.0,0.00011692307692307692,TRES-5,2026-09-03T21:33:16.921-0700,61287.19,60.0,True
database\observations\2026-09-04\TRES-5\session_01\TRES-5260904043615.fits,science,TRES-5,2026-09-04,True,,93e38c2f9e26d0ad115101ed7331daa212dc92990e304fce397e5ff90e5f8aff,656640,500x650,1.0,203.0,396.0,4095.0,0.00011076923076923077,TRES-5,2026-09-03T21:36:15.325-0700,61287.192,60.0,True
database\observations\2026-09-04\TRES-5\session_01\TRES-5260904043915.fits,science,TRES-5,2026-09-04,True,,eb37e3ef9e5dce37a91b6e614dffd74118e4c45a755eb36a33de1f1d3d2ec142,656640,500x650,1.0,203.0,396.0,4095.0,9.23076923076923e-05,TRES-5,2026-09-03T21:39:15.736-0700,61287.194,60.0,True
database\observations\2026-09-04\TRES-5\session_01\TRES-5260904044215.fits,science,TRES-5,2026-09-04,True,,27170b6ca14dc9b045028246fd2966ea382779424deb3e71458353bde0ab8492,656640,500x650,1.0,203.0,397.0,4095.0,0.0001076923076923077,TRES-5,2026-09-03T21:42:15.163-0700,61287.196,60.0,True
database\observations\2026-09-04\TRES-5\session_01\TRES-5260904044516.fits,science,TRES-5,2026-09-04,True,,8754edf73301329445e327eab312f226fa23be6fe95f50faa0ee4b5b9cb03ae3,656640,500x650,1.0,202.0,398.0,4095.0,0.00011384615384615384,TRES-5,2026-09-03T21:45:16.540-0700,61287.198,60.0,True
database\observations\2026-09-04\TRES-5\session_01\TRES-5260904044816.fits,science,TRES-5,2026-09-04,True,,0eefa4b5d31f6128c7c89153f72fed359b351b944e2165d4f05af272b6135ab3,656640,500x650,1.0,203.0,398.0,4095.0,0.00010153846153846155,TRES-5,2026-09-03T21:48:16.926-0700,61287.2,60.0,True
database\observations\2026-09-04\TRES-5\session_01\TRES-5260904045115.fits,science,TRES-5,2026-09-04,True,,574d49f3d0d312eb40c48cb44f547bb3b5d38605bc0293c7eeada4c8b8a4684d,656640,500x650,1.0,203.0,397.0,4095.0,0.00011692307692307692,TRES-5,2026-09-03T21:51:15.330-0700,61287.202,60.0,True
database\observations\2026-09-04\TRES-5\session_01\TRES-5260904045415.fits,science,TRES-5,2026-09-04,True,,bb62b13c0bb4151d5c00c0edfa7a7895a30bcbf1c05569b59bdaafd600424e31,656640,500x650,1.0,203.0,397.0,4095.0,9.23076923076923e-05,TRES-5,2026-09-03T21:54:15.642-0700,61287.204,60.0,True
database\observations\2026-09-04\TRES-5\session_01\TRES-5260904045717.fits,science,TRES-5,2026-09-04,True,,cca8df9e39d3c97a2cc8b95052fb9bbc224a3f7d0117d4690b72a4e0d46a0e23,656640,500x650,1.0,203.0,398.0,4095.0,0.00012,TRES-5,2026-09-03T21:57:17.017-0700,61287.206,60.0,True
database\observations\2026-09-04\TRES-5\session_01\TRES-5260904050015.fits,science,TRES-5,2026-09-04,True,,04b03f451114f02c957085ab363568c419eb8e99a8836b34710abf2a781c79ad,656640,500x650,1.0,203.0,398.0,4095.0,0.00011692307692307692,TRES-5,2026-09-03T22:00:15.285-0700,61287.209,60.0,True
database\observations\2026-09-04\TRES-5\session_01\TRES-5260904050315.fits,science,TRES-5,2026-09-04,True,,e424be874731239f4af3ee4aa1489aa52876bb13e19a7fe6c919b25d5633fedf,656640,500x650,1.0,204.0,398.0,4095.0,8.615384615384615e-05,TRES-5,2026-09-03T22:03:15.718-0700,61287.211,60.0,True
database\observations\2026-09-04\TRES-5\session_01\TRES-5260904050616.fits,science,TRES-5,2026-09-04,True,,3d703ab39ce7c23f011351db8602c8e288d74837de7459b406c6903300c0993e,656640,500x650,1.0,202.0,398.0,4095.0,0.00011384615384615384,TRES-5,2026-09-03T22:06:16.077-0700,61287.213,60.0,True
database\observations\2026-09-04\TRES-5\session_01\TRES-5260904050915.fits,science,TRES-5,2026-09-04,True,,b5f0129c1395b10c7fa3ef17031a3a593e135622052a68646252d0841eb07738,656640,500x650,1.0,203.0,397.0,4095.0,0.00012307692307692307,TRES-5,2026-09-03T22:09:15.465-0700,61287.215,60.0,True
database\observations\2026-09-04\TRES-5\session_01\TRES-5260904051216.fits,science,TRES-5,2026-09-04,True,,3fe4d47a9991a1395b367dfbb9ee3cd70ef3ea949c5eca1aaabc78e7a99b6c92,656640,500x650,1.0,203.0,397.0,4095.0,0.00011076923076923077,TRES-5,2026-09-03T22:12:16.750-0700,61287.217,60.0,True
database\observations\2026-09-04\TRES-5\session_01\TRES-5260904051516.fits,science,TRES-5,2026-09-04,True,,7a6cc2de08c48de7577664653248cf1b9b490c4d3f3ddea21cec889960cad8d8,656640,500x650,1.0,203.0,397.0,4095.0,0.00012,TRES-5,2026-09-03T22:15:16.155-0700,61287.219,60.0,True
database\observations\2026-09-04\TRES-5\session_01\TRES-5260904051816.fits,science,TRES-5,2026-09-04,True,,ace1c094b4c3c56875906c6b5df653ed1437ea5e7ab9cb54084065a452acad9c,656640,500x650,1.0,202.0,397.0,4095.0,0.0001076923076923077,TRES-5,2026-09-03T22:18:16.504-0700,61287.221,60.0,True
database\observations\2026-09-04\TRES-5\session_01\TRES-5260904052115.fits,science,TRES-5,2026-09-04,True,,5d26ab53cc2dcdc6809a1c83ce0807df4bc63cb61f016540d1ac702680a5a15e,656640,500x650,1.0,203.0,397.0,4095.0,0.00011384615384615384,TRES-5,2026-09-03T22:21:15.936-0700,61287.223,60.0,True
database\observations\2026-09-04\TRES-5\session_01\TRES-5260904052415.fits,science,TRES-5,2026-09-04,True,,869eb25c490860d8f0e1298ddea55d3bbe4b3f8bf042972368f1bfc9919b21fb,656640,500x650,1.0,203.0,397.0,4095.0,0.00010461538461538461,TRES-5,2026-09-03T22:24:15.287-0700,61287.225,60.0,True
database\observations\2026-09-04\TRES-5\session_01\TRES-5260904052715.fits,science,TRES-5,2026-09-04,True,,c7cc5f3879fa227153caee313c7d30e85bd12fe96a5d01eac316a8d2780de0e9,656640,500x650,1.0,204.0,397.0,4095.0,9.846153846153846e-05,TRES-5,2026-09-03T22:27:15.861-0700,61287.227,60.0,True
database\observations\2026-09-04\TRES-5\session_01\TRES-5260904053016.fits,science,TRES-5,2026-09-04,True,,6329fa5910b0b41d5ae8d392fce80562ba9dac7abce974e79bd96025dfa439ed,656640,500x650,1.0,203.0,400.0,4095.0,4e-05,TRES-5,2026-09-03T22:30:16.202-0700,61287.229,60.0,True
database\observations\2026-09-04\TRES-5\session_01\TRES-5260904053315.fits,science,TRES-5,2026-09-04,True,,146a0ccf4d9863aac13fadd83ff9b6a7d4e921f4204c38e53b0b570036eee402,656640,500x650,1.0,204.0,403.0,4095.0,1.2307692307692308e-05,TRES-5,2026-09-03T22:33:15.515-0700,61287.231,60.0,True
database\observations\2026-09-04\TRES-5\session_01\TRES-5260904053615.fits,science,TRES-5,2026-09-04,True,,fd78a5e971fc75e1811e223f644076809b6b88d7c0389cdaac1935dde0987bf8,656640,500x650,1.0,202.0,403.0,4095.0,1.5384615384615384e-05,TRES-5,2026-09-03T22:36:15.772-0700,61287.234,60.0,True
database\observations\2026-09-04\TRES-5\session_01\TRES-5260904053916.fits,science,TRES-5,2026-09-04,True,,2e52fddab9f87abf7c66bf4eac224046338f5335c45bd6f0d0a7324bda1ed0a9,656640,500x650,1.0,203.0,400.0,4095.0,6.76923076923077e-05,TRES-5,2026-09-03T22:39:16.211-0700,61287.236,60.0,True
database\observations\2026-09-04\TRES-5\session_01\TRES-5260904054215.fits,science,TRES-5,2026-09-04,True,,182f49ea6819b5fa73acf17845c30e47bd5896eb986767216232bdfd36873214,656640,500x650,1.0,202.0,399.0,4095.0,7.076923076923076e-05,TRES-5,2026-09-03T22:42:15.602-0700,61287.238,60.0,True
database\observations\2026-09-04\TRES-5\session_01\TRES-5260904054515.fits,science,TRES-5,2026-09-04,True,,a5d8209734bbc37f8f84e15944bdf9a9bf0d4e8e542cbc6ba1f1934a11e26fdf,656640,500x650,1.0,202.0,399.0,4095.0,8.923076923076924e-05,TRES-5,2026-09-03T22:45:15.930-0700,61287.24,60.0,True
database\observations\2026-09-04\TRES-5\session_01\TRES-5260904054815.fits,science,TRES-5,2026-09-04,True,,cad19ca6db743beeb51d159020941ec7dda55e22285bcbc84bc4a13a2bb27389,656640,500x650,1.0,203.0,399.0,4095.0,8.615384615384615e-05,TRES-5,2026-09-03T22:48:15.180-0700,61287.242,60.0,True
database\observations\2026-09-04\TRES-5\session_01\TRES-5260904055116.fits,science,TRES-5,2026-09-04,True,,ce2d472e6acd72531d37debd491f766f15a7979195d919152ac501ace0c57c0e,656640,500x650,1.0,203.0,400.0,4095.0,9.23076923076923e-05,TRES-5,2026-09-03T22:51:16.491-0700,61287.244,60.0,True
database\observations\2026-09-04\TRES-5\session_01\TRES-5260904055415.fits,science,TRES-5,2026-09-04,True,,50ff366494cc91deaec70363ba4e6643409d4af2a1a18de1f83eb5faf2a6f91e,656640,500x650,1.0,202.0,400.0,4095.0,9.846153846153846e-05,TRES-5,2026-09-03T22:54:15.969-0700,61287.246,60.0,True
database\observations\2026-09-04\TRES-5\session_01\TRES-5260904055715.fits,science,TRES-5,2026-09-04,True,,d012d9dfea51a09f099f0abaf00a9d7da0dd99d1907793ffec0336bb29de29d6,656640,500x650,1.0,202.0,400.0,4095.0,9.538461538461538e-05,TRES-5,2026-09-03T22:57:15.288-0700,61287.248,60.0,True
database\observations\2026-09-04\TRES-5\session_01\TRES-5260904060015.fits,science,TRES-5,2026-09-04,True,,81511ecbf6abc2dda713793e67218b026b365b0de0628c86c43de76d7d1abc55,656640,500x650,1.0,203.0,400.0,4095.0,0.00010153846153846155,TRES-5,2026-09-03T23:00:15.773-0700,61287.25,60.0,True
database\observations\2026-09-04\TRES-5\session_01\TRES-5260904060317.fits,science,TRES-5,2026-09-04,True,,ced380da016ec1d99e47199ce171b99cb27da916efef6893a4b853076f16688b,656640,500x650,1.0,204.0,400.0,4095.0,9.846153846153846e-05,TRES-5,2026-09-03T23:03:17.117-0700,61287.252,60.0,True
database\observations\2026-09-04\TRES-5\session_01\TRES-5260904060615.fits,science,TRES-5,2026-09-04,True,,7e5ef08a226192351c70f175a90bcbc16960c78d172ac2c2b59d342b3fe339e0,656640,500x650,1.0,204.0,401.0,4095.0,9.538461538461538e-05,TRES-5,2026-09-03T23:06:15.451-0700,61287.254,60.0,True
database\observations\2026-09-04\TRES-5\session_01\TRES-5260904060916.fits,science,TRES-5,2026-09-04,True,,87b042118778ffc332eadf6faf7817bb4c1bfb1233021e71ea6fccae0b717bf2,656640,500x650,1.0,203.0,401.0,4095.0,9.23076923076923e-05,TRES-5,2026-09-03T23:09:16.814-0700,61287.256,60.0,True
database\observations\2026-09-04\TRES-5\session_01\TRES-5260904061215.fits,science,TRES-5,2026-09-04,True,,ba8b121c70f85801b654a8ae1ea0e876daef3ec7e7afaa07153e1cd3a9b3d885,656640,500x650,1.0,203.0,402.0,4095.0,0.00010461538461538461,TRES-5,2026-09-03T23:12:15.168-0700,61287.259,60.0,True
database\observations\2026-09-04\TRES-5\session_01\TRES-5260904061515.fits,science,TRES-5,2026-09-04,True,,aaff3faf569939dab84431032dfdc5f5f815d4019cf0b5970731a857176aa796,656640,500x650,1.0,203.0,403.0,4095.0,8e-05,TRES-5,2026-09-03T23:15:15.642-0700,61287.261,60.0,True
database\observations\2026-09-04\TRES-5\session_01\TRES-5260904061816.fits,science,TRES-5,2026-09-04,True,,2834024de210f90a5675b900afab4c6cd76342cae1a8724f79748efc56564fa7,656640,500x650,1.0,204.0,403.0,4095.0,9.846153846153846e-05,TRES-5,2026-09-03T23:18:16.992-0700,61287.263,60.0,True
database\observations\2026-09-04\TRES-5\session_01\TRES-5260904062115.fits,science,TRES-5,2026-09-04,True,,53b20a112539ed4e0648f8692fad7e6f24abe3e35576b646aeecfc73dc1d680b,656640,500x650,1.0,204.0,404.0,4095.0,8.615384615384615e-05,TRES-5,2026-09-03T23:21:15.308-0700,61287.265,60.0,True
database\observations\2026-09-04\TRES-5\session_01\TRES-5260904062415.fits,science,TRES-5,2026-09-04,True,,81a8436ee73662efe84dc2c6c65c5eda57127b50fa8ac832718dc2c97028fee4,656640,500x650,1.0,204.0,405.0,4095.0,8e-05,TRES-5,2026-09-03T23:24:15.809-0700,61287.267,60.0,True
database\observations\2026-09-04\TRES-5\session_01\TRES-5260904062715.fits,science,TRES-5,2026-09-04,True,,792f8d1fbcfecbf28c17d50daaac38e18fb4d4da47fe1ed48e5c5727c151dd6a,656640,500x650,1.0,205.0,405.0,4095.0,7.076923076923076e-05,TRES-5,2026-09-03T23:27:15.201-0700,61287.269,60.0,True
database\observations\2026-09-04\TRES-5\session_01\TRES-5260904063015.fits,science,TRES-5,2026-09-04,True,,a4034e5afb16a02f51edc442f1e46b098650c3f6172119ae1e53e859111724c1,656640,500x650,1.0,202.0,405.0,4095.0,8.923076923076924e-05,TRES-5,2026-09-03T23:30:15.668-0700,61287.271,60.0,True
database\observations\2026-09-04\TRES-5\session_01\TRES-5260904063315.fits,science,TRES-5,2026-09-04,True,,b0e400ccd0619457a8e77198fd8a099beed70d8385fd71e6619067303efc32cf,656640,500x650,1.0,202.0,405.0,4095.0,0.0001076923076923077,TRES-5,2026-09-03T23:33:15.190-0700,61287.273,60.0,True
database\observations\2026-09-04\TRES-5\session_01\TRES-5260904063615.fits,science,TRES-5,2026-09-04,True,,f8eb0c244cfed7b578cb339994c67144b0c2075d16a23312b01886bcb343c22c,656640,500x650,1.0,203.0,406.0,4095.0,0.00010461538461538461,TRES-5,2026-09-03T23:36:15.663-0700,61287.275,60.0,True
database\observations\2026-09-04\TRES-5\session_01\TRES-5260904063917.fits,science,TRES-5,2026-09-04,True,,e3ba560a67a1d8e436bdd842e7755ec1bd8863bd6f5f1056bd6a4bc82559c06d,656640,500x650,1.0,203.0,406.0,4095.0,9.846153846153846e-05,TRES-5,2026-09-03T23:39:17.022-0700,61287.277,60.0,True
database\observations\2026-09-04\TRES-5\session_01\TRES-5260904064215.fits,science,TRES-5,2026-09-04,True,,e6d6abf96e01cb8b9b1231fa18f72814c2b947b585c215bf72cad3aa661853af,656640,500x650,1.0,203.0,406.0,4095.0,9.846153846153846e-05,TRES-5,2026-09-03T23:42:15.504-0700,61287.279,60.0,True
database\observations\2026-09-04\TRES-5\session_01\TRES-5260904064515.fits,science,TRES-5,2026-09-04,True,,7f493f03f4858fda6e2f2d6fb99bbf69f014898f4723039b5bc69103c5b70ab3,656640,500x650,1.0,201.0,406.0,4095.0,9.538461538461538e-05,TRES-5,2026-09-03T23:45:15.812-0700,61287.281,60.0,True
database\observations\2026-09-04\TRES-5\session_01\TRES-5260904064816.fits,science,TRES-5,2026-09-04,True,,dd474a4ecb100ee9c13f869fb66bab6d10968dbf679ad66682d100c6974e9492,656640,500x650,1.0,203.0,407.0,4095.0,8.307692307692307e-05,TRES-5,2026-09-03T23:48:16.272-0700,61287.284,60.0,True
database\observations\2026-09-04\TRES-5\session_01\TRES-5260904065116.fits,science,TRES-5,2026-09-04,True,,bb7b4cccbd18c86f15cb2073bd7f1e0de20b077c6863c92e51badf8688753c67,656640,500x650,1.0,202.0,407.0,4095.0,0.00010461538461538461,TRES-5,2026-09-03T23:51:16.529-0700,61287.286,60.0,True
database\observations\2026-09-04\TRES-5\session_01\TRES-5260904065416.fits,science,TRES-5,2026-09-04,True,,e3518c15e853c9db761f135cdbed0fee78ff0b6fc5fdbb34e1c4b1e94b0052f2,656640,500x650,1.0,202.0,407.0,4095.0,0.00011384615384615384,TRES-5,2026-09-03T23:54:16.926-0700,61287.288,60.0,True
database\observations\2026-09-04\TRES-5\session_01\TRES-5260904065715.fits,science,TRES-5,2026-09-04,True,,6cfe4cb10c4f57f9d9d2a7dbe004fd0896f0512b7f2e01dbf454800ba9003b6d,656640,500x650,1.0,204.0,407.0,4095.0,9.846153846153846e-05,TRES-5,2026-09-03T23:57:15.220-0700,61287.29,60.0,True
database\observations\2026-09-05\HATP-10\session_01\HATP-10260905074224.fits,science,HATP-10,2026-09-05,True,,e5fe31e629054abf01e098f8c709f8978a538479e9377f00188fd33ea27a4183,656640,500x650,1.0,204.0,426.0,4095.0,9.846153846153846e-05,HATP-10,2026-09-05T00:42:24.011-0700,61288.321,60.0,True
database\observations\2026-09-05\HATP-10\session_01\HATP-10260905074835.fits,science,HATP-10,2026-09-05,True,,364f089009a361eda593ec90b2eed3ea40b7f52559de49870826f0bd17a7e681,656640,500x650,1.0,205.0,429.0,4095.0,9.846153846153846e-05,HATP-10,2026-09-05T00:48:35.877-0700,61288.325,60.0,True
database\observations\2026-09-05\HATP-10\session_01\HATP-10260905075020.fits,science,HATP-10,2026-09-05,True,,2828780a58d2fc1c96de83426ae0831468e36882f09edbc76e970976abbe7e2f,656640,500x650,1.0,202.0,429.0,4095.0,9.846153846153846e-05,HATP-10,2026-09-05T00:50:20.102-0700,61288.327,60.0,True
database\observations\2026-09-05\HATP-10\session_01\HATP-10260905075816.fits,science,HATP-10,2026-09-05,True,,cf2cf378bf8ebeb3df4681f9f122ccae6dd4f51ccd08f26677cbd68c71c0730d,656640,500x650,1.0,205.0,431.0,4095.0,9.538461538461538e-05,HATP-10,2026-09-05T00:58:16.201-0700,61288.332,60.0,True
database\observations\2026-09-05\HATP-10\session_01\HATP-10260905080000.fits,science,HATP-10,2026-09-05,True,,4b79fdb2b85bc703e65e35505ca716e6940d10fbbb8453df51bf0712b7013eb2,656640,500x650,1.0,205.0,430.0,4095.0,9.846153846153846e-05,HATP-10,2026-09-05T01:00:00.367-0700,61288.333,60.0,True
database\observations\2026-09-05\HATP-10\session_01\HATP-10260905080614.fits,science,HATP-10,2026-09-05,True,,01da08a5ac4678340421c5c3bfae1c2fc58d4be0f5d3b7074f1136283a9a2dd6,656640,500x650,1.0,204.0,429.0,4095.0,9.846153846153846e-05,HATP-10,2026-09-05T01:06:14.128-0700,61288.338,60.0,True
database\observations\2026-09-05\HATP-10\session_01\HATP-10260905081225.fits,science,HATP-10,2026-09-05,True,,ef8828d4b695cd3f8107f5b6a5ea9c71422c480df38ef13e19673dc0be9bfb59,656640,500x650,1.0,204.0,428.0,4095.0,0.0001076923076923077,HATP-10,2026-09-05T01:12:25.844-0700,61288.342,60.0,True
database\observations\2026-09-05\HATP-10\session_01\HATP-10260905082023.fits,science,HATP-10,2026-09-05,True,,c642212e42d6f679b349c2ba9379694c04a9189867603c665dd257b2de69bcba,656640,500x650,1.0,203.0,426.0,4095.0,0.00010153846153846155,HATP-10,2026-09-05T01:20:23.877-0700,61288.347,60.0,True
database\observations\2026-09-05\HATP-10\session_01\HATP-10260905082206.fits,science,HATP-10,2026-09-05,True,,12c1d96f853b56672600ed5a0652e93eaa2a195b25eb33ae1e1829ac87bb6f75,656640,500x650,1.0,203.0,426.0,4095.0,0.00010153846153846155,HATP-10,2026-09-05T01:22:06.993-0700,61288.349,60.0,True
database\observations\2026-09-05\HATP-10\session_01\HATP-10260905083001.fits,science,HATP-10,2026-09-05,True,,7ce7ddc1f54c788d828f4674394aa4443ae1f0fd51406e55f24b224c67334d68,656640,500x650,1.0,204.0,425.0,4095.0,0.00010153846153846155,HATP-10,2026-09-05T01:30:01.954-0700,61288.354,60.0,True
database\observations\2026-09-05\HATP-10\session_01\HATP-10260905083613.fits,science,HATP-10,2026-09-05,True,,58c68ea8bd39f01aca879c85adcf33ad0274687e35c6a6d9c912c5396c1e34a7,656640,500x650,1.0,203.0,425.0,4095.0,0.00010153846153846155,HATP-10,2026-09-05T01:36:13.691-0700,61288.358,60.0,True
database\observations\2026-09-05\HATP-10\session_01\HATP-10260905083756.fits,science,HATP-10,2026-09-05,True,,764ce23593186d3f0731cf1210be3650068d6aec3ba4185e76c6bea32e218414,656640,500x650,1.0,204.0,425.0,4095.0,0.0001076923076923077,HATP-10,2026-09-05T01:37:56.833-0700,61288.36,60.0,True
database\observations\2026-09-05\HATP-10\session_01\HATP-10260905084411.fits,science,HATP-10,2026-09-05,True,,031819fd5ccc9fb1d9a07ceea2be8112d6f20d4b69325607ba20db5b7ada10ec,656640,500x650,1.0,205.0,425.0,4095.0,9.538461538461538e-05,HATP-10,2026-09-05T01:44:11.610-0700,61288.364,60.0,True
database\observations\2026-09-05\HATP-10\session_01\HATP-10260905085025.fits,science,HATP-10,2026-09-05,True,,d4cfd416f70d75c72b915c25d7a5dffb300b22f23595a543e43fc128d38979a4,656640,500x650,1.0,204.0,424.0,4095.0,0.0001076923076923077,HATP-10,2026-09-05T01:50:25.469-0700,61288.368,60.0,True
database\observations\2026-09-05\HATP-10\session_01\HATP-10260905085638.fits,science,HATP-10,2026-09-05,True,,e9efa949c266d455f8bf693f6e70bd495a31139fe09184a83aea22b1bd8393a4,656640,500x650,1.0,204.0,423.0,4095.0,0.00010153846153846155,HATP-10,2026-09-05T01:56:38.366-0700,61288.373,60.0,True
database\observations\2026-09-05\HATP-10\session_01\HATP-10260905090251.fits,science,HATP-10,2026-09-05,True,,7a823de74f8e793621f31ca0a416c1c4215100bbeb4912f65605bfb8ba89d10f,656640,500x650,1.0,202.0,423.0,4095.0,0.00010153846153846155,HATP-10,2026-09-05T02:02:51.346-0700,61288.377,60.0,True
database\observations\2026-09-05\HATP-10\session_01\HATP-10260905090903.fits,science,HATP-10,2026-09-05,True,,8b0b00c071aecb237284ebecf50e8bccd8833586664b52f930d423bf4f6e30cc,656640,500x650,1.0,203.0,423.0,4095.0,0.00010461538461538461,HATP-10,2026-09-05T02:09:03.281-0700,61288.381,60.0,True
database\observations\2026-09-05\HATP-10\session_01\HATP-10260905091516.fits,science,HATP-10,2026-09-05,True,,ed838344a61f9451a589e838c275e9706eb3e96b8682cf00469c11f17b04d09d,656640,500x650,1.0,203.0,422.0,4095.0,0.00010461538461538461,HATP-10,2026-09-05T02:15:16.040-0700,61288.386,60.0,True
database\observations\2026-09-05\HATP-10\session_01\HATP-10260905092127.fits,science,HATP-10,2026-09-05,True,,b79945b1e9c43a771ec25ea738539d178ee315427a182de4311919bfa4239bcf,656640,500x650,1.0,205.0,423.0,4095.0,0.0001076923076923077,HATP-10,2026-09-05T02:21:27.901-0700,61288.39,60.0,True
database\observations\2026-09-05\HATP-10\session_01\HATP-10260905092925.fits,science,HATP-10,2026-09-05,True,,daaf058876d1cbe2f8a9b6ebe711fec549ae8d37366520357a18e300db7ae28d,656640,500x650,1.0,204.0,421.0,4095.0,0.00010461538461538461,HATP-10,2026-09-05T02:29:25.822-0700,61288.395,60.0,True
database\observations\2026-09-05\HATP-10\session_01\HATP-10260905093109.fits,science,HATP-10,2026-09-05,True,,c6ee828b9f1b34333a79ab80ba83682bb6899e019af9dde61ce0a8d5e24afa71,656640,500x650,1.0,202.0,421.0,4095.0,0.00011076923076923077,HATP-10,2026-09-05T02:31:09.027-0700,61288.397,60.0,True
database\observations\2026-09-05\HATP-10\session_01\HATP-10260905093253.fits,science,HATP-10,2026-09-05,True,,a59a8e41fb920bdcadfb66c12eedda62b452fef58221513205646160dbf24a45,656640,500x650,1.0,203.0,421.0,4095.0,0.00010153846153846155,HATP-10,2026-09-05T02:32:53.212-0700,61288.398,60.0,True
database\observations\2026-09-05\HATP-10\session_01\HATP-10260905093436.fits,science,HATP-10,2026-09-05,True,,20d034f5add7c576ca9a9a7fe561d5fd1235939f728839bd03b8c16ab1db0524,656640,500x650,1.0,203.0,421.0,4095.0,0.0001076923076923077,HATP-10,2026-09-05T02:34:36.356-0700,61288.399,60.0,True
database\observations\2026-09-05\HATP-10\session_01\HATP-10260905093620.fits,science,HATP-10,2026-09-05,True,,748973984788e576d047e710bdc555d83dd330b963f7f24fda76f18951c00e8c,656640,500x650,1.0,203.0,421.0,4095.0,0.0001076923076923077,HATP-10,2026-09-05T02:36:20.532-0700,61288.4,60.0,True
database\observations\2026-09-05\HATP-10\session_01\HATP-10260905093803.fits,science,HATP-10,2026-09-05,True,,9f1dfdff42a032d87cb6ac53252fea3e261426b088eda06149e5a5654abc85a0,656640,500x650,1.0,204.0,421.0,4095.0,0.00010153846153846155,HATP-10,2026-09-05T02:38:03.688-0700,61288.401,60.0,True
database\observations\2026-09-05\HATP-10\session_01\HATP-10260905093948.fits,science,HATP-10,2026-09-05,True,,8535ca23606280e5072e7b194ee0d4815acdbc7d586c1e2a8820e1bc55789484,656640,500x650,1.0,202.0,421.0,4095.0,0.0001076923076923077,HATP-10,2026-09-05T02:39:48.858-0700,61288.403,60.0,True
database\observations\2026-09-05\HATP-10\session_01\HATP-10260905094132.fits,science,HATP-10,2026-09-05,True,,e0d63b548108dbedab99e3c90477125531aa41373776db7f4305b50184aab8ac,656640,500x650,1.0,204.0,421.0,4095.0,0.00010461538461538461,HATP-10,2026-09-05T02:41:32.055-0700,61288.404,60.0,True
database\observations\2026-09-05\HATP-10\session_01\HATP-10260905094316.fits,science,HATP-10,2026-09-05,True,,32bf737b63be16ab29f2916934df657c69c48aac7e4972b4d522b2deb9e322d3,656640,500x650,1.0,203.0,422.0,4095.0,0.00011076923076923077,HATP-10,2026-09-05T02:43:16.256-0700,61288.405,60.0,True
database\observations\2026-09-05\HATP-10\session_01\HATP-10260905094501.fits,science,HATP-10,2026-09-05,True,,b7ab88a4e9047cbc2ace7be59022ac39fab868a11a2aa0dbf7f51fd2a050aaad,656640,500x650,1.0,202.0,422.0,4095.0,0.00011076923076923077,HATP-10,2026-09-05T02:45:01.405-0700,61288.406,60.0,True
database\observations\2026-09-05\HATP-10\session_01\HATP-10260905094645.fits,science,HATP-10,2026-09-05,True,,12dc619d39c8f826e88774d8bb3ad7c719d00aa24cd32471a36945b0528858bb,656640,500x650,1.0,205.0,422.0,4095.0,0.00010461538461538461,HATP-10,2026-09-05T02:46:45.550-0700,61288.407,60.0,True
database\observations\2026-09-05\HATP-10\session_01\HATP-10260905094830.fits,science,HATP-10,2026-09-05,True,,0690997634e015353c7a7c9667633be01ec61164f2d78c38178fc0cf2ef398f1,656640,500x650,1.0,203.0,423.0,4095.0,0.00010461538461538461,HATP-10,2026-09-05T02:48:30.733-0700,61288.409,60.0,True
database\observations\2026-09-05\HATP-10\session_01\HATP-10260905095013.fits,science,HATP-10,2026-09-05,True,,4949e240ad7ac869ee4c51b07607b15c58a4f0996b777b7eaf392ccd1048be37,656640,500x650,1.0,205.0,422.0,4095.0,0.0001076923076923077,HATP-10,2026-09-05T02:50:13.866-0700,61288.41,60.0,True
database\observations\2026-09-05\HATP-10\session_01\HATP-10260905095157.fits,science,HATP-10,2026-09-05,True,,b88559a54df7864af966fa6aea9ad65b4e29c1bc8161ed02ef51563e9e6c0a1c,656640,500x650,1.0,204.0,422.0,4095.0,0.0001076923076923077,HATP-10,2026-09-05T02:51:57.095-0700,61288.411,60.0,True
database\observations\2026-09-05\HATP-10\session_01\HATP-10260905095340.fits,science,HATP-10,2026-09-05,True,,e1e85028be715ff5581733d23ccc2a73b93d8b3270d6a9ccc81de1df51fb4cd5,656640,500x650,1.0,203.0,424.0,4095.0,0.00011076923076923077,HATP-10,2026-09-05T02:53:40.291-0700,61288.412,60.0,True
database\observations\2026-09-05\HATP-10\session_01\HATP-10260905095523.fits,science,HATP-10,2026-09-05,True,,a6d1a365729ff0c0cd9e2cc598073cff5176960dbb3ed13a9909c92e5f9f6277,656640,500x650,1.0,205.0,427.0,4095.0,9.846153846153846e-05,HATP-10,2026-09-05T02:55:23.491-0700,61288.413,60.0,True
database\observations\2026-09-05\HATP-10\session_01\HATP-10260905095706.fits,science,HATP-10,2026-09-05,True,,e1ccf667841cc0510c408ea93f63ee111d2d58f49d062b286d010c50179d9221,656640,500x650,1.0,205.0,428.0,4095.0,0.00010461538461538461,HATP-10,2026-09-05T02:57:06.622-0700,61288.415,60.0,True
database\observations\2026-09-05\HATP-10\session_01\HATP-10260905095849.fits,science,HATP-10,2026-09-05,True,,8b1f63d727b04ee5080450f4981eb67e3b3e33d82f0dfd130908d7cd301182da,656640,500x650,1.0,205.0,430.0,4095.0,9.538461538461538e-05,HATP-10,2026-09-05T02:58:49.839-0700,61288.416,60.0,True
database\observations\2026-09-05\HATP-10\session_01\HATP-10260905100034.fits,science,HATP-10,2026-09-05,True,,62388db08f6c83522becede3f9dcb49d367f4006a879af654a38b213e64f7b7a,656640,500x650,1.0,205.0,432.0,4095.0,0.00010461538461538461,HATP-10,2026-09-05T03:00:34.034-0700,61288.417,60.0,True
database\observations\2026-09-05\HATP-10\session_01\HATP-10260905100217.fits,science,HATP-10,2026-09-05,True,,bb6eb6f70270c252ea179ba46a0efbe3ee6696526475dec04735368ef449241b,656640,500x650,1.0,204.0,432.0,4095.0,9.846153846153846e-05,HATP-10,2026-09-05T03:02:17.190-0700,61288.418,60.0,True
database\observations\2026-09-05\HATP-10\session_01\HATP-10260905100401.fits,science,HATP-10,2026-09-05,True,,0eb91417f6ac6da08957a64a4a5e01cac6bbd989d2cdc0fe17b8ac49c916efb5,656640,500x650,1.0,205.0,426.0,4095.0,0.00010461538461538461,HATP-10,2026-09-05T03:04:01.407-0700,61288.419,60.0,True
database\observations\2026-09-05\HATP-10\session_01\HATP-10260905100546.fits,science,HATP-10,2026-09-05,True,,a5e1dfd847a43b89e287a55b0a9d8a82422a6f80af2e2efefde22409c09513c2,656640,500x650,1.0,203.0,422.0,4095.0,0.00010153846153846155,HATP-10,2026-09-05T03:05:46.609-0700,61288.421,60.0,True
database\observations\2026-09-05\HATP-10\session_01\HATP-10260905100731.fits,science,HATP-10,2026-09-05,True,,9834285bf6fbdf70765acbb669a3be82ba5d205eafd5961ebb9927177ab4f2cd,656640,500x650,1.0,204.0,421.0,4095.0,0.0001076923076923077,HATP-10,2026-09-05T03:07:31.838-0700,61288.422,60.0,True
database\observations\2026-09-05\HATP-10\session_01\HATP-10260905100915.fits,science,HATP-10,2026-09-05,True,,dbc6b31bb0fe8a346769513a199c45b7f890ae3a4e962dcc999a01356d0929cd,656640,500x650,1.0,204.0,421.0,4095.0,0.00011384615384615384,HATP-10,2026-09-05T03:09:15.036-0700,61288.423,60.0,True
database\observations\2026-09-05\HATP-10\session_01\HATP-10260905101058.fits,science,HATP-10,2026-09-05,True,,d7ee61e3f25e68002e73bf08a4cfb616163b1187935b689d0675f94e6676acc8,656640,500x650,1.0,203.0,421.0,4095.0,0.00011692307692307692,HATP-10,2026-09-05T03:10:58.240-0700,61288.424,60.0,True
database\observations\2026-09-05\HATP-10\session_01\HATP-10260905101241.fits,science,HATP-10,2026-09-05,True,,6e0971d9194b5549c64e8035ea6fd473211c8329e947579bdc433624700962a7,656640,500x650,1.0,204.0,422.0,4095.0,0.00011076923076923077,HATP-10,2026-09-05T03:12:41.354-0700,61288.425,60.0,True
database\observations\2026-09-05\HATP-10\session_01\HATP-10260905101424.fits,science,HATP-10,2026-09-05,True,,790865a13dc44c2e0dbc7a3dfc9eed18023710769646d198a5179a7e86292bda,656640,500x650,1.0,204.0,422.0,4095.0,0.0001076923076923077,HATP-10,2026-09-05T03:14:24.489-0700,61288.427,60.0,True
database\observations\2026-09-05\HATP-10\session_01\HATP-10260905101608.fits,science,HATP-10,2026-09-05,True,,e98d2e0c890fface475c34b52c91c0936c0a1dd8d318d7bb0ed5ca6c1165680b,656640,500x650,1.0,203.0,422.0,4095.0,0.00011692307692307692,HATP-10,2026-09-05T03:16:08.718-0700,61288.428,60.0,True
database\observations\2026-09-05\HATP-10\session_01\HATP-10260905101752.fits,science,HATP-10,2026-09-05,True,,3d283870c401e5badfb568ba1756b71d4c0e983aa3a1a9fb8be920be8270ae83,656640,500x650,1.0,204.0,423.0,4095.0,0.0001076923076923077,HATP-10,2026-09-05T03:17:52.863-0700,61288.429,60.0,True
database\observations\2026-09-05\HATP-10\session_01\HATP-10260905101937.fits,science,HATP-10,2026-09-05,True,,8887711f6553f54015142f432e9d8a9329c6690bc1d978eea4da9ba2e7739667,656640,500x650,1.0,205.0,427.0,4095.0,9.846153846153846e-05,HATP-10,2026-09-05T03:19:37.066-0700,61288.43,60.0,True
database\observations\2026-09-05\HATP-10\session_01\HATP-10260905102121.fits,science,HATP-10,2026-09-05,True,,e8506cf558b40ad69b47141d1261bbfc7f69bc4330ebeadec9ee5c1bd30a26c8,656640,500x650,1.0,204.0,435.0,4095.0,9.23076923076923e-05,HATP-10,2026-09-05T03:21:21.312-0700,61288.431,60.0,True
database\observations\2026-09-05\HATP-10\session_01\HATP-10260905102304.fits,science,HATP-10,2026-09-05,True,,a3c634fc6cab43d75fde8bff230c6694fb0978769590b4f707eb8ad5d177844c,656640,500x650,1.0,204.0,433.0,4095.0,9.538461538461538e-05,HATP-10,2026-09-05T03:23:04.458-0700,61288.433,60.0,True
database\observations\2026-09-05\HATP-10\session_01\HATP-10260905102448.fits,science,HATP-10,2026-09-05,True,,081ce3265cecadcbd39bde3271d0e181968e4aae6307ba4e771c98402c1a0491,656640,500x650,1.0,204.0,436.0,4095.0,9.23076923076923e-05,HATP-10,2026-09-05T03:24:48.674-0700,61288.434,60.0,True
database\observations\2026-09-05\HATP-10\session_01\HATP-10260905102632.fits,science,HATP-10,2026-09-05,True,,dd79922fb2672b3bf2b712796bde3b5e6de919ee47c087cec9b962b0769f7c15,656640,500x650,1.0,205.0,435.0,4095.0,9.23076923076923e-05,HATP-10,2026-09-05T03:26:32.821-0700,61288.435,60.0,True
database\observations\2026-09-05\HATP-10\session_01\HATP-10260905102817.fits,science,HATP-10,2026-09-05,True,,dd6c12b321e0c9bb5bc6a2872d906439a998456ce106cfb79ce24e15c76fe3fe,656640,500x650,1.0,205.0,430.0,4095.0,0.00010461538461538461,HATP-10,2026-09-05T03:28:17.977-0700,61288.436,60.0,True
database\observations\2026-09-05\HATP-10\session_01\HATP-10260905103001.fits,science,HATP-10,2026-09-05,True,,3aab437a5f76b6517ea9ccab63a51e5fe62e01ecd0760fc7423d1e6465e2d1fb,656640,500x650,1.0,204.0,427.0,4095.0,9.846153846153846e-05,HATP-10,2026-09-05T03:30:01.166-0700,61288.438,60.0,True
database\observations\2026-09-05\HATP-10\session_01\HATP-10260905103146.fits,science,HATP-10,2026-09-05,True,,5ccd9ee1335cb32dadba83070fd37fc58eb836d598d4990b875e3c14f0b205e9,656640,500x650,1.0,205.0,426.0,4095.0,9.538461538461538e-05,HATP-10,2026-09-05T03:31:46.337-0700,61288.439,60.0,True
database\observations\2026-09-05\HATP-10\session_01\HATP-10260905103329.fits,science,HATP-10,2026-09-05,True,,5dd0d0fd57c585baa580c19c6ea9be30f9ed2943bc34fc0e53b4e03622d774ce,656640,500x650,1.0,205.0,428.0,4095.0,0.00010153846153846155,HATP-10,2026-09-05T03:33:29.529-0700,61288.44,60.0,True
database\observations\2026-09-05\HATP-10\session_01\HATP-10260905103513.fits,science,HATP-10,2026-09-05,True,,07140f9b7c1da605f7ed0a048a5f5f9c073d103f5c871ae34d82f7e27ee4034b,656640,500x650,1.0,204.0,424.0,4095.0,0.00010461538461538461,HATP-10,2026-09-05T03:35:13.704-0700,61288.441,60.0,True
database\observations\2026-09-05\HATP-10\session_01\HATP-10260905103656.fits,science,HATP-10,2026-09-05,True,,645654c222956acdbdc65ddab53285c4416be6d954e46777c46c16e33cfb586b,656640,500x650,1.0,203.0,425.0,4095.0,0.00010153846153846155,HATP-10,2026-09-05T03:36:56.892-0700,61288.442,60.0,True
database\observations\2026-09-05\HATP-10\session_01\HATP-10260905103840.fits,science,HATP-10,2026-09-05,True,,cc05cd7833a6fda0f6bc30e2d796fab462ae202d44c15681db1fd606f126d467,656640,500x650,1.0,203.0,423.0,4095.0,0.00011692307692307692,HATP-10,2026-09-05T03:38:40.024-0700,61288.444,60.0,True
database\observations\2026-09-05\HATP-10\session_01\HATP-10260905104026.fits,science,HATP-10,2026-09-05,True,,396f62abfbf5360ada5158854c465ce3ce82de2292afef750be94069bc5af36c,656640,500x650,1.0,204.0,422.0,4095.0,0.00011384615384615384,HATP-10,2026-09-05T03:40:26.200-0700,61288.445,60.0,True
database\observations\2026-09-05\HATP-10\session_01\HATP-10260905104215.fits,science,HATP-10,2026-09-05,True,,fba52e09804ab9c9df4e7328e296da4f4ed67f013220e13a113e0eccf24db4cc,656640,500x650,1.0,205.0,422.0,4095.0,0.00011076923076923077,HATP-10,2026-09-05T03:42:15.484-0700,61288.446,60.0,True
database\observations\2026-09-05\HATP-10\session_01\HATP-10260905104515.fits,science,HATP-10,2026-09-05,True,,2f871ee22eeb2d5287d4f9afe4162ca46eb9417396a0f225692789c57cf3a91d,656640,500x650,1.0,204.0,424.0,4095.0,0.00010461538461538461,HATP-10,2026-09-05T03:45:15.931-0700,61288.448,60.0,True
database\observations\2026-09-05\HATP-10\session_01\HATP-10260905104815.fits,science,HATP-10,2026-09-05,True,,b1b40c63bc5afed5f2e75583594f31b0ccf069a82fb3166db16abe66b8fc7191,656640,500x650,1.0,203.0,420.0,4095.0,0.00010153846153846155,HATP-10,2026-09-05T03:48:15.330-0700,61288.45,60.0,True
database\observations\2026-09-05\HATP-10\session_01\HATP-10260905105115.fits,science,HATP-10,2026-09-05,True,,14c0084c58dd27ba00ad26097aae9aa990910c1ed29b3648dda1ad3d86dfccef,656640,500x650,1.0,205.0,419.0,4095.0,0.00010461538461538461,HATP-10,2026-09-05T03:51:15.676-0700,61288.452,60.0,True
database\observations\2026-09-05\HATP-10\session_01\HATP-10260905105416.fits,science,HATP-10,2026-09-05,True,,91df207e3e08ada6ef29a825bade16741906b1f36fdca42d211af5a4bb3c6b12,656640,500x650,1.0,202.0,419.0,4095.0,0.00010153846153846155,HATP-10,2026-09-05T03:54:16.054-0700,61288.454,60.0,True
database\observations\2026-09-05\HATP-10\session_01\HATP-10260905105715.fits,science,HATP-10,2026-09-05,True,,c7a636040303c775dcae33f0d37a63a2b5c53a515b4a1fc20cfb34afb34512ca,656640,500x650,1.0,203.0,420.0,4095.0,0.00011384615384615384,HATP-10,2026-09-05T03:57:15.385-0700,61288.456,60.0,True
database\observations\2026-09-05\HATP-10\session_01\HATP-10260905110015.fits,science,HATP-10,2026-09-05,True,,079427420588afe598e8f20c4f5a244343d69b8e7d58997217c312ef56fab091,656640,500x650,1.0,203.0,421.0,4095.0,0.00010153846153846155,HATP-10,2026-09-05T04:00:15.720-0700,61288.459,60.0,True
database\observations\2026-09-05\HATP-10\session_01\HATP-10260905110315.fits,science,HATP-10,2026-09-05,True,,0d0d5843af0b6316f6abe5a673201da4deba35b058a40c2dfe0e657f382fd0e2,656640,500x650,1.0,204.0,421.0,4095.0,0.0001076923076923077,HATP-10,2026-09-05T04:03:15.256-0700,61288.461,60.0,True
database\observations\2026-09-05\HATP-10\session_01\HATP-10260905110616.fits,science,HATP-10,2026-09-05,True,,87e1c1510f18527450df61b71846123519d205fd01cd232b3452f10dbe0146f1,656640,500x650,1.0,204.0,419.0,4095.0,0.00010153846153846155,HATP-10,2026-09-05T04:06:16.688-0700,61288.463,60.0,True
database\observations\2026-09-05\HATP-10\session_01\HATP-10260905110916.fits,science,HATP-10,2026-09-05,True,,ed3f0ca22a14269ec016b292b6919986ee80c18fefb63d50219b19bc58a3def8,656640,500x650,1.0,205.0,419.0,4095.0,0.00010461538461538461,HATP-10,2026-09-05T04:09:16.116-0700,61288.465,60.0,True
database\observations\2026-09-05\HATP-10\session_01\HATP-10260905111215.fits,science,HATP-10,2026-09-05,True,,b01375efeb895f5a84b06a7decd18dc7a9dddc8e77cb067df12e9d7c6366bfad,656640,500x650,1.0,204.0,418.0,4095.0,0.0001076923076923077,HATP-10,2026-09-05T04:12:15.503-0700,61288.467,60.0,True
database\observations\2026-09-05\HATP-10\session_01\HATP-10260905111515.fits,science,HATP-10,2026-09-05,True,,1dd2e21484a3d93c4375dd2415b721034152f0e974d13c65b172ec059252a7e7,656640,500x650,1.0,204.0,427.0,4095.0,9.23076923076923e-05,HATP-10,2026-09-05T04:15:15.881-0700,61288.469,60.0,True
database\observations\2026-09-05\HATP-10\session_01\HATP-10260905111815.fits,science,HATP-10,2026-09-05,True,,b05ae7b7c47cee4ec32eb9cf038db37f27f80b9b87cb00f56dae7f02147a9964,656640,500x650,1.0,205.0,423.0,4095.0,9.846153846153846e-05,HATP-10,2026-09-05T04:18:15.251-0700,61288.471,60.0,True
database\observations\2026-09-05\HATP-10\session_01\HATP-10260905112115.fits,science,HATP-10,2026-09-05,True,,eef76ddeadcfb7617d3a01b318a74e6f9feb0f174f921e792d9ec0f607fd399a,656640,500x650,1.0,202.0,416.0,4095.0,9.846153846153846e-05,HATP-10,2026-09-05T04:21:15.616-0700,61288.473,60.0,True
database\observations\2026-09-05\HATP-10\session_01\HATP-10260905112415.fits,science,HATP-10,2026-09-05,True,,26eb9c01f3bade3a05146b70a139a13663f114840279a5db92d6423c79aa7e31,656640,500x650,1.0,204.0,424.0,4095.0,0.00010461538461538461,HATP-10,2026-09-05T04:24:16.001-0700,61288.475,60.0,True
database\observations\2026-09-05\HATP-10\session_01\HATP-10260905112716.fits,science,HATP-10,2026-09-05,True,,c948840e7159f8e51ce3fa03ca104b7ddb804e347aa47d2ddc48e3ba013dde5a,656640,500x650,1.0,205.0,453.0,4095.0,7.384615384615384e-05,HATP-10,2026-09-05T04:27:16.416-0700,61288.477,60.0,True
database\observations\2026-09-05\HATP-10\session_01\HATP-10260905113015.fits,science,HATP-10,2026-09-05,True,,6e1ef5294144f9252a0a3d204150c21447073e1fcb59e2868e5f05aaa60c9c9f,656640,500x650,1.0,203.0,418.0,4095.0,0.00011384615384615384,HATP-10,2026-09-05T04:30:15.787-0700,61288.479,60.0,True
database\observations\2026-09-05\HATP-10\session_01\HATP-10260905113316.fits,science,HATP-10,2026-09-05,True,,2d2a7baf5036ce0ac5a450d6ba68a8ddbb28cb6ef6c85bdf7b9fc42f0d2c4bc7,656640,500x650,1.0,203.0,416.0,4095.0,0.00011384615384615384,HATP-10,2026-09-05T04:33:16.169-0700,61288.481,60.0,True
database\observations\2026-09-05\HATP-10\session_01\HATP-10260905113615.fits,science,HATP-10,2026-09-05,True,,bcd70012fb40298a70ed68156a4921adbfac7164e6370a0fe603a91d3f223794,656640,500x650,1.0,204.0,419.0,4095.0,0.00011384615384615384,HATP-10,2026-09-05T04:36:15.523-0700,61288.484,60.0,True
database\observations\2026-09-05\HATP-10\session_01\HATP-10260905113916.fits,science,HATP-10,2026-09-05,True,,a6febb0b9152790b5f40f53a9e968a63e54e1bf4f2f8a43b5f96b750eeba6c55,656640,500x650,1.0,203.0,419.0,4095.0,0.00011692307692307692,HATP-10,2026-09-05T04:39:16.927-0700,61288.486,60.0,True
database\observations\2026-09-05\HATP-10\session_01\HATP-10260905114216.fits,science,HATP-10,2026-09-05,True,,c08b640cc676e326f7348c920ffe5c657bc3e44977069f05024ee91bae8e579a,656640,500x650,1.0,202.0,418.0,4095.0,0.00010461538461538461,HATP-10,2026-09-05T04:42:16.224-0700,61288.488,60.0,True
database\observations\2026-09-05\HATP-10\session_01\HATP-10260905114516.fits,science,HATP-10,2026-09-05,True,,58c5d515e9699e75b492fe0291f507a9d719f9128333efc65357be89e4e3ec30,656640,500x650,1.0,204.0,446.0,4095.0,7.384615384615384e-05,HATP-10,2026-09-05T04:45:16.572-0700,61288.49,60.0,True
database\observations\2026-09-05\HATP-10\session_01\HATP-10260905114815.fits,science,HATP-10,2026-09-05,True,,d5ee613936d6ca7a08e58054fab44f8462eef3de074b084fd581898aef277d31,656640,500x650,1.0,204.0,431.0,4095.0,9.23076923076923e-05,HATP-10,2026-09-05T04:48:15.956-0700,61288.492,60.0,True
database\observations\2026-09-05\HATP-10\session_01\HATP-10260905115115.fits,science,HATP-10,2026-09-05,True,,8f865b586837cc3a136352c04ef8e19412047da378fb56b659847b22be7e1dbc,656640,500x650,1.0,203.0,425.0,4095.0,0.00012923076923076923,HATP-10,2026-09-05T04:51:15.353-0700,61288.494,60.0,True
database\observations\2026-09-05\HATP-10\session_01\HATP-10260905115415.fits,science,HATP-10,2026-09-05,True,,7b9bfacd5b4b42dae02603385a373b4ef2f3affcd485ba13e5463a5ccf091d47,656640,500x650,1.0,202.0,419.0,4095.0,0.00013846153846153847,HATP-10,2026-09-05T04:54:15.686-0700,61288.496,60.0,True
database\observations\2026-09-05\HATP-10\session_01\HATP-10260905115715.fits,science,HATP-10,2026-09-05,True,,53d17abd6ccf887b6936bc667b66a6a14c5f738a7115540ebfb362c535289f51,656640,500x650,1.0,204.0,438.0,4095.0,0.00012,HATP-10,2026-09-05T04:57:15.981-0700,61288.498,60.0,True
database\observations\2026-09-05\HATP-10\session_01\HATP-10260905120015.fits,science,HATP-10,2026-09-05,True,,5be0322c763e1f5e2f3c4a6549571eb2c30d6796e017756d6d2b47e2da6781db,656640,500x650,1.0,202.0,435.0,4095.0,0.00011692307692307692,HATP-10,2026-09-05T05:00:15.235-0700,61288.5,60.0,True
database\observations\2026-09-05\HATP-10\session_01\HATP-10260905120315.fits,science,HATP-10,2026-09-05,True,,524d678ceb66acb704b0717bbb3a924d9c5a9edea242f5455edfea34c5b0cd65,656640,500x650,1.0,205.0,450.0,4095.0,0.0001076923076923077,HATP-10,2026-09-05T05:03:15.529-0700,61288.502,60.0,True
database\observations\2026-09-05\HATP-10\session_01\HATP-10260905120615.fits,science,HATP-10,2026-09-05,True,,f42120c5e2967cfcc29c603b199da662a6ebd5aa810e3b0d2c65c6e3cb89eea0,656640,500x650,1.0,204.0,469.0,4095.0,0.00012923076923076923,HATP-10,2026-09-05T05:06:15.972-0700,61288.504,60.0,True
database\observations\2026-09-05\HATP-10\session_01\HATP-10260905120915.fits,science,HATP-10,2026-09-05,True,,10f923fa2fe8487a67548a3b4d9c44b8424471ae794b3ecc56967e16a4930786,656640,500x650,1.0,207.0,499.0,4095.0,0.00012307692307692307,HATP-10,2026-09-05T05:09:15.358-0700,61288.506,60.0,True
database\observations\2026-09-05\HATP-10\session_01\HATP-10260905121518.fits,science,HATP-10,2026-09-05,True,,588e75c316fdcfbe3fb32915bd81caf12e8897b1e438fd32109a561263cdd586,656640,500x650,1.0,212.0,694.0,4095.0,0.00012307692307692307,HATP-10,2026-09-05T05:15:18.792-0700,61288.511,60.0,True
database\observations\2026-09-05\HATP-10\session_01\HATP-10260905122123.fits,science,HATP-10,2026-09-05,True,,d7d017f9778c9087e0a3ce8066fd6c7ebf708b83f21ce01acac7b7405b0f5f6c,656640,500x650,1.0,240.0,1387.0,4095.0,0.0001353846153846154,HATP-10,2026-09-05T05:21:23.244-0700,61288.515,60.0,True
database\calibration\2026-08-06\Dark-C-260806124514.fits,dark,Dark,2026-08-06,True,,1a5501ecb0b2ff5c598c4c914d61029c4b13ec0e67bb3ca92cc0500056a383ab,656640,500x650,1.0,199.0,362.0,2821.0,0.0,Dark-C-,2026-08-06T05:45:14.317-0700,61258.531,60.0,True
database\calibration\2026-08-06\Dark-C-260806125119.fits,dark,Dark,2026-08-06,True,,ab912072f25150edfb538842338d5e34f834814efda06e9d719dc25b11936e15,656640,500x650,1.0,200.0,361.0,2819.0,0.0,Dark-C-,2026-08-06T05:51:19.482-0700,61258.536,60.0,True
database\calibration\2026-08-07\Dark-C-260807123949.fits,dark,Dark,2026-08-07,True,,1edbc9c55a8b1f08a209792baa6262d4e7ec258e6b1fed5a0bdea09b217dc4ca,656640,500x650,1.0,202.0,373.0,3175.0,0.0,Dark-C-,2026-08-07T05:39:49.561-0700,61259.528,60.0,True
database\calibration\2026-08-07\Dark-C-260807124553.fits,dark,Dark,2026-08-07,True,,ea5956ae931c041096cd4cd3d0864a62c69fb9b6c79a9794625d69142a54591d,656640,500x650,1.0,203.0,372.0,3258.0,0.0,Dark-C-,2026-08-07T05:45:53.100-0700,61259.532,60.0,True
database\calibration\2026-08-08\Dark-C-260808123758.fits,dark,Dark,2026-08-08,True,,27799bf313d46d6a3c5e1f5648ef99ba95c1054ce74ca0f7fdf05ec8c8bfbb56,656640,500x650,1.0,201.0,369.0,2949.0,0.0,Dark-C-,2026-08-08T05:37:58.221-0700,61260.526,60.0,True
database\calibration\2026-08-08\Dark-C-260808124401.fits,dark,Dark,2026-08-08,True,,eca184d2635d0cb3b4c37fbc6788383d2f5503f22d9ad265275521c7ecee2dec,656640,500x650,1.0,201.0,368.0,2907.0,0.0,Dark-C-,2026-08-08T05:44:01.744-0700,61260.531,60.0,True
database\calibration\2026-08-09\Dark-C-260809052054.fits,dark,Dark,2026-08-09,True,,78e255f45c182d85824779ff8361080bfcd2e24c0327e301d3429202f0418b30,656640,500x650,1.0,202.0,376.0,3238.0,0.0,Dark-C-,2026-08-08T22:20:54.224-0700,61261.223,60.0,True
database\calibration\2026-08-09\Dark-C-260809052457.fits,dark,Dark,2026-08-09,True,,717c6b3b58d000d556ce05109e7417e8a448921b06b3737546ca8c712db5990e,656640,500x650,1.0,202.0,376.0,3263.0,0.0,Dark-C-,2026-08-08T22:24:57.132-0700,61261.226,60.0,True
database\calibration\2026-08-10\Dark-C-260810123529.fits,dark,Dark,2026-08-10,True,,e0e81d92af28c7a91be42fb8888d130b295548d25c2f3e01a9d94db8c3947901,656640,500x650,1.0,200.0,365.0,2640.0,0.0,Dark-C-,2026-08-10T05:35:29.930-0700,61262.525,60.0,True
database\calibration\2026-08-10\Dark-C-260810124133.fits,dark,Dark,2026-08-10,True,,7343994903633207f91f48a6e9beece6e211d6440fa122671496d92bfa8e0db6,656640,500x650,1.0,200.0,363.0,2608.0,0.0,Dark-C-,2026-08-10T05:41:33.207-0700,61262.529,60.0,True
database\calibration\2026-08-11\Dark-C-260811065634.fits,dark,Dark,2026-08-11,True,,918c66acd3a3e23276d6e356fda10fefe25ad84cca3ea5fe93991482ed2fdd7c,656640,500x650,1.0,200.0,370.0,2983.0,0.0,Dark-C-,2026-08-10T23:56:34.330-0700,61263.289,60.0,True
database\calibration\2026-08-11\Dark-C-260811070036.fits,dark,Dark,2026-08-11,True,,4e5c785ce7be890981ce3676a9d553d5f7c1da9d31f3ad280438d2f049d0b8e7,656640,500x650,1.0,201.0,370.0,2882.0,0.0,Dark-C-,2026-08-11T00:00:36.347-0700,61263.292,60.0,True
database\calibration\2026-08-12\Dark-C-260812132017.fits,dark,Dark,2026-08-12,True,,2e8cf955f40cae5549adb44a4cad2023d072b943ccebaf3873d3b15ee6f38e77,656640,500x650,1.0,200.0,367.0,2851.0,0.0,Dark-C-,2026-08-12T06:20:17.635-0700,61264.556,60.0,True
database\calibration\2026-08-12\Dark-C-260812132634.fits,dark,Dark,2026-08-12,True,,f0b63d1c0e182fcb78901d803b6d2bc22d15f48ea4f9afde9954e711f6715d10,656640,500x650,1.0,201.0,366.0,2904.0,0.0,Dark-C-,2026-08-12T06:26:34.986-0700,61264.56,60.0,True
database\calibration\2026-08-13\Dark-C-260813131225.fits,dark,Dark,2026-08-13,True,,b8dccbf2720571716d62d051b192ac51f82ca5fc5437ab0e9fcd343556a3d334,656640,500x650,1.0,201.0,364.0,2403.0,0.0,Dark-C-,2026-08-13T06:12:25.847-0700,61265.55,60.0,True
database\calibration\2026-08-13\Dark-C-260813131845.fits,dark,Dark,2026-08-13,True,,e4a9cd45122c210e790ed2f876e40d110d5f8f382060bfcb88feffe4634fe5dd,656640,500x650,1.0,201.0,363.0,2556.0,0.0,Dark-C-,2026-08-13T06:18:45.633-0700,61265.555,60.0,True
database\calibration\2026-08-14\Dark-C-260814041126.fits,dark,Dark,2026-08-14,True,,5c3866e8b26015fa8fb6258f2824c309a40f4ab780bccfb9d20ae1a05db73560,656640,500x650,1.0,201.0,369.0,2755.0,0.0,Dark-C-,2026-08-13T21:11:26.211-0700,61266.175,60.0,True
database\calibration\2026-08-14\Dark-C-260814041518.fits,dark,Dark,2026-08-14,True,,d7766fde0210c4aae087228f32eee624b44124428053b92a5cb42f6f24f02c0c,656640,500x650,1.0,201.0,369.0,2765.0,0.0,Dark-C-,2026-08-13T21:15:18.988-0700,61266.177,60.0,True
database\calibration\2026-08-15\Dark-C-260815125751.fits,dark,Dark,2026-08-15,True,,de10b290c4f14303d6076cf5f60fed3a14ed7095b5c90bd6b8a1c80c39d34d1a,656640,500x650,1.0,200.0,363.0,2539.0,0.0,Dark-C-,2026-08-15T05:57:51.164-0700,61267.54,60.0,True
database\calibration\2026-08-15\Dark-C-260815130350.fits,dark,Dark,2026-08-15,True,,9c78957e697bbcc0a41de0cf68fc5e89e5148b0b73bd503444562f6bf3005c97,656640,500x650,1.0,199.0,362.0,2637.0,0.0,Dark-C-,2026-08-15T06:03:50.550-0700,61267.544,60.0,True
database\calibration\2026-08-16\Dark-C-260816105136.fits,dark,Dark,2026-08-16,True,,6c90c13d7d5bd60d279bee95d1399d4f8ae41cf2a9a2d183438d1cb66709032e,656640,500x650,1.0,200.0,367.0,3233.0,0.0,Dark-C-,2026-08-16T03:51:36.514-0700,61268.453,60.0,True
database\calibration\2026-08-16\Dark-C-260816105416.fits,dark,Dark,2026-08-16,True,,d0d68e78f0219bc131695ff1efe1244fe4e10e16ae6cd48a0e493925079e41fe,656640,500x650,1.0,200.0,366.0,3198.0,0.0,Dark-C-,2026-08-16T03:54:16.145-0700,61268.454,60.0,True
database\calibration\2026-08-17\Dark-C-260817143529.fits,dark,Dark,2026-08-17,True,,5491de67e9bd79494411a186eec37184a25b5ef423ee046aa275e72e6e99ed02,656640,500x650,1.0,207.0,393.0,3415.0,0.0,Dark-C-,2026-08-17T07:35:29.740-0700,61269.608,60.0,True
database\calibration\2026-08-17\Dark-C-260817144151.fits,dark,Dark,2026-08-17,True,,1daa809db6e8907cb8224196bd9ef542c63e477d1d6da8348363766ed6223ce4,656640,500x650,1.0,208.0,396.0,3350.0,0.0,Dark-C-,2026-08-17T07:41:51.931-0700,61269.612,60.0,True
database\calibration\2026-08-18\Dark-C-260818123305.fits,dark,Dark,2026-08-18,True,,4ff254874ad6a5b7ac255ccf9bfb3b3383049324bc9a1702e086e052ac4d2e92,656640,500x650,1.0,202.0,375.0,3123.0,0.0,Dark-C-,2026-08-18T05:33:05.761-0700,61270.523,60.0,True
database\calibration\2026-08-18\Dark-C-260818123900.fits,dark,Dark,2026-08-18,True,,636d380136fafe6ff90750eb4c3c36018f235405f579b13b4afff49e334c209b,656640,500x650,1.0,201.0,374.0,3073.0,0.0,Dark-C-,2026-08-18T05:39:00.016-0700,61270.527,60.0,True
database\calibration\2026-08-19\Dark-C-260819131908.fits,dark,Dark,2026-08-19,True,,3940f26dafbc360c49649bf8ac78067b77374d603aac176b2b5b1d0135b011cc,656640,500x650,1.0,201.0,371.0,3025.0,0.0,Dark-C-,2026-08-19T06:19:08.506-0700,61271.555,60.0,True
database\calibration\2026-08-19\Dark-C-260819132516.fits,dark,Dark,2026-08-19,True,,4047d342490c3d8be3e5649640336059c07b377f6023040b3ecc656d1621cddd,656640,500x650,1.0,0.0,370.0,4095.0,2.7692307692307694e-05,Dark-C-,2026-08-19T06:25:17.001-0700,61271.559,60.0,True
database\calibration\2026-08-20\Dark-C-260820122815.fits,dark,Dark,2026-08-20,True,,4e264fb80274dc2da339ddecdf5fceba40e80920cfc809df55925e23a24352f8,656640,500x650,1.0,201.0,372.0,2840.0,0.0,Dark-C-,2026-08-20T05:28:15.897-0700,61272.52,60.0,True
database\calibration\2026-08-20\Dark-C-260820123412.fits,dark,Dark,2026-08-20,True,,d9d3b9be60a56759a66a332c0ab5d0597a6303abed3491f96f725d6de2094df0,656640,500x650,1.0,202.0,371.0,2888.0,0.0,Dark-C-,2026-08-20T05:34:12.250-0700,61272.524,60.0,True
database\calibration\2026-08-21\Dark-C-260821102439.fits,dark,Dark,2026-08-21,True,,2345db27a002c23581b7b26038b89ca0385aceb23f499dfeb8cf224cf5d9f1e7,656640,500x650,1.0,203.0,374.0,2823.0,0.0,Dark-C-,2026-08-21T03:24:39.206-0700,61273.434,60.0,True
database\calibration\2026-08-21\Dark-C-260821102716.fits,dark,Dark,2026-08-21,True,,d01966e2a0dfc5fc259eefaec0104aa72a45c6ef5a4117db8ce4a9334735e682,656640,500x650,1.0,202.0,373.0,2814.0,0.0,Dark-C-,2026-08-21T03:27:16.785-0700,61273.436,60.0,True
database\calibration\2026-08-22\Dark-C-260822130005.fits,dark,Dark,2026-08-22,True,,0c21859dca725944f50b9400084b0b1b29b749e54965b8b04860adf5ad1927cc,656640,500x650,1.0,201.0,369.0,3008.0,0.0,Dark-C-,2026-08-22T06:00:05.620-0700,61274.542,60.0,True
database\calibration\2026-08-22\Dark-C-260822130612.fits,dark,Dark,2026-08-22,True,,17daa997f78c6d58263d5ad4d3f44e0e2cb7f88a8aad9a3f0c7ed54e02480249,656640,500x650,1.0,201.0,368.0,3057.0,0.0,Dark-C-,2026-08-22T06:06:12.038-0700,61274.546,60.0,True
database\calibration\2026-08-23\Dark-C-260823133356.fits,dark,Dark,2026-08-23,True,,c2ce448c13e891597576d3cbd127556a06b92d3186bb35e8e1020a5338696899,656640,500x650,1.0,202.0,371.0,2789.0,0.0,Dark-C-,2026-08-23T06:33:56.267-0700,61275.565,60.0,True
database\calibration\2026-08-23\Dark-C-260823134010.fits,dark,Dark,2026-08-23,True,,cd6d9c2f30f70cdde5e29e53866d45748b84bc4892070ec6ffe5904da9f4ee39,656640,500x650,1.0,202.0,370.0,3120.0,0.0,Dark-C-,2026-08-23T06:40:10.819-0700,61275.57,60.0,True
database\calibration\2026-08-24\Dark-C-260824084249.fits,dark,Dark,2026-08-24,True,,7dcb505b1bcc3db996c903be1ac7ef4760a2fa10247650e3cccb396a660b2041,656640,500x650,1.0,202.0,372.0,2775.0,0.0,Dark-C-,2026-08-24T01:42:49.434-0700,61276.363,60.0,True
database\calibration\2026-08-24\Dark-C-260824084515.fits,dark,Dark,2026-08-24,True,,c18424cc0d8f73cab5f0ce0fa2078ceb59e4aa2df89bc54c59671e7571d813ec,656640,500x650,1.0,201.0,370.0,2844.0,0.0,Dark-C-,2026-08-24T01:45:15.842-0700,61276.365,60.0,True
database\calibration\2026-08-25\Dark-C-260825120049.fits,dark,Dark,2026-08-25,True,,6fd3541c61bf3520d743244d6bae90572cc48d2bb7f871d2976bef006a8c0dd0,656640,500x650,1.0,203.0,374.0,3263.0,0.0,Dark-C-,2026-08-25T05:00:49.462-0700,61277.501,60.0,True
database\calibration\2026-08-25\Dark-C-260825120641.fits,dark,Dark,2026-08-25,True,,68f4311a1348c9f796042fc16e1fed8800bd834a1b91e57fb6fe2b8dc84760ed,656640,500x650,1.0,202.0,373.0,3230.0,0.0,Dark-C-,2026-08-25T05:06:41.675-0700,61277.505,60.0,True
database\calibration\2026-08-26\Dark-C-260826130241.fits,dark,Dark,2026-08-26,True,,924430e030d506216b2718dd1fcf4e31aa8ebceabe4891729ce512cbfb73ec03,656640,500x650,1.0,201.0,368.0,2592.0,0.0,Dark-C-,2026-08-26T06:02:41.789-0700,61278.544,60.0,True
database\calibration\2026-08-26\Dark-C-260826130852.fits,dark,Dark,2026-08-26,True,,f1d8e94a260815bcc580f02556b6d64c45107a9d471374d4481c0c1c2e7af2e4,656640,500x650,1.0,200.0,367.0,2540.0,0.0,Dark-C-,2026-08-26T06:08:52.099-0700,61278.548,60.0,True
database\calibration\2026-08-27\Dark-C-260827114853.fits,dark,Dark,2026-08-27,True,,4be253c6cc1e8c6f36c332ef037a328b8aa2a79bf640ad1740f9b5b3b42cc9f0,656640,500x650,1.0,202.0,371.0,2898.0,0.0,Dark-C-,2026-08-27T04:48:53.307-0700,61279.492,60.0,True
database\calibration\2026-08-27\Dark-C-260827115115.fits,dark,Dark,2026-08-27,True,,330c26bd75483abbf5d26ce997eef36b08ba32b2c24e4016f24c8b64504f6f21,656640,500x650,1.0,202.0,370.0,2875.0,0.0,Dark-C-,2026-08-27T04:51:15.819-0700,61279.494,60.0,True
database\calibration\2026-08-28\Dark-C-260828122643.fits,dark,Dark,2026-08-28,True,,1b160ed65c0eb214eb014397d08c22a9965b40ea01d9e2c9b3755a8fcaf6354d,656640,500x650,1.0,203.0,376.0,3228.0,0.0,Dark-C-,2026-08-28T05:26:43.025-0700,61280.519,60.0,True
database\calibration\2026-08-28\Dark-C-260828123245.fits,dark,Dark,2026-08-28,True,,af6375aaf2c6504ba2a72add028e102d68467fd6c2cbbbaff2be625638f86897,656640,500x650,1.0,203.0,375.0,3236.0,0.0,Dark-C-,2026-08-28T05:32:45.416-0700,61280.523,60.0,True
database\calibration\2026-08-29\Dark-C-260829130648.fits,dark,Dark,2026-08-29,True,,754851d19e1a9e84a87b8fd8087c174c77501d8f0d7dca6497a69e54e0007225,656640,500x650,1.0,203.0,376.0,3076.0,0.0,Dark-C-,2026-08-29T06:06:48.353-0700,61281.546,60.0,True
database\calibration\2026-08-29\Dark-C-260829131251.fits,dark,Dark,2026-08-29,True,,93ccd6595c62a1025e482f7b67df6b9432fdcadce82e67f8287f794aebe02e77,656640,500x650,1.0,203.0,375.0,3139.0,0.0,Dark-C-,2026-08-29T06:12:51.536-0700,61281.551,60.0,True
database\calibration\2026-08-30\Dark-C-260830105947.fits,dark,Dark,2026-08-30,True,,55162ca45b6d68fb77aa89c23ecb095b9b292b7b0aa0842cf40b24f1f29fb677,656640,500x650,1.0,202.0,374.0,3249.0,0.0,Dark-C-,2026-08-30T03:59:47.047-0700,61282.458,60.0,True
database\calibration\2026-08-30\Dark-C-260830110132.fits,dark,Dark,2026-08-30,True,,aa6cf2d0da9f313d7601179acd8ce0542d419cfcdaee3aa753767d942f790bbe,656640,500x650,1.0,202.0,371.0,3202.0,0.0,Dark-C-,2026-08-30T04:01:32.314-0700,61282.459,60.0,True
database\calibration\2026-08-31\Dark-C-260831071252.fits,dark,Dark,2026-08-31,True,,9d1242805d59023df7b53d7756fec196e33f4a77116e8e63d9ff2f42528a58fa,656640,500x650,1.0,202.0,371.0,2921.0,0.0,Dark-C-,2026-08-31T00:12:52.968-0700,61283.301,60.0,True
database\calibration\2026-08-31\Dark-C-260831071515.fits,dark,Dark,2026-08-31,True,,cb9c7169141de306cc762c68921270471a3a5d06aae4c242941f8d195b21bc70,656640,500x650,1.0,202.0,370.0,3261.0,0.0,Dark-C-,2026-08-31T00:15:15.460-0700,61283.302,60.0,True
database\calibration\2026-09-01\Dark-C-260901125558.fits,dark,Dark,2026-09-01,True,,ecb38b1e0cb933e00c5dc0b4720d6c0b599a17030a98e1a026f791f4b2312d3b,656640,500x650,1.0,200.0,361.0,2548.0,0.0,Dark-C-,2026-09-01T05:55:58.446-0700,61284.539,60.0,True
database\calibration\2026-09-01\Dark-C-260901130158.fits,dark,Dark,2026-09-01,True,,44c6998c809288181c4522c6f0e954b5b25877be143a435b6a2972fc3470455a,656640,500x650,1.0,200.0,359.0,2512.0,0.0,Dark-C-,2026-09-01T06:01:58.670-0700,61284.543,60.0,True
database\calibration\2026-09-02\Dark-C-260902122959.fits,dark,Dark,2026-09-02,True,,68d0855d25ad8b79b45c89b35eb24e3921e0a08960ed3174e1846ab96b7ebe78,656640,500x650,1.0,201.0,367.0,2695.0,0.0,Dark-C-,2026-09-02T05:29:59.635-0700,61285.521,60.0,True
database\calibration\2026-09-02\Dark-C-260902123555.fits,dark,Dark,2026-09-02,True,,96067a38c13f5fd2cd076014e6d7c3c8deb877f2e0117f54c91cd19f6baa3a80,656640,500x650,1.0,200.0,366.0,3133.0,0.0,Dark-C-,2026-09-02T05:35:55.839-0700,61285.525,60.0,True
database\calibration\2026-09-03\Dark-C-260903101018.fits,dark,Dark,2026-09-03,True,,1970293727e3e6c55d529eecd98d089192d077e053851f691caa4b374b6dd82c,656640,500x650,1.0,202.0,370.0,3027.0,0.0,Dark-C-,2026-09-03T03:10:18.709-0700,61286.424,60.0,True
database\calibration\2026-09-03\Dark-C-260903101215.fits,dark,Dark,2026-09-03,True,,ff169623ce76d3e5ad22b61411716de14d2bccfc7c1b08b24095149abc193a01,656640,500x650,1.0,201.0,369.0,3179.0,0.0,Dark-C-,2026-09-03T03:12:15.974-0700,61286.425,60.0,True
database\calibration\2026-09-05\Dark-C-260905122732.fits,dark,Dark,2026-09-05,True,,5b4e5126a624b66da14bd0a3ba92a2a4cfcd2ca11cf89c44e454ed9f765857ec,656640,500x650,1.0,201.0,365.0,2827.0,0.0,Dark-C-,2026-09-05T05:27:32.804-0700,61288.519,60.0,True
database\calibration\2026-09-05\Dark-C-260905123330.fits,dark,Dark,2026-09-05,True,,09771ef676a6d04a2d81f56635898d24c94b3bb67511d8396670d1364a95c93b,656640,500x650,1.0,200.0,364.0,2804.0,0.0,Dark-C-,2026-09-05T05:33:30.158-0700,61288.523,60.0,True
